"Project ID","Compliance Program ID (ARB or Ecology)","Project Developer","Project Name","Project Type","Project Methodology/Protocol","Initial Crediting Period Start Date","Current Crediting Period Start Date","Current Crediting Period End Date","Voluntary Status","Compliance Program Status (ARB or Ecology)","Project Status Date","Project Site Location","Project Site State","Project Site Country","Sustainable Development Goal(s)","Current VVB","ACR Project Validation","Total Number of Credits Registered ","Documents","Project Website",
"ACR586","N/A","The Climate Trust","18 Reserves Forest Carbon Project","Forest Carbon","Improved Forest Management (IFM) on Non-Federal U.S. Forestlands","01/15/2020","01/15/2020","01/14/2040","Registered","Not ARB or Ecology Eligible","01/21/2022","Near Cleveland","OHIO","US","03: Good Health and Well-Being;06: Clean Water and Sanitation;09: Industry, Innovation and Infrastructure;13: Climate Action;15: Life on Land","SCS Global Services (Scientific Certification Systems)","Aster Global Environmental Solutions","550369","View","",
"ACR206","CAOD5052","EOS Climate Inc","2014-P4","Ozone Depleting Substances","ARB Compliance Offset Protocol: Destruction of U.S. Ozone Depleting Substances Banks","04/14/2014","04/14/2014","04/13/2024","N/A","ARB Completed","01/27/2020","El Dorado","ARKANSAS","US","09: Industry, Innovation and Infrastructure;12: Responsible Consumption and Production;13: Climate Action","NSF International Strategic Registrations (NSF-ISR)","N/A","71825","View","www.eosclimate.com",
"ACR203","","EOS Climate Inc","2014-P5","Ozone Depleting Substances","ARB Compliance Offset Protocol: Destruction of U.S. Ozone Depleting Substances Banks","03/02/2014","03/02/2014","03/01/2024","N/A","ARB Inactive","01/27/2020","El Dorado","ARKANSAS","US","09: Industry, Innovation and Infrastructure;12: Responsible Consumption and Production;13: Climate Action","","N/A","","View","www.eosclimate.com",
"ACR521","CAOD5521","A-Gas US Inc.","A-Gas 1-2020","Ozone Depleting Substances","ARB Compliance Offset Protocol: Destruction of U.S. Ozone Depleting Substances Banks","10/09/2019","10/09/2019","10/08/2029","N/A","ARB Completed","01/05/2024","Bowling Green","OHIO","US","09: Industry, Innovation and Infrastructure;12: Responsible Consumption and Production;13: Climate Action","TÜV SÜD America, Inc.","N/A","62007","View","www.agasamericas.com",
"ACR1042","CAOD1042","A-Gas US Inc.","A-Gas 1-2024","Ozone Depleting Substances","ARB Compliance Offset Protocol: Destruction of U.S. Ozone Depleting Substances Banks","03/20/2024","03/20/2024","03/19/2034","N/A","ARB Completed","12/15/2025","Bowling Green","OHIO","US","09: Industry, Innovation and Infrastructure;12: Responsible Consumption and Production;13: Climate Action","Dillon Consulting Limited","N/A","92278","View","https://www.agas.com/",
"ACR1185","ECYOD1185","A-Gas US Inc.","A-Gas 1-2025","Ozone Depleting Substances","ECY Compliance Offset Protocol: Ozone Depleting Substances Projects","12/09/2024","12/09/2024","12/08/2034","N/A","Listed - Active Ecology Project","06/20/2025","Bowling Green","OHIO","US","09: Industry, Innovation and Infrastructure;12: Responsible Consumption and Production;13: Climate Action","SES, Inc.","","85847","View","www.agas.com",
"ACR522","CAOD5522","A-Gas US Inc.","A-Gas 2-2020","Ozone Depleting Substances","ARB Compliance Offset Protocol: Destruction of U.S. Ozone Depleting Substances Banks","12/11/2019","12/11/2019","12/10/2029","N/A","ARB Completed","01/05/2024","Bowling Green","OHIO","US","09: Industry, Innovation and Infrastructure;12: Responsible Consumption and Production;13: Climate Action","TÜV SÜD America, Inc.","N/A","94565","View","www.agasamericas.com",
"ACR902","ECYOD902","A-Gas US Inc.","A-Gas 2-2023","Ozone Depleting Substances","ECY Compliance Offset Protocol: Ozone Depleting Substances Projects","02/07/2023","02/07/2023","02/06/2033","N/A","Ecology Completed","06/07/2024","Bowling Green","OHIO","US","09: Industry, Innovation and Infrastructure;12: Responsible Consumption and Production;13: Climate Action","TÜV SÜD America, Inc.","","109180","View","www.agasamericas.com",
"ACR1113","ECYOD1113","A-Gas US Inc.","A-Gas 2-2024","Ozone Depleting Substances","ECY Compliance Offset Protocol: Ozone Depleting Substances Projects","08/13/2024","08/13/2024","08/12/2034","N/A","Ecology Completed","04/23/2026","Bowling Green","OHIO","US","09: Industry, Innovation and Infrastructure;12: Responsible Consumption and Production;13: Climate Action","Dillon Consulting Limited","","85269","View","www.agasamericas.com",
"ACR443","CAOD5443","A-Gas US Inc.","A-Gas 2019-3","Ozone Depleting Substances","ARB Compliance Offset Protocol: Destruction of U.S. Ozone Depleting Substances Banks","11/27/2018","11/27/2018","11/26/2028","N/A","ARB Completed","01/05/2024","Wood County, Bowling Green, Ohio","OHIO","US","09: Industry, Innovation and Infrastructure;12: Responsible Consumption and Production;13: Climate Action","SES, Inc.","N/A","114871","View","www.agasamericas.com",
"ACR444","CAOD5444","A-Gas US Inc.","A-Gas 2019-4","Ozone Depleting Substances","ARB Compliance Offset Protocol: Destruction of U.S. Ozone Depleting Substances Banks","02/15/2019","02/15/2019","02/14/2029","N/A","ARB Completed","01/05/2024","Bowling Green","OHIO","US","09: Industry, Innovation and Infrastructure;12: Responsible Consumption and Production;13: Climate Action","SES, Inc.","N/A","88307","View","www.agasamericas.com",
"ACR473","CAOD5473","A-Gas US Inc.","A-Gas 2019-5","Ozone Depleting Substances","ARB Compliance Offset Protocol: Destruction of U.S. Ozone Depleting Substances Banks","03/27/2019","03/27/2019","03/26/2029","N/A","ARB Completed","01/05/2024","Bowling Green","OHIO","US","09: Industry, Innovation and Infrastructure;12: Responsible Consumption and Production;13: Climate Action","GHD Limited","N/A","125403","View","",
"ACR474","CAOD5474","A-Gas US Inc.","A-Gas 2019-6","Ozone Depleting Substances","ARB Compliance Offset Protocol: Destruction of U.S. Ozone Depleting Substances Banks","05/29/2019","05/29/2019","05/28/2029","N/A","ARB Completed","01/05/2024","Bowling Green","OHIO","US","09: Industry, Innovation and Infrastructure;12: Responsible Consumption and Production;13: Climate Action","GHD Limited","N/A","149835","View","",
"ACR475","CAOD5475","A-Gas US Inc.","A-Gas 2019-7","Ozone Depleting Substances","ARB Compliance Offset Protocol: Destruction of U.S. Ozone Depleting Substances Banks","05/17/2019","05/17/2019","05/16/2029","N/A","ARB Completed","01/05/2024","Bowling Green","OHIO","US","09: Industry, Innovation and Infrastructure;12: Responsible Consumption and Production;13: Climate Action","GHD Limited","N/A","91017","View","",
"ACR497","CAOD5497","A-Gas US Inc.","A-Gas 2019-8","Ozone Depleting Substances","ARB Compliance Offset Protocol: Destruction of U.S. Ozone Depleting Substances Banks","08/15/2019","08/15/2019","08/14/2029","N/A","ARB Completed","01/05/2024","Bowling Green","OHIO","US","09: Industry, Innovation and Infrastructure;12: Responsible Consumption and Production;13: Climate Action","GHD Limited","N/A","42038","View","www.agasamericas.com",
"ACR503","CAOD5503","A-Gas US Inc.","A-Gas 2019-9","Ozone Depleting Substances","ARB Compliance Offset Protocol: Destruction of U.S. Ozone Depleting Substances Banks","09/15/2019","09/15/2019","09/14/2029","N/A","ARB Completed","01/05/2024","Bowling Green","OHIO","US","09: Industry, Innovation and Infrastructure;12: Responsible Consumption and Production;13: Climate Action","GHD Limited","N/A","136444","View","www.agasamericas.com",
"ACR496","CAOD5496","A-Gas US Inc.","A-Gas 2019-Misc","Ozone Depleting Substances","ARB Compliance Offset Protocol: Destruction of U.S. Ozone Depleting Substances Banks","08/16/2019","08/16/2019","08/15/2029","N/A","ARB Completed","01/05/2024","Bowling Green","OHIO","US","09: Industry, Innovation and Infrastructure;12: Responsible Consumption and Production;13: Climate Action","GHD Limited","N/A","51610","View","www.agasamericas.com",
"ACR533","CAOD5533","A-Gas US Inc.","A-Gas 3-2020","Ozone Depleting Substances","ARB Compliance Offset Protocol: Destruction of U.S. Ozone Depleting Substances Banks","03/11/2020","03/11/2020","03/10/2030","N/A","ARB Completed","01/05/2024","Bowling Green","OHIO","US","09: Industry, Innovation and Infrastructure;12: Responsible Consumption and Production;13: Climate Action","TÜV SÜD America, Inc.","N/A","81042","View","www.agasamericas.com",
"ACR961","ECYOD961","A-Gas US Inc.","A-Gas 3-2023","Ozone Depleting Substances","ECY Compliance Offset Protocol: Ozone Depleting Substances Projects","09/26/2023","09/26/2023","09/25/2033","N/A","Ecology Inactive","08/02/2025","Bowling Green","OHIO","US","09: Industry, Innovation and Infrastructure;12: Responsible Consumption and Production;13: Climate Action","","","","View","www.agasamericas.com",
"ACR1007","CAOD1007","A-Gas US Inc.","A-Gas 3-2023B","Ozone Depleting Substances","ARB Compliance Offset Protocol: Destruction of U.S. Ozone Depleting Substances Banks","09/26/2023","09/26/2023","09/25/2033","N/A","ARB Completed","04/08/2025","Bowling Green","OHIO","US","09: Industry, Innovation and Infrastructure;12: Responsible Consumption and Production;13: Climate Action","Dillon Consulting Limited","N/A","79565","View","www.agasamericas.com",
"ACR740","N/A","A-Gas US Inc.","A-Gas International 1","Ozone Depleting Substances","Destruction of Ozone Depleting Substances (ODS) from International Sources","12/08/2025","12/08/2025","12/07/2035","Listed","Not ARB or Ecology Eligible","12/03/2025","28 Keramiek St. Clayville, Olifantsfontein, 1666","Clayville, Olifantsfontein","ZA","03: Good Health and Well-Being;06: Clean Water and Sanitation;12: Responsible Consumption and Production;13: Climate Action;14: Life Below Water;15: Life on Land","TÜV SÜD America, Inc.","","","View","",
"ACR1149","N/A","A-Gas US Inc.","A-Gas Israel 1","Ozone Depleting Substances","Destruction of Ozone Depleting Substances (ODS) from International Sources","04/29/2025","04/29/2025","04/28/2035","Completed","Not ARB or Ecology Eligible","11/24/2025","Bowling Green","OHIO","US","03: Good Health and Well-Being;06: Clean Water and Sanitation;12: Responsible Consumption and Production;13: Climate Action;14: Life Below Water;15: Life on Land","TÜV SÜD America, Inc.","TÜV SÜD America, Inc.","82618","View","",
"ACR849","N/A","A-Gas US Inc.","A-Gas ODS-VER1","Ozone Depleting Substances","Destruction of Ozone Depleting Substances (ODS) and High-Global Warming Potential (GWP) Foam","02/27/2023","02/27/2023","04/17/2023","Completed","Not ARB or Ecology Eligible","07/06/2023","1100 Haskins Rd Bowling Green, OH 43402","OHIO","US","03: Good Health and Well-Being;06: Clean Water and Sanitation;09: Industry, Innovation and Infrastructure;12: Responsible Consumption and Production;13: Climate Action;14: Life Below Water;15: Life on Land","First Environment, Inc.","First Environment, Inc.","15943","View","",
"ACR933","N/A","A-Gas US Inc.","A-Gas ODS-VER2","Ozone Depleting Substances","Destruction of Ozone Depleting Substances (ODS) and High-Global Warming Potential (GWP) Foam","07/05/2023","07/05/2023","10/17/2023","Completed","Not ARB or Ecology Eligible","02/01/2024","Bowling Green","OHIO","US","03: Good Health and Well-Being;06: Clean Water and Sanitation;09: Industry, Innovation and Infrastructure;12: Responsible Consumption and Production;13: Climate Action;14: Life Below Water;15: Life on Land","First Environment, Inc.","First Environment, Inc.","21498","View","www.agasamericas.com",
"ACR1045","N/A","A-Gas US Inc.","A-Gas ODS-VER3","Ozone Depleting Substances","Destruction of Ozone Depleting Substances (ODS) and High-Global Warming Potential (GWP) Foam","12/04/2023","12/04/2023","08/05/2024","Completed","Not ARB or Ecology Eligible","11/27/2024","Bowling Green","OHIO","US","03: Good Health and Well-Being;06: Clean Water and Sanitation;09: Industry, Innovation and Infrastructure;12: Responsible Consumption and Production;13: Climate Action;14: Life Below Water;15: Life on Land","First Environment, Inc.","First Environment, Inc.","25510","View","https://www.agas.com/us/",
"ACR1116","N/A","A-Gas US Inc.","A-Gas ODS-VER4","Ozone Depleting Substances","Destruction of Ozone Depleting Substances (ODS) and High-Global Warming Potential (GWP) Foam","09/04/2024","09/04/2024","11/17/2024","Completed","Not ARB or Ecology Eligible","04/03/2025","Bowling Green","OHIO","US","03: Good Health and Well-Being;06: Clean Water and Sanitation;09: Industry, Innovation and Infrastructure;12: Responsible Consumption and Production;13: Climate Action;14: Life Below Water;15: Life on Land","First Environment, Inc.","First Environment, Inc.","37975","View","https://www.agas.com/us/",
"ACR1172","N/A","A-Gas US Inc.","A-Gas ODS-VER5","Ozone Depleting Substances","Destruction of Ozone Depleting Substances (ODS) and High-Global Warming Potential (GWP) Foam","12/16/2024","12/16/2024","03/14/2025","Completed","Not ARB or Ecology Eligible","10/08/2025","Bowling Green","OHIO","US","03: Good Health and Well-Being;06: Clean Water and Sanitation;12: Responsible Consumption and Production;13: Climate Action;14: Life Below Water;15: Life on Land","First Environment, Inc.","First Environment, Inc.","48686","View","www.agasamericas.com",
"ACR1150","N/A","A-Gas Singapore Pte Ltd","A-Gas Singapore 1","Ozone Depleting Substances","Destruction of Ozone Depleting Substances (ODS) from International Sources","06/30/2025","06/30/2025","06/29/2035","Completed","Not ARB or Ecology Eligible","11/22/2025","Saint Vulbas","Auvergne-Rhone-Alps","FR","03: Good Health and Well-Being;06: Clean Water and Sanitation;12: Responsible Consumption and Production;13: Climate Action;14: Life Below Water;15: Life on Land","TÜV SÜD America, Inc.","TÜV SÜD America, Inc.","33705","View","",
"ACR823","N/A","A-Gas US Inc.","A-Gas South Korea 1","Ozone Depleting Substances","Destruction of Ozone Depleting Substances (ODS) from International Sources","11/01/2022","11/01/2022","10/31/2032","Completed","Not ARB or Ecology Eligible","07/13/2023","Bowling Green","OHIO","US","03: Good Health and Well-Being;06: Clean Water and Sanitation;09: Industry, Innovation and Infrastructure;11: Sustainable Cities and Communities;12: Responsible Consumption and Production;13: Climate Action;14: Life Below Water;15: Life on Land","TÜV SÜD America, Inc.","TÜV SÜD America, Inc.","88945","View","https://www.agas.com/",
"ACR882","N/A","A-Gas US Inc.","A-Gas South Korea 2","Ozone Depleting Substances","Destruction of Ozone Depleting Substances (ODS) from International Sources","05/11/2023","05/11/2023","05/10/2033","Completed","Not ARB or Ecology Eligible","02/02/2024","Bowling Green","OHIO","US","03: Good Health and Well-Being;06: Clean Water and Sanitation;09: Industry, Innovation and Infrastructure;12: Responsible Consumption and Production;13: Climate Action;14: Life Below Water;15: Life on Land","TÜV SÜD America, Inc.","TÜV SÜD America, Inc.","74831","View","https://www.agas.com/",
"ACR979","N/A","A-Gas US Inc.","A-Gas South Korea 3","Ozone Depleting Substances","Destruction of Ozone Depleting Substances (ODS) from International Sources","02/02/2024","02/02/2024","02/01/2034","Completed","Not ARB or Ecology Eligible","08/23/2024","Bowling Green","OHIO","US","03: Good Health and Well-Being;06: Clean Water and Sanitation;09: Industry, Innovation and Infrastructure;12: Responsible Consumption and Production;13: Climate Action;14: Life Below Water;15: Life on Land","TÜV SÜD America, Inc.","TÜV SÜD America, Inc.","74143","View","www.agas.com",
"ACR1039","N/A","A-Gas US Inc.","A-Gas South Korea 4","Ozone Depleting Substances","Destruction of Ozone Depleting Substances (ODS) from International Sources","05/13/2024","05/13/2024","05/12/2034","Completed","Not ARB or Ecology Eligible","11/21/2024","Bowling Green","OHIO","US","03: Good Health and Well-Being;06: Clean Water and Sanitation;09: Industry, Innovation and Infrastructure;12: Responsible Consumption and Production;13: Climate Action;14: Life Below Water;15: Life on Land","TÜV SÜD America, Inc.","TÜV SÜD America, Inc.","46631","View","www.agas.com",
"ACR1148","N/A","A-Gas US Inc.","A-Gas South Korea 5","Ozone Depleting Substances","Destruction of Ozone Depleting Substances (ODS) from International Sources","04/10/2025","04/10/2025","04/09/2035","Completed","Not ARB or Ecology Eligible","09/23/2025","Bowling Green","OHIO","US","03: Good Health and Well-Being;06: Clean Water and Sanitation;12: Responsible Consumption and Production;13: Climate Action;14: Life Below Water;15: Life on Land","TÜV SÜD America, Inc.","TÜV SÜD America, Inc.","38309","View","",
"ACR1196","N/A","A-Gas US Inc.","A-Gas South Korea 6","Ozone Depleting Substances","Destruction of Ozone Depleting Substances (ODS) from International Sources","07/15/2025","07/15/2025","07/14/2035","Completed","Not ARB or Ecology Eligible","12/20/2025","Bowling Green","OHIO","US","03: Good Health and Well-Being;06: Clean Water and Sanitation;12: Responsible Consumption and Production;13: Climate Action;14: Life Below Water;15: Life on Land","First Environment, Inc.","First Environment, Inc.","35413","View","www.agas.com",
"ACR1216","N/A","A-Gas US Inc.","A-Gas South Korea 7","Ozone Depleting Substances","Destruction of Ozone Depleting Substances (ODS) from International Sources","09/11/2025","09/11/2025","09/10/2035","Completed","Not ARB or Ecology Eligible","04/11/2026","Bowling Green","OHIO","US","03: Good Health and Well-Being;06: Clean Water and Sanitation;12: Responsible Consumption and Production;13: Climate Action;14: Life Below Water;15: Life on Land","First Environment, Inc.","First Environment, Inc.","30791","View","www.agasamericas.com",
"ACR1224","N/A","A-Gas US Inc.","A-Gas South Korea 8","Ozone Depleting Substances","Destruction of Ozone Depleting Substances (ODS) from International Sources","10/21/2025","10/21/2025","10/20/2035","Completed","Not ARB or Ecology Eligible","04/11/2026","Bowling Green","OHIO","US","03: Good Health and Well-Being;06: Clean Water and Sanitation;12: Responsible Consumption and Production;13: Climate Action;14: Life Below Water;15: Life on Land","First Environment, Inc.","First Environment, Inc.","27431","View","www.agasamericas.com",
"ACR1226","N/A","A-Gas US Inc.","A-Gas Taiwan 1","Ozone Depleting Substances","Destruction of Ozone Depleting Substances (ODS) from International Sources","12/22/2025","12/22/2025","12/21/2035","Listed","Not ARB or Ecology Eligible","12/26/2025","Bowling Green","OHIO","US","03: Good Health and Well-Being;06: Clean Water and Sanitation;12: Responsible Consumption and Production;13: Climate Action;14: Life Below Water;15: Life on Land","","","","View","",
"ACR573","N/A","A-Gas US Inc.","A-Gas V1","Industrial Process Emissions","Certified Reclaimed HFC Refrigerants, Propellants, and Fire Suppressants","12/11/2018","12/11/2018","12/10/2028","Completed","Not ARB or Ecology Eligible","07/26/2022","Wood County, Bowling Green, Ohio","OHIO","US","03: Good Health and Well-Being;09: Industry, Innovation and Infrastructure;12: Responsible Consumption and Production;13: Climate Action","TÜV SÜD America, Inc.","","83702","View","www.agasamericas.com",
"ACR775","N/A","A-Gas US Inc.","A-Gas V10","Industrial Process Emissions","Certified Reclaimed HFC Refrigerants, Propellants, and Fire Suppressants","01/07/2021","01/07/2021","01/06/2061","Completed","Not ARB or Ecology Eligible","02/23/2023","Bowling Green","OHIO","US","03: Good Health and Well-Being;09: Industry, Innovation and Infrastructure;12: Responsible Consumption and Production;13: Climate Action","First Environment, Inc.","First Environment, Inc.","343908","View","",
"ACR827","N/A","A-Gas US Inc.","A-Gas V11","Industrial Process Emissions","Certified Reclaimed HFC Refrigerants, Propellants, and Fire Suppressants","01/10/2022","01/10/2022","01/09/2062","Completed","Not ARB or Ecology Eligible","09/05/2023","Bowling Green","OHIO","US","03: Good Health and Well-Being;09: Industry, Innovation and Infrastructure;12: Responsible Consumption and Production;13: Climate Action","First Environment, Inc.","First Environment, Inc.","937572","View","https://www.agas.com/",
"ACR869","N/A","A-Gas US Inc.","A-Gas V12","Industrial Process Emissions","Certified Reclaimed HFC Refrigerants, Propellants, and Fire Suppressants","01/07/2022","01/07/2022","01/06/2037","Completed","Not ARB or Ecology Eligible","11/21/2023","Rhome","TEXAS","US","03: Good Health and Well-Being;09: Industry, Innovation and Infrastructure;12: Responsible Consumption and Production;13: Climate Action","SES, Inc.","SES, Inc.","1855393","View","",
"ACR935","N/A","A-Gas US Inc.","A-Gas V13","Industrial Process Emissions","Certified Reclaimed HFC Refrigerants, Propellants, and Fire Suppressants","01/03/2023","01/03/2023","01/02/2063","Completed","Not ARB or Ecology Eligible","04/11/2024","Bowling Green","OHIO; TEXAS","US","03: Good Health and Well-Being;09: Industry, Innovation and Infrastructure;12: Responsible Consumption and Production;13: Climate Action","SES, Inc.","SES, Inc.","867204","View","",
"ACR905","N/A","A-Gas US Inc.","A-Gas V14","Industrial Process Emissions","Certified Reclaimed HFC Refrigerants, Propellants, and Fire Suppressants","01/06/2023","01/06/2023","01/05/2038","Completed","Not ARB or Ecology Eligible","12/27/2023","Rhome","TEXAS","US","03: Good Health and Well-Being;09: Industry, Innovation and Infrastructure;12: Responsible Consumption and Production;13: Climate Action","TÜV SÜD America, Inc.","TÜV SÜD America, Inc.","2220554","View","",
"ACR1021","N/A","A-Gas US Inc.","A-Gas V15","Industrial Process Emissions","Certified Reclaimed HFC Refrigerants, Propellants, and Fire Suppressants","10/04/2023","10/04/2023","10/03/2063","Completed","Not ARB or Ecology Eligible","09/11/2024","Bowling Green","OHIO; TEXAS","US","03: Good Health and Well-Being;09: Industry, Innovation and Infrastructure;12: Responsible Consumption and Production;13: Climate Action","SES, Inc.","SES, Inc.","454639","View","",
"ACR973","N/A","A-Gas US Inc.","A-Gas V16","Industrial Process Emissions","Certified Reclaimed HFC Refrigerants, Propellants, and Fire Suppressants","07/03/2023","07/03/2023","07/02/2038","Completed","Not ARB or Ecology Eligible","05/28/2024","Rhome","TEXAS","US","03: Good Health and Well-Being;09: Industry, Innovation and Infrastructure;12: Responsible Consumption and Production;13: Climate Action","TÜV SÜD America, Inc.","TÜV SÜD America, Inc.","1538940","View","",
"ACR1102","N/A","A-Gas US Inc.","A-Gas V17","Industrial Process Emissions","Certified Reclaimed HFC Refrigerants, Propellants, and Fire Suppressants","04/03/2024","04/03/2024","04/02/2064","Completed","Not ARB or Ecology Eligible","05/15/2025","Bowling Green","OHIO","US","03: Good Health and Well-Being;09: Industry, Innovation and Infrastructure;12: Responsible Consumption and Production;13: Climate Action","SES, Inc.","SES, Inc.","518943","View","",
"ACR1066","N/A","A-Gas US Inc.","A-Gas V18","Industrial Process Emissions","Certified Reclaimed HFC Refrigerants, Propellants, and Fire Suppressants","01/08/2024","01/08/2024","01/07/2039","Completed","Not ARB or Ecology Eligible","05/15/2025","Rhome","TEXAS","US","03: Good Health and Well-Being;09: Industry, Innovation and Infrastructure;12: Responsible Consumption and Production;13: Climate Action","TÜV SÜD America, Inc.","TÜV SÜD America, Inc.","1785534","View","",
"ACR1169","N/A","A-Gas US Inc.","A-Gas V19","Industrial Process Emissions","Certified Reclaimed HFC Refrigerants, Propellants, and Fire Suppressants","10/03/2024","10/03/2024","10/02/2064","Completed","Not ARB or Ecology Eligible","11/12/2025","Bowling Green","OHIO; TEXAS","US","09: Industry, Innovation and Infrastructure;12: Responsible Consumption and Production;13: Climate Action","SES, Inc.","SES, Inc.","284077","View","www.agasamericas.com",
"ACR583","N/A","A-Gas US Inc.","A-Gas V2","Industrial Process Emissions","Certified Reclaimed HFC Refrigerants, Propellants, and Fire Suppressants","12/05/2019","12/05/2019","12/04/2029","Completed","Not ARB or Ecology Eligible","07/28/2022","Wood County, Bowling Green, Ohio","OHIO","US","03: Good Health and Well-Being;09: Industry, Innovation and Infrastructure;12: Responsible Consumption and Production;13: Climate Action","TÜV SÜD America, Inc.","","23045","View","www.agasamericas.com",
"ACR1125","N/A","A-Gas US Inc.","A-Gas V20","Industrial Process Emissions","Certified Reclaimed HFC Refrigerants, Propellants, and Fire Suppressants","07/03/2024","07/03/2024","07/02/2039","Completed","Not ARB or Ecology Eligible","05/15/2025","Rhome","TEXAS; OHIO","US","03: Good Health and Well-Being;09: Industry, Innovation and Infrastructure;12: Responsible Consumption and Production;13: Climate Action","TÜV SÜD America, Inc.","TÜV SÜD America, Inc.","2538235","View","",
"ACR1236","N/A","A-Gas US Inc.","A-Gas V21","Industrial Process Emissions","Certified Reclaimed HFC Refrigerants, Propellants, and Fire Suppressants","04/04/2025","04/04/2025","04/03/2040","Listed","Not ARB or Ecology Eligible","02/24/2026","Rhome","TEXAS; OHIO","US","09: Industry, Innovation and Infrastructure;12: Responsible Consumption and Production;13: Climate Action","First Environment, Inc.","","","View","www.agas.com",
"ACR1200","N/A","A-Gas US Inc.","A-Gas V22","Industrial Process Emissions","Certified Reclaimed HFC Refrigerants, Propellants, and Fire Suppressants","01/08/2025","01/08/2025","01/07/2040","Completed","Not ARB or Ecology Eligible","01/01/2026","Rhome","TEXAS; OHIO","US","09: Industry, Innovation and Infrastructure;12: Responsible Consumption and Production;13: Climate Action","TÜV SÜD America, Inc.","TÜV SÜD America, Inc.","1690094","View","www.agas.com",
"ACR584","N/A","A-Gas US Inc.","A-Gas V3","Industrial Process Emissions","Certified Reclaimed HFC Refrigerants, Propellants, and Fire Suppressants","08/06/2019","08/06/2019","08/05/2029","Completed","Not ARB or Ecology Eligible","07/28/2022","Wood County, Bowling Green, Ohio","OHIO","US","03: Good Health and Well-Being;09: Industry, Innovation and Infrastructure;12: Responsible Consumption and Production;13: Climate Action","TÜV SÜD America, Inc.","TÜV SÜD America, Inc.","16515","View","www.agasamericas.com",
"ACR585","N/A","A-Gas US Inc.","A-Gas V4","Industrial Process Emissions","Certified Reclaimed HFC Refrigerants, Propellants, and Fire Suppressants","08/06/2020","08/06/2020","08/05/2030","Completed","Not ARB or Ecology Eligible","07/28/2022","Wood County, Bowling Green, Ohio","OHIO","US","03: Good Health and Well-Being;09: Industry, Innovation and Infrastructure;12: Responsible Consumption and Production;13: Climate Action","TÜV SÜD America, Inc.","TÜV SÜD America, Inc.","94592","View","www.agasamericas.com",
"ACR646","N/A","A-Gas US Inc.","A-Gas V5","Industrial Process Emissions","Certified Reclaimed HFC Refrigerants, Propellants, and Fire Suppressants","01/02/2019","01/02/2019","01/01/2034","Completed","Not ARB or Ecology Eligible","07/26/2022","Wood County, Bowling Green, Ohio","OHIO","US","03: Good Health and Well-Being;09: Industry, Innovation and Infrastructure;12: Responsible Consumption and Production;13: Climate Action","TÜV SÜD America, Inc.","TÜV SÜD America, Inc.","754484","View","www.agasamericas.com",
"ACR676","N/A","A-Gas US Inc.","A-Gas V6","Industrial Process Emissions","Certified Reclaimed HFC Refrigerants, Propellants, and Fire Suppressants","01/10/2020","01/10/2020","01/09/2035","Completed","Not ARB or Ecology Eligible","07/26/2022","Bowling Green","OHIO","US","03: Good Health and Well-Being;09: Industry, Innovation and Infrastructure;12: Responsible Consumption and Production;13: Climate Action","First Environment, Inc.","First Environment, Inc.","1908868","View","",
"ACR678","N/A","A-Gas US Inc.","A-Gas V7","Industrial Process Emissions","Certified Reclaimed HFC Refrigerants, Propellants, and Fire Suppressants","01/20/2021","01/20/2021","01/19/2031","Completed","Not ARB or Ecology Eligible","07/28/2022","Bowling Green","OHIO","US","03: Good Health and Well-Being;09: Industry, Innovation and Infrastructure;12: Responsible Consumption and Production;13: Climate Action","First Environment, Inc.","First Environment, Inc.","186441","View","",
"ACR773","N/A","A-Gas US Inc.","A-Gas V8","Industrial Process Emissions","Certified Reclaimed HFC Refrigerants, Propellants, and Fire Suppressants","01/06/2021","01/06/2021","01/05/2036","Completed","Not ARB or Ecology Eligible","11/02/2022","Rhome","TEXAS","US","03: Good Health and Well-Being;09: Industry, Innovation and Infrastructure;12: Responsible Consumption and Production;13: Climate Action","First Environment, Inc.","First Environment, Inc.","1368452","View","",
"ACR774","N/A","A-Gas US Inc.","A-Gas V9","Industrial Process Emissions","Certified Reclaimed HFC Refrigerants, Propellants, and Fire Suppressants","08/05/2020","08/05/2020","08/04/2060","Completed","Not ARB or Ecology Eligible","08/28/2023","Bowling Green","OHIO","US","03: Good Health and Well-Being;09: Industry, Innovation and Infrastructure;12: Responsible Consumption and Production;13: Climate Action","First Environment, Inc.","First Environment, Inc.","154340","View","",
"ACR737","N/A","Therm Solutions Inc.","Advanced Refrigeration - ARS2019001","Industrial Process Emissions","Advanced Refrigeration Systems","10/23/2019","10/23/2019","10/22/2029","Completed","Not ARB or Ecology Eligible","07/18/2022","US(49)","NEW JERSEY; PENNSYLVANIA","US","03: Good Health and Well-Being;06: Clean Water and Sanitation;07: Affordable and Clean Energy;09: Industry, Innovation and Infrastructure;12: Responsible Consumption and Production;13: Climate Action","First Environment, Inc.","First Environment, Inc.","44458","View","",
"ACR747","N/A","Therm Solutions Inc.","Advanced Refrigeration - ARS2020001","Industrial Process Emissions","Advanced Refrigeration Systems","10/04/2020","10/04/2020","10/03/2030","Completed","Not ARB or Ecology Eligible","09/30/2022","777 White Plains Road, Eastchester, NY, USA","NEW YORK","US","03: Good Health and Well-Being;06: Clean Water and Sanitation;07: Affordable and Clean Energy;09: Industry, Innovation and Infrastructure;11: Sustainable Cities and Communities;12: Responsible Consumption and Production;13: Climate Action","First Environment, Inc.","First Environment, Inc.","32742","View","",
"ACR791","N/A","Therm Solutions Inc.","Advanced Refrigeration - ARS2020002","Industrial Process Emissions","Advanced Refrigeration Systems","01/16/2020","01/16/2020","01/15/2030","Completed","Not ARB or Ecology Eligible","03/27/2023","Sacramento, CA","CALIFORNIA","US","03: Good Health and Well-Being;06: Clean Water and Sanitation;07: Affordable and Clean Energy;09: Industry, Innovation and Infrastructure;11: Sustainable Cities and Communities;12: Responsible Consumption and Production;13: Climate Action","First Environment, Inc.","First Environment, Inc.","13360","View","",
"ACR813","N/A","Therm Solutions Inc.","Advanced Refrigeration - ARS2020003","Industrial Process Emissions","Advanced Refrigeration Systems","06/03/2020","06/03/2020","06/02/2030","Completed","Not ARB or Ecology Eligible","07/31/2023","Tampa","FLORIDA; GEORGIA; ALABAMA; CALIFORNIA; NORTH CAROLINA; MINNESOTA; SOUTH CAROLINA; TENNESSEE; VIRGINIA","US","03: Good Health and Well-Being;06: Clean Water and Sanitation;07: Affordable and Clean Energy;09: Industry, Innovation and Infrastructure;12: Responsible Consumption and Production;13: Climate Action","First Environment, Inc.","First Environment, Inc.","257840","View","",
"ACR742","N/A","Therm Solutions Inc.","Advanced Refrigeration - ARS2021001","Industrial Process Emissions","Advanced Refrigeration Systems","10/03/2021","10/03/2021","10/02/2031","Completed","Not ARB or Ecology Eligible","10/28/2022","18 Winslow Gate Road, Poughkeepsie","NEW YORK; PENNSYLVANIA; WASHINGTON","US","03: Good Health and Well-Being;06: Clean Water and Sanitation;07: Affordable and Clean Energy;09: Industry, Innovation and Infrastructure;11: Sustainable Cities and Communities;12: Responsible Consumption and Production;13: Climate Action","First Environment, Inc.","First Environment, Inc.","39881","View","",
"ACR830","N/A","Therm Solutions Inc.","Advanced Refrigeration - ARS2021002","Industrial Process Emissions","Advanced Refrigeration Systems","03/01/2021","03/01/2021","02/28/2031","Completed","Not ARB or Ecology Eligible","03/28/2023","1 Stew Leonard Dr #1, Yonkers, NY 10710","NEW YORK; NEW JERSEY; MINNESOTA","US","03: Good Health and Well-Being;06: Clean Water and Sanitation;07: Affordable and Clean Energy;09: Industry, Innovation and Infrastructure;11: Sustainable Cities and Communities;12: Responsible Consumption and Production;13: Climate Action","TÜV SÜD America, Inc.","TÜV SÜD America, Inc.","47025","View","",
"ACR868","N/A","Therm Solutions Inc.","Advanced Refrigeration - ARS2021003","Industrial Process Emissions","Advanced Refrigeration Systems","05/20/2021","05/20/2021","05/19/2031","Completed","Not ARB or Ecology Eligible","07/06/2023","4725 Cedar Ave Minneapolis	MN 55407 USA","MINNESOTA; NEW HAMPSHIRE","US","03: Good Health and Well-Being;06: Clean Water and Sanitation;07: Affordable and Clean Energy;09: Industry, Innovation and Infrastructure;11: Sustainable Cities and Communities;12: Responsible Consumption and Production;13: Climate Action","TÜV SÜD America, Inc.","TÜV SÜD America, Inc.","20230","View","",
"ACR904","N/A","Therm Solutions Inc.","Advanced Refrigeration - ARS2021004","Industrial Process Emissions","Advanced Refrigeration Systems","05/05/2021","05/05/2021","05/04/2031","Completed","Not ARB or Ecology Eligible","10/10/2023","Seneca, South Carolina","SOUTH CAROLINA; TENNESSEE; ALABAMA; FLORIDA; GEORGIA","US","03: Good Health and Well-Being;06: Clean Water and Sanitation;07: Affordable and Clean Energy;09: Industry, Innovation and Infrastructure;12: Responsible Consumption and Production;13: Climate Action","First Environment, Inc.","First Environment, Inc.","164129","View","",
"ACR919","N/A","Therm Solutions Inc.","Advanced Refrigeration - ARS2021005","Industrial Process Emissions","Advanced Refrigeration Systems","12/01/2021","12/01/2021","11/30/2031","Completed","Not ARB or Ecology Eligible","02/02/2024","Wendell, NC","NORTH CAROLINA; GEORGIA; FLORIDA; ALABAMA; MINNESOTA; TENNESSEE; OREGON; WISCONSIN","US","03: Good Health and Well-Being;06: Clean Water and Sanitation;07: Affordable and Clean Energy;09: Industry, Innovation and Infrastructure;12: Responsible Consumption and Production;13: Climate Action","First Environment, Inc.","First Environment, Inc.","166106","View","therm.cool",
"ACR815","N/A","Therm Solutions Inc.","Advanced Refrigeration - ARS2022001","Industrial Process Emissions","Advanced Refrigeration Systems","08/27/2022","08/27/2022","08/26/2032","Completed","Not ARB or Ecology Eligible","02/08/2023","543 12th St Dr NW, Hickory, NC 28601, USA","NORTH CAROLINA","US","03: Good Health and Well-Being;06: Clean Water and Sanitation;07: Affordable and Clean Energy;09: Industry, Innovation and Infrastructure;11: Sustainable Cities and Communities;12: Responsible Consumption and Production;13: Climate Action","TÜV SÜD America, Inc.","TÜV SÜD America, Inc.","19002","View","",
"ACR876","N/A","Therm Solutions Inc.","Advanced Refrigeration - ARS2022002","Industrial Process Emissions","Advanced Refrigeration Systems","07/11/2022","07/11/2022","07/10/2032","Completed","Not ARB or Ecology Eligible","09/01/2023","Various","FLORIDA; CALIFORNIA; MINNESOTA; NEW JERSEY; NEW YORK","US","03: Good Health and Well-Being;06: Clean Water and Sanitation;07: Affordable and Clean Energy;09: Industry, Innovation and Infrastructure;12: Responsible Consumption and Production;13: Climate Action","TÜV SÜD America, Inc.","TÜV SÜD America, Inc.","64135","View","",
"ACR1005","N/A","Therm Solutions Inc.","Advanced Refrigeration - ARS2022003","Industrial Process Emissions","Advanced Refrigeration Systems","06/14/2022","06/14/2022","06/13/2032","Completed","Not ARB or Ecology Eligible","10/02/2024","311 E 14th St, Albert Lea, MN 56007","MINNESOTA","US","03: Good Health and Well-Being;06: Clean Water and Sanitation;07: Affordable and Clean Energy;09: Industry, Innovation and Infrastructure;12: Responsible Consumption and Production;13: Climate Action","First Environment, Inc.","First Environment, Inc.","30694","View","",
"ACR1008","N/A","Therm Solutions Inc.","Advanced Refrigeration - ARS2022004","Industrial Process Emissions","Advanced Refrigeration Systems","04/11/2022","04/11/2022","04/10/2032","Completed","Not ARB or Ecology Eligible","03/17/2025","1181 Gannon plaza, Festus, MO","MISSOURI","US","03: Good Health and Well-Being;06: Clean Water and Sanitation;07: Affordable and Clean Energy;09: Industry, Innovation and Infrastructure;12: Responsible Consumption and Production;13: Climate Action","First Environment, Inc.","First Environment, Inc.","26766","View","",
"ACR1032","N/A","Therm Solutions Inc.","Advanced Refrigeration - ARS2022005","Industrial Process Emissions","Advanced Refrigeration Systems","11/16/2022","11/16/2022","11/15/2032","Completed","Not ARB or Ecology Eligible","03/17/2025","3740 Monticello Plaza Drive, O'Fallon, MO","MISSOURI; NEBRASKA; ILLINOIS; INDIANA; IOWA","US","03: Good Health and Well-Being;06: Clean Water and Sanitation;07: Affordable and Clean Energy;09: Industry, Innovation and Infrastructure;12: Responsible Consumption and Production;13: Climate Action","First Environment, Inc.","First Environment, Inc.","83607","View","",
"ACR1033","N/A","Therm Solutions Inc.","Advanced Refrigeration - ARS2022006","Industrial Process Emissions","Advanced Refrigeration Systems","08/01/2022","08/01/2022","07/31/2032","Completed","Not ARB or Ecology Eligible","03/05/2025","FL","FLORIDA; GEORGIA; ALABAMA; SOUTH CAROLINA; TENNESSEE","US","03: Good Health and Well-Being;06: Clean Water and Sanitation;07: Affordable and Clean Energy;09: Industry, Innovation and Infrastructure;12: Responsible Consumption and Production;13: Climate Action","TÜV SÜD America, Inc.","TÜV SÜD America, Inc.","61396","View","therm.cool",
"ACR1088","N/A","Therm Solutions Inc.","Advanced Refrigeration - ARS2022008","Industrial Process Emissions","Advanced Refrigeration Systems","10/26/2022","10/26/2022","10/25/2032","Completed","Not ARB or Ecology Eligible","02/24/2025","Ashland, VA","VIRGINIA; DELAWARE; NEW YORK","US","03: Good Health and Well-Being;06: Clean Water and Sanitation;07: Affordable and Clean Energy;09: Industry, Innovation and Infrastructure;12: Responsible Consumption and Production;13: Climate Action","First Environment, Inc.","First Environment, Inc.","92410","View","therm.cool",
"ACR929","N/A","Therm Solutions Inc.","Advanced Refrigeration - ARS2023001","Industrial Process Emissions","Advanced Refrigeration Systems","02/10/2023","02/10/2023","02/09/2033","Completed","Not ARB or Ecology Eligible","11/15/2023","Crown Hill, WA","WASHINGTON; ILLINOIS; MASSACHUSETTS","US","03: Good Health and Well-Being;06: Clean Water and Sanitation;07: Affordable and Clean Energy;09: Industry, Innovation and Infrastructure;12: Responsible Consumption and Production;13: Climate Action","First Environment, Inc.","First Environment, Inc.","20124","View","therm.cool",
"ACR941","N/A","Therm Solutions Inc.","Advanced Refrigeration - ARS2023002","Industrial Process Emissions","Advanced Refrigeration Systems","04/06/2023","04/06/2023","04/05/2033","Completed","Not ARB or Ecology Eligible","03/14/2024","Middletown","NEW YORK; NEW JERSEY; NEBRASKA; WISCONSIN; WASHINGTON; CONNECTICUT; MINNESOTA","US","03: Good Health and Well-Being;06: Clean Water and Sanitation;07: Affordable and Clean Energy;09: Industry, Innovation and Infrastructure;12: Responsible Consumption and Production;13: Climate Action","TÜV SÜD America, Inc.","TÜV SÜD America, Inc.","70323","View","therm.cool",
"ACR953","N/A","Therm Solutions Inc.","Advanced Refrigeration - ARS2023003","Industrial Process Emissions","Advanced Refrigeration Systems","01/30/2022","01/30/2022","01/29/2032","Completed","Not ARB or Ecology Eligible","02/26/2024","Topeka, KS","KANSAS","US","03: Good Health and Well-Being;06: Clean Water and Sanitation;07: Affordable and Clean Energy;09: Industry, Innovation and Infrastructure;12: Responsible Consumption and Production;13: Climate Action","First Environment, Inc.","First Environment, Inc.","9507","View","www.therm.cool",
"ACR1034","N/A","Therm Solutions Inc.","Advanced Refrigeration - ARS2023004","Industrial Process Emissions","Advanced Refrigeration Systems","12/27/2023","12/27/2023","12/26/2033","Completed","Not ARB or Ecology Eligible","10/04/2024","Various","NEW JERSEY; CONNECTICUT; MINNESOTA","US","03: Good Health and Well-Being;06: Clean Water and Sanitation;07: Affordable and Clean Energy;09: Industry, Innovation and Infrastructure;12: Responsible Consumption and Production;13: Climate Action","SCS Global Services (Scientific Certification Systems)","SCS Global Services (Scientific Certification Systems)","29119","View","",
"ACR1065","N/A","Therm Solutions Inc.","Advanced Refrigeration - ARS2023005","Industrial Process Emissions","Advanced Refrigeration Systems","01/12/2023","01/12/2023","01/11/2033","Completed","Not ARB or Ecology Eligible","06/30/2025","Various","FLORIDA; ALABAMA; GEORGIA; SOUTH CAROLINA","US","03: Good Health and Well-Being;06: Clean Water and Sanitation;07: Affordable and Clean Energy;09: Industry, Innovation and Infrastructure;12: Responsible Consumption and Production;13: Climate Action","Dillon Consulting Limited","Dillon Consulting Limited","31849","View","therm.cool",
"ACR1104","N/A","Therm Solutions Inc.","Advanced Refrigeration - ARS2023006","Industrial Process Emissions","Advanced Refrigeration Systems","11/01/2023","11/01/2023","10/31/2033","Completed","Not ARB or Ecology Eligible","06/30/2025","Shell Rock, IA","IOWA; SOUTH DAKOTA; TEXAS; ILLINOIS; MISSOURI","US","03: Good Health and Well-Being;06: Clean Water and Sanitation;09: Industry, Innovation and Infrastructure;12: Responsible Consumption and Production;13: Climate Action","First Environment, Inc.","First Environment, Inc.","44918","View","therm.cool",
"ACR1114","N/A","Therm Solutions Inc.","Advanced Refrigeration - ARS2023007","Industrial Process Emissions","Advanced Refrigeration Systems","08/26/2023","08/26/2023","08/25/2033","Completed","Not ARB or Ecology Eligible","04/01/2025","2201 N. Park Drive, Hazelton","PENNSYLVANIA; VIRGINIA; MINNESOTA; COLORADO","US","03: Good Health and Well-Being;06: Clean Water and Sanitation;07: Affordable and Clean Energy;09: Industry, Innovation and Infrastructure;12: Responsible Consumption and Production;13: Climate Action","TÜV SÜD America, Inc.","TÜV SÜD America, Inc.","190939","View","therm.cool",
"ACR1130","N/A","Therm Solutions Inc.","Advanced Refrigeration - ARS2023008","Industrial Process Emissions","Advanced Refrigeration Systems","01/08/2024","01/08/2024","01/07/2034","Completed","Not ARB or Ecology Eligible","09/26/2025","Pembroke Pines","FLORIDA; SOUTH CAROLINA; ALABAMA; GEORGIA; KANSAS","US","03: Good Health and Well-Being;06: Clean Water and Sanitation;09: Industry, Innovation and Infrastructure;12: Responsible Consumption and Production;13: Climate Action","TÜV SÜD America, Inc.","TÜV SÜD America, Inc.","55715","View","",
"ACR1133","N/A","Therm Solutions Inc.","Advanced Refrigeration - ARS2023009","Industrial Process Emissions","Advanced Refrigeration Systems","04/26/2023","04/26/2023","04/25/2033","Completed","Not ARB or Ecology Eligible","09/13/2025","Port Wentworth, GA","GEORGIA; MASSACHUSETTS; TEXAS; ARIZONA","US","03: Good Health and Well-Being;06: Clean Water and Sanitation;09: Industry, Innovation and Infrastructure;12: Responsible Consumption and Production;13: Climate Action","First Environment, Inc.","First Environment, Inc.","77286","View","",
"ACR1151","N/A","Therm Solutions Inc.","Advanced Refrigeration - ARS2023010","Industrial Process Emissions","Advanced Refrigeration Systems","01/03/2024","01/03/2024","01/02/2034","Completed","Not ARB or Ecology Eligible","07/10/2025","Clearwater, FL","FLORIDA; TENNESSEE; GEORGIA; ALABAMA","US","03: Good Health and Well-Being;06: Clean Water and Sanitation;09: Industry, Innovation and Infrastructure;12: Responsible Consumption and Production;13: Climate Action","TÜV SÜD America, Inc.","TÜV SÜD America, Inc.","122026","View","",
"ACR1187","N/A","Therm Solutions Inc.","Advanced Refrigeration - ARS2023013","Industrial Process Emissions","Advanced Refrigeration Systems","10/03/2023","10/03/2023","10/02/2033","Listed","Not ARB or Ecology Eligible","07/25/2025","Dacula, GA","GEORGIA; OKLAHOMA","US","09: Industry, Innovation and Infrastructure;12: Responsible Consumption and Production;13: Climate Action","TÜV SÜD America, Inc.","","","View","",
"ACR1036","N/A","Therm Solutions Inc.","Advanced Refrigeration - ARS2024001","Industrial Process Emissions","Advanced Refrigeration Systems","03/27/2024","03/27/2024","03/26/2034","Completed","Not ARB or Ecology Eligible","10/30/2024","Various","NEW JERSEY; OHIO; OREGON; MASSACHUSETTS","US","03: Good Health and Well-Being;06: Clean Water and Sanitation;07: Affordable and Clean Energy;09: Industry, Innovation and Infrastructure;12: Responsible Consumption and Production;13: Climate Action","First Environment, Inc.","First Environment, Inc.","43156","View","",
"ACR1092","N/A","Therm Solutions Inc.","Advanced Refrigeration - ARS2024002","Industrial Process Emissions","Advanced Refrigeration Systems","03/20/2024","03/20/2024","03/19/2034","Completed","Not ARB or Ecology Eligible","05/15/2025","Yardley","PENNSYLVANIA; NEW YORK; WISCONSIN","US","03: Good Health and Well-Being;06: Clean Water and Sanitation;07: Affordable and Clean Energy;09: Industry, Innovation and Infrastructure;12: Responsible Consumption and Production;13: Climate Action","SES, Inc.","SES, Inc.","15664","View","therm.cool",
"ACR1035","N/A","Therm Solutions Inc.","Advanced Refrigeration - ARS2024003","Industrial Process Emissions","Advanced Refrigeration Systems","07/25/2024","07/25/2024","07/24/2034","Completed","Not ARB or Ecology Eligible","04/15/2025","744 East Tournament Trl. Westfield","INDIANA; SOUTH DAKOTA; WISCONSIN","US","03: Good Health and Well-Being;06: Clean Water and Sanitation;07: Affordable and Clean Energy;09: Industry, Innovation and Infrastructure;12: Responsible Consumption and Production;13: Climate Action","First Environment, Inc.","First Environment, Inc.","25306","View","",
"ACR1184","N/A","Therm Solutions Inc.","Advanced Refrigeration - ARS2024006","Industrial Process Emissions","Advanced Refrigeration Systems","05/07/2024","05/07/2024","05/06/2034","Completed","Not ARB or Ecology Eligible","04/25/2026","Apodoca","NUEVO LEÓN","MX","09: Industry, Innovation and Infrastructure;12: Responsible Consumption and Production;13: Climate Action","First Environment, Inc.","First Environment, Inc.","43305","View","therm.cool",
"ACR1174","N/A","Therm Solutions Inc.","Advanced Refrigeration - ARS2025001","Industrial Process Emissions","Advanced Refrigeration Systems","11/15/2024","11/15/2024","11/14/2034","Completed","Not ARB or Ecology Eligible","02/26/2026","Hillsboro","OREGON; PUERTO RICO; NEW JERSEY; MISSOURI","US","09: Industry, Innovation and Infrastructure;12: Responsible Consumption and Production;13: Climate Action","SES, Inc.","SES, Inc.","57830","View","therm.cool",
"ACR1183","N/A","Therm Solutions Inc.","Advanced Refrigeration - ARS2025002","Industrial Process Emissions","Advanced Refrigeration Systems","04/21/2025","04/21/2025","04/20/2035","Listed","Not ARB or Ecology Eligible","09/17/2025","St. Louis, MO","MISSOURI; FLORIDA; TEXAS; WISCONSIN","US","09: Industry, Innovation and Infrastructure;12: Responsible Consumption and Production;13: Climate Action","SES, Inc.","","","View","",
"ACR1188","N/A","Therm Solutions Inc.","Advanced Refrigeration - ARS2025003","Industrial Process Emissions","Advanced Refrigeration Systems","06/20/2025","06/20/2025","06/19/2035","Completed","Not ARB or Ecology Eligible","01/29/2026","Naperville","ILLINOIS; OHIO; MARYLAND; CONNECTICUT","US","09: Industry, Innovation and Infrastructure;12: Responsible Consumption and Production;13: Climate Action","First Environment, Inc.","First Environment, Inc.","44902","View","",
"ACR1201","N/A","Therm Solutions Inc.","Advanced Refrigeration - ARS2025004","Industrial Process Emissions","Advanced Refrigeration Systems","01/15/2025","01/15/2025","01/14/2035","Listed","Not ARB or Ecology Eligible","08/29/2025","Wilmington, NC","NORTH CAROLINA; TEXAS; GEORGIA","US","09: Industry, Innovation and Infrastructure;12: Responsible Consumption and Production;13: Climate Action","TÜV SÜD America, Inc.","","","View","therm.cool",
"ACR1202","N/A","Therm Solutions Inc.","Advanced Refrigeration - ARS2025005","Industrial Process Emissions","Advanced Refrigeration Systems","11/01/2025","11/01/2025","10/31/2035","Listed","Not ARB or Ecology Eligible","08/29/2025","Pittsburgh, PA","PENNSYLVANIA; IOWA; KENTUCKY; INDIANA; CONNECTICUT; TEXAS; WISCONSIN","US","09: Industry, Innovation and Infrastructure;12: Responsible Consumption and Production;13: Climate Action","First Environment, Inc.","","","View","therm.cool",
"ACR1203","N/A","Therm Solutions Inc.","Advanced Refrigeration - ARS2025006","Industrial Process Emissions","Advanced Refrigeration Systems","12/03/2025","12/03/2025","12/02/2035","Registered","Not ARB or Ecology Eligible","04/16/2026","Guadalajara","JALISCO","MX","09: Industry, Innovation and Infrastructure;12: Responsible Consumption and Production;13: Climate Action","First Environment, Inc.","First Environment, Inc.","39047","View","therm.cool",
"ACR1204","N/A","Therm Solutions Inc.","Advanced Refrigeration - ARS2025007","Industrial Process Emissions","Advanced Refrigeration Systems","06/20/2025","06/20/2025","06/19/2035","Listed","Not ARB or Ecology Eligible","02/11/2026","Brookfield","MINNESOTA; WISCONSIN; SOUTH DAKOTA; NEW JERSEY; IOWA","US","09: Industry, Innovation and Infrastructure;12: Responsible Consumption and Production;13: Climate Action","SES, Inc.","","","View","therm.cool",
"ACR926","N/A","True Manufacturing Co., Inc.","Advanced Refrigeration and HFC Draw Down - Project 007 - US (38 states)","Industrial Process Emissions","Advanced Refrigeration Systems","01/01/2022","01/01/2022","12/31/2031","Completed","Not ARB or Ecology Eligible","03/17/2025","Missouri","MISSOURI","US","03: Good Health and Well-Being;06: Clean Water and Sanitation;07: Affordable and Clean Energy;09: Industry, Innovation and Infrastructure;12: Responsible Consumption and Production;13: Climate Action","TÜV SÜD America, Inc.","TÜV SÜD America, Inc.","230064","View","",
"ACR952","N/A","True Manufacturing Co., Inc.","Advanced Refrigeration and HFC Draw Down - Project 007B - Canada","Industrial Process Emissions","Advanced Refrigeration Systems","01/01/2022","01/01/2022","12/31/2031","Completed","Not ARB or Ecology Eligible","10/03/2024","Missouri","MISSOURI","US","03: Good Health and Well-Being;06: Clean Water and Sanitation;07: Affordable and Clean Energy;09: Industry, Innovation and Infrastructure;12: Responsible Consumption and Production;13: Climate Action","TÜV SÜD America, Inc.","TÜV SÜD America, Inc.","15171","View","",
"ACR1078","N/A","True Manufacturing Co., Inc.","Advanced Refrigeration and HFC Draw Down - Project 008","Industrial Process Emissions","Advanced Refrigeration Systems","01/01/2023","01/01/2023","12/31/2032","Completed","Not ARB or Ecology Eligible","12/20/2025","Missouri","MISSOURI","US","03: Good Health and Well-Being;06: Clean Water and Sanitation;09: Industry, Innovation and Infrastructure;12: Responsible Consumption and Production;13: Climate Action","TÜV SÜD America, Inc.","TÜV SÜD America, Inc.","300953","View","",
"ACR927","N/A","True Manufacturing Co., Inc.","Advanced Refrigeration and HFC Draw Down – Project 007A – CA (& 11 states)","Industrial Process Emissions","Advanced Refrigeration Systems","01/01/2022","01/01/2022","12/31/2031","Completed","Not ARB or Ecology Eligible","10/03/2024","Missouri","MISSOURI","US","03: Good Health and Well-Being;06: Clean Water and Sanitation;07: Affordable and Clean Energy;09: Industry, Innovation and Infrastructure;12: Responsible Consumption and Production;13: Climate Action","TÜV SÜD America, Inc.","TÜV SÜD America, Inc.","71852","View","",
"ACR526","N/A","True Manufacturing Co., Inc.","Advanced Refrigeration CAL - ARS  001B","Industrial Process Emissions","Transition to Advanced Formulation Blowing Agents in Foam Manufacturing and Use","01/01/2016","01/01/2016","12/31/2025","Completed","Not ARB or Ecology Eligible","05/04/2021","O'Fallon","MISSOURI","US","03: Good Health and Well-Being;06: Clean Water and Sanitation;09: Industry, Innovation and Infrastructure;12: Responsible Consumption and Production;13: Climate Action","First Environment, Inc.","First Environment, Inc.","21141","View","",
"ACR528","N/A","True Manufacturing Co., Inc.","Advanced Refrigeration CAL - ARS 002B","Industrial Process Emissions","Advanced Refrigeration Systems","01/01/2017","01/01/2017","12/31/2026","Completed","Not ARB or Ecology Eligible","05/04/2021","O'Fallon, MO","MISSOURI","US","03: Good Health and Well-Being;06: Clean Water and Sanitation;07: Affordable and Clean Energy;09: Industry, Innovation and Infrastructure;12: Responsible Consumption and Production;13: Climate Action","First Environment, Inc.","First Environment, Inc.","41381","View","",
"ACR530","N/A","True Manufacturing Co., Inc.","Advanced Refrigeration CAL - ARS 003B","Industrial Process Emissions","Advanced Refrigeration Systems","01/01/2018","01/01/2018","12/31/2027","Completed","Not ARB or Ecology Eligible","05/04/2021","O'Fallon, MO","MISSOURI","US","03: Good Health and Well-Being;06: Clean Water and Sanitation;07: Affordable and Clean Energy;09: Industry, Innovation and Infrastructure;12: Responsible Consumption and Production;13: Climate Action","First Environment, Inc.","First Environment, Inc.","52251","View","",
"ACR599","N/A","True Manufacturing Co., Inc.","Advanced Refrigeration CAL - ARS 004B","Industrial Process Emissions","Advanced Refrigeration Systems","01/01/2019","01/01/2019","12/31/2028","Completed","Not ARB or Ecology Eligible","06/08/2021","Missouri","MISSOURI","US","03: Good Health and Well-Being;06: Clean Water and Sanitation;07: Affordable and Clean Energy;09: Industry, Innovation and Infrastructure;12: Responsible Consumption and Production;13: Climate Action","First Environment, Inc.","First Environment, Inc.","44571","View","",
"ACR641","N/A","True Manufacturing Co., Inc.","Advanced Refrigeration CAL - ARS 005B","Industrial Process Emissions","Advanced Refrigeration Systems","01/01/2020","01/01/2020","12/31/2029","Completed","Not ARB or Ecology Eligible","07/27/2022","Missouri","MISSOURI","US","03: Good Health and Well-Being;06: Clean Water and Sanitation;07: Affordable and Clean Energy;09: Industry, Innovation and Infrastructure;12: Responsible Consumption and Production;13: Climate Action","First Environment, Inc.","First Environment, Inc.","18605","View","",
"ACR707","N/A","True Manufacturing Co., Inc.","Advanced Refrigeration CAL - ARS 006B","Industrial Process Emissions","Advanced Refrigeration Systems","01/01/2021","01/01/2021","12/31/2030","Completed","Not ARB or Ecology Eligible","08/21/2023","Missouri","MISSOURI","US","03: Good Health and Well-Being;06: Clean Water and Sanitation;07: Affordable and Clean Energy;09: Industry, Innovation and Infrastructure;12: Responsible Consumption and Production;13: Climate Action","First Environment, Inc.","First Environment, Inc.","25376","View","",
"ACR527","N/A","True Manufacturing Co., Inc.","Advanced Refrigeration CAN - ARS 001C","Industrial Process Emissions","Advanced Refrigeration Systems","01/01/2016","01/01/2016","12/31/2025","Completed","Not ARB or Ecology Eligible","05/04/2021","O'Fallon","MISSOURI","US","03: Good Health and Well-Being;06: Clean Water and Sanitation;07: Affordable and Clean Energy;09: Industry, Innovation and Infrastructure;12: Responsible Consumption and Production;13: Climate Action","First Environment, Inc.","First Environment, Inc.","17453","View","",
"ACR529","N/A","True Manufacturing Co., Inc.","Advanced Refrigeration CAN - ARS 002C","Industrial Process Emissions","Advanced Refrigeration Systems","01/01/2017","01/01/2017","12/31/2026","Completed","Not ARB or Ecology Eligible","05/04/2021","O'Fallon, MO","MISSOURI","US","03: Good Health and Well-Being;06: Clean Water and Sanitation;07: Affordable and Clean Energy;09: Industry, Innovation and Infrastructure;12: Responsible Consumption and Production;13: Climate Action","First Environment, Inc.","First Environment, Inc.","32468","View","",
"ACR531","N/A","True Manufacturing Co., Inc.","Advanced Refrigeration CAN - ARS 003C","Industrial Process Emissions","Advanced Refrigeration Systems","01/01/2018","01/01/2018","12/31/2027","Completed","Not ARB or Ecology Eligible","05/04/2021","O'Fallon, MO","MISSOURI","US","03: Good Health and Well-Being;06: Clean Water and Sanitation;07: Affordable and Clean Energy;09: Industry, Innovation and Infrastructure;12: Responsible Consumption and Production;13: Climate Action","First Environment, Inc.","First Environment, Inc.","37043","View","",
"ACR600","N/A","True Manufacturing Co., Inc.","Advanced Refrigeration CAN - ARS 004C","Industrial Process Emissions","Advanced Refrigeration Systems","01/01/2019","01/01/2019","12/31/2028","Completed","Not ARB or Ecology Eligible","06/08/2021","Missouri","MISSOURI","US","03: Good Health and Well-Being;06: Clean Water and Sanitation;07: Affordable and Clean Energy;09: Industry, Innovation and Infrastructure;12: Responsible Consumption and Production;13: Climate Action","First Environment, Inc.","First Environment, Inc.","34725","View","",
"ACR642","N/A","True Manufacturing Co., Inc.","Advanced Refrigeration CAN - ARS 005C","Industrial Process Emissions","Advanced Refrigeration Systems","01/01/2020","01/01/2020","12/31/2029","Completed","Not ARB or Ecology Eligible","07/27/2022","Missouri","MISSOURI","US","03: Good Health and Well-Being;06: Clean Water and Sanitation;07: Affordable and Clean Energy;09: Industry, Innovation and Infrastructure;12: Responsible Consumption and Production;13: Climate Action","First Environment, Inc.","First Environment, Inc.","16102","View","",
"ACR708","N/A","True Manufacturing Co., Inc.","Advanced Refrigeration CAN - ARS 006C","Industrial Process Emissions","Advanced Refrigeration Systems","01/01/2021","01/01/2021","12/31/2030","Completed","Not ARB or Ecology Eligible","08/22/2023","Missouri","MISSOURI","US","03: Good Health and Well-Being;06: Clean Water and Sanitation;07: Affordable and Clean Energy;09: Industry, Innovation and Infrastructure;12: Responsible Consumption and Production;13: Climate Action","First Environment, Inc.","First Environment, Inc.","18868","View","",
"ACR479","N/A","True Manufacturing Co., Inc.","Advanced Refrigeration US49 - ARS 001","Industrial Process Emissions","Advanced Refrigeration Systems","01/01/2016","01/01/2016","12/31/2025","Completed","Not ARB or Ecology Eligible","05/04/2021","O'Fallon","MISSOURI","US","03: Good Health and Well-Being;06: Clean Water and Sanitation;07: Affordable and Clean Energy;09: Industry, Innovation and Infrastructure;12: Responsible Consumption and Production;13: Climate Action","First Environment, Inc.","First Environment, Inc.","199624","View","",
"ACR480","N/A","True Manufacturing Co., Inc.","Advanced Refrigeration US49 - ARS 002","Industrial Process Emissions","Advanced Refrigeration Systems","01/01/2017","01/01/2017","12/31/2026","Completed","Not ARB or Ecology Eligible","05/04/2021","O'Fallon, MO","MISSOURI","US","03: Good Health and Well-Being;06: Clean Water and Sanitation;07: Affordable and Clean Energy;09: Industry, Innovation and Infrastructure;12: Responsible Consumption and Production;13: Climate Action","First Environment, Inc.","First Environment, Inc.","324357","View","",
"ACR481","N/A","True Manufacturing Co., Inc.","Advanced Refrigeration US49 - ARS 003","Industrial Process Emissions","Advanced Refrigeration Systems","01/01/2018","01/01/2018","12/31/2027","Completed","Not ARB or Ecology Eligible","05/04/2021","O'Fallon, MO","MISSOURI","US","03: Good Health and Well-Being;06: Clean Water and Sanitation;07: Affordable and Clean Energy;09: Industry, Innovation and Infrastructure;12: Responsible Consumption and Production;13: Climate Action","First Environment, Inc.","First Environment, Inc.","371461","View","",
"ACR598","N/A","True Manufacturing Co., Inc.","Advanced Refrigeration US49 - ARS 004","Industrial Process Emissions","Advanced Refrigeration Systems","01/01/2019","01/01/2019","12/31/2028","Completed","Not ARB or Ecology Eligible","06/08/2021","Missouri","MISSOURI","US","03: Good Health and Well-Being;06: Clean Water and Sanitation;07: Affordable and Clean Energy;09: Industry, Innovation and Infrastructure;12: Responsible Consumption and Production;13: Climate Action","First Environment, Inc.","First Environment, Inc.","401452","View","",
"ACR640","N/A","True Manufacturing Co., Inc.","Advanced Refrigeration US49 - ARS 005","Industrial Process Emissions","Advanced Refrigeration Systems","01/01/2020","01/01/2020","12/31/2029","Completed","Not ARB or Ecology Eligible","07/27/2022","Missouri","MISSOURI","US","03: Good Health and Well-Being;06: Clean Water and Sanitation;07: Affordable and Clean Energy;09: Industry, Innovation and Infrastructure;12: Responsible Consumption and Production;13: Climate Action","First Environment, Inc.","First Environment, Inc.","367047","View","",
"ACR706","N/A","True Manufacturing Co., Inc.","Advanced Refrigeration US49 - ARS 006","Industrial Process Emissions","Advanced Refrigeration Systems","01/01/2021","01/01/2021","12/31/2030","Completed","Not ARB or Ecology Eligible","08/21/2023","Missouri","MISSOURI","US","03: Good Health and Well-Being;06: Clean Water and Sanitation;07: Affordable and Clean Energy;09: Industry, Innovation and Infrastructure;12: Responsible Consumption and Production;13: Climate Action","First Environment, Inc.","First Environment, Inc.","306989","View","",
"ACR674","CAMM5674","Keyrock Energy LLC","Affinity Mine Methane Incineration Project","Coal Mine Methane","ARB Compliance Offset Protocol: Mine Methane Capture Projects","12/16/2020","12/16/2020","10/31/2030","N/A","Transferred ARB or Ecology Project","05/12/2025","Crab Orchard","WEST VIRGINIA","US","09: Industry, Innovation and Infrastructure;13: Climate Action","Dillon Consulting Limited","N/A","152243","View","",
"ACR102","N/A","Nike","Air Bag Gas Substitution","Industrial Gas Substitution","Emission reductions through industrial gas substitution","01/01/1998","01/01/1998","12/31/2005","Completed","Not ARB or Ecology Eligible","05/01/2012","Beaverton","OREGON","US","","ERT","","7984006","View","",
"ACR424","N/A","The Nature Conservancy","Albany Water Board - Improved Forest Management Project","Forest Carbon","Improved Forest Management (IFM) on Non-Federal U.S. Forestlands","10/01/2017","10/01/2017","09/30/2037","Registered","Not ARB or Ecology Eligible","06/27/2018","Albany","NEW YORK","US","03: Good Health and Well-Being;06: Clean Water and Sanitation;13: Climate Action;15: Life on Land","TÜV SÜD America, Inc.","SCS Global Services (Scientific Certification Systems)","215794","View","",
"ACR234","CALS5134","3Degrees Group, Inc.","Alliance Dairy","Livestock Waste Management","ARB Compliance Offset Protocol: Capturing and Destroying Methane from Manure Management Systems","11/06/2014","11/06/2024","11/05/2034","N/A","ARB Terminated","03/07/2025","Trenton","FLORIDA","US","02: Zero Hunger;09: Industry, Innovation and Infrastructure;13: Climate Action","SES, Inc.","N/A","84219","View","",
"ACR967","N/A","1155","Alsea River Forest Carbon Project","Forest Carbon","Improved Forest Management (IFM) on Non-Federal U.S. Forestlands","12/30/2022","12/30/2022","12/29/2042","Registered","Not ARB or Ecology Eligible","04/16/2026","The project area is located in Benton and Lincoln counties, in proximity to the Alsea River, approximately 18 miles due east of Tillicum Beach on the Pacific Ocean and 10 miles west of Alsea, Oregon.","OREGON","US","03: Good Health and Well-Being;06: Clean Water and Sanitation;13: Climate Action;15: Life on Land","S&A Carbon, LLC","S&A Carbon, LLC","40949","View","",
"ACR841","CAMM5841","Keyrock Energy LLC","American Eagle Mine Methane Incineration Project","Coal Mine Methane","ARB Compliance Offset Protocol: Mine Methane Capture Projects","05/15/2022","05/15/2022","03/31/2032","N/A","Transferred ARB or Ecology Project","12/31/2024","Cabin Creek","WEST VIRGINIA","US","09: Industry, Innovation and Infrastructure;13: Climate Action","Dillon Consulting Limited","N/A","293279","View","",
"ACR693","N/A","Fireside Holdings Inc (DBA American Refrigerants Inc)","American Refrigerants 1","Industrial Process Emissions","Certified Reclaimed HFC Refrigerants, Propellants, and Fire Suppressants","02/06/2020","02/06/2020","02/05/2035","Completed","Not ARB or Ecology Eligible","09/15/2023","Bradenton, FL","FLORIDA","US","03: Good Health and Well-Being;09: Industry, Innovation and Infrastructure;12: Responsible Consumption and Production;13: Climate Action","SCS Global Services (Scientific Certification Systems)","SCS Global Services (Scientific Certification Systems)","13250","View","",
"ACR1050","N/A","Anew Carbon Development, LLC","American Refrigerants HFC Reclamation Project - 2023","Industrial Process Emissions","Certified Reclaimed HFC Refrigerants, Propellants, and Fire Suppressants","01/09/2023","01/09/2023","01/08/2038","Completed","Not ARB or Ecology Eligible","05/15/2025","2053, 58 Ave, Circle E, Bradenton","FLORIDA","US","03: Good Health and Well-Being;09: Industry, Innovation and Infrastructure;12: Responsible Consumption and Production;13: Climate Action","SCS Global Services (Scientific Certification Systems)","SCS Global Services (Scientific Certification Systems)","42686","View","www.ameri-ref.com",
"ACR1171","N/A","Anew Carbon Development, LLC","American Refrigerants HFC Reclamation Project - 2024","Industrial Process Emissions","Certified Reclaimed HFC Refrigerants, Propellants, and Fire Suppressants","01/25/2024","01/25/2024","01/24/2039","Listed","Not ARB or Ecology Eligible","06/17/2025","2053, 58 Ave, Circle E, Bradenton","FLORIDA","US","09: Industry, Innovation and Infrastructure;12: Responsible Consumption and Production;13: Climate Action","SCS Global Services (Scientific Certification Systems)","","","View","www.ameri-ref.com",
"ACR1247","N/A","Anew Carbon Development, LLC","American Refrigerants HFC Reclamation Project - 2025","Industrial Process Emissions","Certified Reclaimed HFC Refrigerants, Propellants, and Fire Suppressants","02/04/2025","02/04/2025","02/03/2040","Listed","Not ARB or Ecology Eligible","04/20/2026","2053, 58 Ave, Circle E, Bradenton, 34203","FLORIDA","US","09: Industry, Innovation and Infrastructure;12: Responsible Consumption and Production;13: Climate Action","","","","View","www.ameri-ref.com",
"ACR1166","N/A","AMR Holdings, LLC","AMR Great Plains Climate Sustainability Restoration Project 1-OK","Industrial Process Emissions","Plugging Orphan Oil and Gas Wells in the U.S. and Canada","12/19/2025","12/19/2025","12/18/2045","Listed","Not ARB or Ecology Eligible","04/28/2025","Beckham County","OKLAHOMA","US","03: Good Health and Well-Being;09: Industry, Innovation and Infrastructure;12: Responsible Consumption and Production;13: Climate Action","SES, Inc.","","","View","www.americanmethanereduction.com",
"ACR566","N/A","Anew Carbon Development, LLC","Anew - 100-Mile Wilderness  Forestry Project","Forest Carbon","Improved Forest Management (IFM) on Non-Federal U.S. Forestlands","06/02/2020","06/02/2020","06/01/2040","Registered","Not ARB or Ecology Eligible","11/21/2022","Northern Maine","MAINE","US","03: Good Health and Well-Being;06: Clean Water and Sanitation;13: Climate Action;15: Life on Land","TÜV SÜD America, Inc.","TÜV SÜD America, Inc.","103103","View","",
"ACR754","N/A","Anew Carbon Development, LLC","Anew - Allagash Headwaters Forestry Project","Forest Carbon","Improved Forest Management (IFM) on Non-Federal U.S. Forestlands","07/27/2020","07/27/2020","07/26/2040","Registered","Not ARB or Ecology Eligible","06/03/2023","Piscataquis County","MAINE","US","03: Good Health and Well-Being;06: Clean Water and Sanitation;13: Climate Action;15: Life on Land","TÜV SÜD America, Inc.","TÜV SÜD America, Inc.","197868","View","",
"ACR618","N/A","Anew Carbon Development, LLC","Anew - Apalachicola River Forestry Project","Forest Carbon","Improved Forest Management (IFM) on Non-Federal U.S. Forestlands","01/08/2021","01/08/2021","01/07/2041","Registered","Not ARB or Ecology Eligible","12/19/2024","Blountstown, FL","FLORIDA","US","03: Good Health and Well-Being;06: Clean Water and Sanitation;13: Climate Action;15: Life on Land","TÜV SÜD America, Inc.","TÜV SÜD America, Inc.","564652","View","",
"ACR863","N/A","Anew Carbon Development, LLC","Anew - Appalachian Hollows Forestry Project","Forest Carbon","Improved Forest Management (IFM) on Non-Federal U.S. Forestlands","04/13/2022","04/13/2022","04/12/2042","Registered","Not ARB or Ecology Eligible","11/25/2025","West Virginia","WEST VIRGINIA","US","03: Good Health and Well-Being;06: Clean Water and Sanitation;09: Industry, Innovation and Infrastructure;13: Climate Action;15: Life on Land","TÜV SÜD America, Inc.","TÜV SÜD America, Inc.","143190","View","",
"ACR861","N/A","Anew Carbon Development, LLC","Anew - Arkansas River Basin Forestry Project","Forest Carbon","Improved Forest Management (IFM) on Non-Federal U.S. Forestlands","04/13/2022","04/13/2022","04/12/2062","Listed","Not ARB or Ecology Eligible","04/18/2023","Arkansas, Louisiana, Mississippi","ARKANSAS; MISSISSIPPI; LOUISIANA","US","03: Good Health and Well-Being;06: Clean Water and Sanitation;13: Climate Action;15: Life on Land","Aster Global Environmental Solutions","","","View","",
"ACR860","N/A","Anew Carbon Development, LLC","Anew - Arrowhead Forestry Project","Forest Carbon","Improved Forest Management (IFM) on Non-Federal U.S. Forestlands","04/13/2022","04/13/2022","04/12/2042","Registered","Not ARB or Ecology Eligible","05/16/2025","Minnesota","MINNESOTA","US","03: Good Health and Well-Being;06: Clean Water and Sanitation;13: Climate Action;15: Life on Land","SCS Global Services (Scientific Certification Systems)","SCS Global Services (Scientific Certification Systems)","114291","View","",
"ACR880","N/A","Anew Carbon Development, LLC","Anew - Ashland County Forestry Project","Forest Carbon","Improved Forest Management (IFM) on Non-Federal U.S. Forestlands","03/31/2022","03/31/2022","03/30/2042","Registered","Not ARB or Ecology Eligible","07/24/2025","Ashland County, Wisconsin","WISCONSIN","US","03: Good Health and Well-Being;06: Clean Water and Sanitation;13: Climate Action;15: Life on Land","TÜV SÜD America, Inc.","TÜV SÜD America, Inc.","96868","View","",
"ACR643","N/A","Anew Carbon Development, LLC","Anew - Bayfield County Forest Project","Forest Carbon","Improved Forest Management (IFM) on Non-Federal U.S. Forestlands","04/01/2021","04/01/2021","03/31/2041","Registered","Not ARB or Ecology Eligible","06/09/2023","Bayfield County","WISCONSIN","US","03: Good Health and Well-Being;06: Clean Water and Sanitation;13: Climate Action;15: Life on Land","TÜV SÜD America, Inc.","TÜV SÜD America, Inc.","558755","View","",
"ACR1087","N/A","Anew Carbon Development, LLC","Anew - Beaver Falls Forestry Project","Forest Carbon","Improved Forest Management (IFM) on Canadian Forestlands","12/01/2023","12/01/2023","11/30/2043","Listed","Not ARB or Ecology Eligible","09/20/2024","District of Algoma","ONTARIO","CA","03: Good Health and Well-Being;06: Clean Water and Sanitation;13: Climate Action;15: Life on Land","OmnexFuturepast","","","View","",
"ACR851","N/A","Anew Carbon Development, LLC","Anew - Big Poplar Forestry Project","Forest Carbon","Improved Forest Management (IFM) on Non-Federal U.S. Forestlands","04/13/2022","04/13/2022","04/12/2042","Registered","Not ARB or Ecology Eligible","04/19/2024","Virginia and West Virginia","WEST VIRGINIA; VIRGINIA","US","03: Good Health and Well-Being;06: Clean Water and Sanitation;09: Industry, Innovation and Infrastructure;13: Climate Action;15: Life on Land","TÜV SÜD America, Inc.","TÜV SÜD America, Inc.","1487347","View","",
"ACR588","N/A","Anew Carbon Development, LLC","Anew - Big Six Forestry Project","Forest Carbon","Improved Forest Management (IFM) on Non-Federal U.S. Forestlands","08/12/2020","08/12/2020","08/11/2040","Registered","Not ARB or Ecology Eligible","06/17/2022","Northern Maine","MAINE","US","03: Good Health and Well-Being;06: Clean Water and Sanitation;13: Climate Action;15: Life on Land","TÜV SÜD America, Inc.","TÜV SÜD America, Inc.","275041","View","",
"ACR590","N/A","Anew Carbon Development, LLC","Anew - Blue Ridge Escarpment Forestry Project","Forest Carbon","Improved Forest Management (IFM) on Non-Federal U.S. Forestlands","08/13/2020","08/13/2020","08/12/2040","Registered","Not ARB or Ecology Eligible","06/22/2023","Oconee, Pickens, and Greenville counties","SOUTH CAROLINA","US","03: Good Health and Well-Being;06: Clean Water and Sanitation;13: Climate Action;15: Life on Land","SCS Global Services (Scientific Certification Systems)","SCS Global Services (Scientific Certification Systems)","123727","View","",
"ACR613","N/A","Anew Carbon Development, LLC","Anew - Bluestone Forestry Project","Forest Carbon","Improved Forest Management (IFM) on Non-Federal U.S. Forestlands","12/17/2020","12/17/2020","12/16/2040","Registered","Not ARB or Ecology Eligible","11/19/2024","Beckley","WEST VIRGINIA","US","03: Good Health and Well-Being;06: Clean Water and Sanitation;13: Climate Action;15: Life on Land","TÜV SÜD America, Inc.","TÜV SÜD America, Inc.","247819","View","",
"ACR596","N/A","Anew Carbon Development, LLC","Anew - Boone Forestry Project","Forest Carbon","Improved Forest Management (IFM) on Non-Federal U.S. Forestlands","10/19/2019","10/19/2019","10/18/2039","Registered","Not ARB or Ecology Eligible","06/09/2023","SE Kentucky","KENTUCKY","US","03: Good Health and Well-Being;06: Clean Water and Sanitation;13: Climate Action;15: Life on Land","TÜV SÜD America, Inc.","TÜV SÜD America, Inc.","1377328","View","",
"ACR518","N/A","Anew Carbon Development, LLC","Anew - Burnt Mountain Forestry Project","Forest Carbon","Improved Forest Management (IFM) on Non-Federal U.S. Forestlands","08/31/2018","08/31/2018","08/30/2038","Registered","Not ARB or Ecology Eligible","10/09/2019","Montgomery, VT","VERMONT","US","03: Good Health and Well-Being;06: Clean Water and Sanitation;13: Climate Action;15: Life on Land","TÜV SÜD America, Inc.","SCS Global Services (Scientific Certification Systems)","224215","View","",
"ACR653","N/A","Anew Carbon Development, LLC","Anew - Canada Creek Forestry Project","Forest Carbon","Improved Forest Management (IFM) on Non-Federal U.S. Forestlands","05/05/2021","05/05/2021","05/04/2041","Registered","Not ARB or Ecology Eligible","05/17/2023","Montmorency County, MI","MICHIGAN","US","03: Good Health and Well-Being;06: Clean Water and Sanitation;13: Climate Action;15: Life on Land","SCS Global Services (Scientific Certification Systems)","SCS Global Services (Scientific Certification Systems)","46257","View","",
"ACR1003","N/A","Anew Carbon Development, LLC","Anew - Cassidy Forestry Project","Forest Carbon","Improved Forest Management (IFM) on Non-Federal U.S. Forestlands","05/15/2023","05/15/2023","05/14/2043","Listed","Not ARB or Ecology Eligible","04/05/2024","Penobscot, Piscataquis and Somerset counties, Maine","MAINE","US","03: Good Health and Well-Being;06: Clean Water and Sanitation;13: Climate Action;15: Life on Land","Aster Global Environmental Solutions","","","View","",
"ACR864","N/A","Anew Carbon Development, LLC","Anew - Chestnut Oak Forestry Project","Forest Carbon","Improved Forest Management (IFM) on Non-Federal U.S. Forestlands","04/13/2022","04/13/2022","04/12/2042","Registered","Not ARB or Ecology Eligible","12/11/2025","West Virginia","WEST VIRGINIA","US","03: Good Health and Well-Being;06: Clean Water and Sanitation;09: Industry, Innovation and Infrastructure;13: Climate Action;15: Life on Land","TÜV SÜD America, Inc.","TÜV SÜD America, Inc.","83544","View","",
"ACR1235","N/A","Anew Carbon Development, LLC","Anew - Claybelt Forestry Project","Forest Carbon","Improved Forest Management (IFM) on Canadian Forestlands","12/05/2023","12/05/2023","12/04/2043","Listed","Not ARB or Ecology Eligible","04/29/2026","Timmins Ontario","ONTARIO","CA","03: Good Health and Well-Being;06: Clean Water and Sanitation;13: Climate Action;15: Life on Land","TÜV SÜD America, Inc.","","","View","",
"ACR718","N/A","Anew Carbon Development, LLC","Anew - Cole & Crane Forestry Project","Forest Carbon","Improved Forest Management (IFM) on Non-Federal U.S. Forestlands","12/17/2021","12/17/2021","12/16/2041","Registered","Not ARB or Ecology Eligible","02/04/2025","Southern West Virginia","WEST VIRGINIA","US","03: Good Health and Well-Being;06: Clean Water and Sanitation;13: Climate Action;15: Life on Land","TÜV SÜD America, Inc.","TÜV SÜD America, Inc.","230747","View","",
"ACR616","N/A","Anew Carbon Development, LLC","Anew - Columbia River Forestry Project","Forest Carbon","Improved Forest Management (IFM) on Non-Federal U.S. Forestlands","02/16/2021","02/16/2021","02/15/2041","Registered","Not ARB or Ecology Eligible","12/20/2024","Columbia, Pacific, Klickitat, Skamania, Yakima Counties","WASHINGTON","US","03: Good Health and Well-Being;06: Clean Water and Sanitation;13: Climate Action;15: Life on Land","S&A Carbon, LLC","S&A Carbon, LLC","275687","View","",
"ACR664","N/A","Anew Carbon Development, LLC","Anew - Connecticut River Forestry Project","Forest Carbon","Improved Forest Management (IFM) on Non-Federal U.S. Forestlands","05/20/2021","05/20/2021","05/19/2041","Registered","Not ARB or Ecology Eligible","10/20/2025","Vermont, New Hampshire, Massachusetts","VERMONT; MASSACHUSETTS; NEW HAMPSHIRE","US","03: Good Health and Well-Being;06: Clean Water and Sanitation;13: Climate Action;15: Life on Land","SCS Global Services (Scientific Certification Systems)","SCS Global Services (Scientific Certification Systems)","197380","View","",
"ACR865","N/A","Anew Carbon Development, LLC","Anew - Cumberland Gap Forestry Project","Forest Carbon","Improved Forest Management (IFM) on Non-Federal U.S. Forestlands","04/13/2022","04/13/2022","04/12/2042","Registered","Not ARB or Ecology Eligible","11/26/2024","Kentucky","KENTUCKY; VIRGINIA","US","03: Good Health and Well-Being;06: Clean Water and Sanitation;09: Industry, Innovation and Infrastructure;13: Climate Action;15: Life on Land","TÜV SÜD America, Inc.","TÜV SÜD America, Inc.","1735924","View","",
"ACR398","N/A","Anew Carbon Development, LLC","Anew - Doe Mountain Forestry Project","Forest Carbon","Improved Forest Management (IFM) on Non-Federal U.S. Forestlands","10/10/2017","10/10/2017","10/09/2037","Registered","Not ARB or Ecology Eligible","10/04/2018","Johnson County, Tennessee","TENNESSEE","US","03: Good Health and Well-Being;06: Clean Water and Sanitation;13: Climate Action;15: Life on Land","TÜV SÜD America, Inc.","SCS Global Services (Scientific Certification Systems)","629724","View","",
"ACR592","N/A","Anew Carbon Development, LLC","Anew - Doyon Native Community Forest Project","Forest Carbon","Improved Forest Management (IFM) on Non-Federal U.S. Forestlands","08/19/2020","08/19/2020","08/18/2040","Registered","Not ARB or Ecology Eligible","09/26/2022","Yukon-Koyukuk and Southeast Fairbanks counties","ALASKA","US","03: Good Health and Well-Being;06: Clean Water and Sanitation;13: Climate Action;15: Life on Land","SCS Global Services (Scientific Certification Systems)","SCS Global Services (Scientific Certification Systems)","905579","View","",
"ACR632","N/A","Northeast Wilderness Trust","Anew - Eagle Mountain Forestry Project","Forest Carbon","Improved Forest Management (IFM) on Non-Federal U.S. Forestlands","03/26/2021","03/26/2021","03/25/2041","Registered","Not ARB or Ecology Eligible","04/04/2023","New York, New Hampshire, Vermont, Maine","NEW YORK; MAINE; VERMONT; NEW HAMPSHIRE","US","03: Good Health and Well-Being;06: Clean Water and Sanitation;13: Climate Action;15: Life on Land","S&A Carbon, LLC","SCS Global Services (Scientific Certification Systems)","96635","View","newildernesstrust.org",
"ACR569","N/A","Anew Carbon Development, LLC","Anew - East Branch Forestry Project","Forest Carbon","Improved Forest Management (IFM) on Non-Federal U.S. Forestlands","07/01/2020","07/01/2020","06/30/2040","Registered","Not ARB or Ecology Eligible","10/27/2022","Upper Peninsula, Michigan","MICHIGAN","US","03: Good Health and Well-Being;06: Clean Water and Sanitation;09: Industry, Innovation and Infrastructure;13: Climate Action;15: Life on Land","SCS Global Services (Scientific Certification Systems)","SCS Global Services (Scientific Certification Systems)","204129","View","",
"ACR984","N/A","Anew Carbon Development, LLC","Anew - Eau Claire County Forestry Project","Forest Carbon","Improved Forest Management (IFM) on Non-Federal U.S. Forestlands","03/23/2023","03/23/2023","03/22/2043","Listed","Not ARB or Ecology Eligible","03/05/2024","Eau Claire County, Wisconsin","WISCONSIN","US","03: Good Health and Well-Being;06: Clean Water and Sanitation;13: Climate Action;15: Life on Land","TÜV SÜD America, Inc.","","","View","",
"ACR595","N/A","Anew Carbon Development, LLC","Anew - Elk Forestry Project","Forest Carbon","Improved Forest Management (IFM) on Non-Federal U.S. Forestlands","10/19/2019","10/19/2019","10/18/2039","Registered","Not ARB or Ecology Eligible","06/27/2023","SE Kentucky","KENTUCKY","US","03: Good Health and Well-Being;06: Clean Water and Sanitation;13: Climate Action;15: Life on Land","TÜV SÜD America, Inc.","TÜV SÜD America, Inc.","632438","View","",
"ACR1143","N/A","Anew Carbon Development, LLC","Anew - Elliott State Research Forest Project","Forest Carbon","Improved Forest Management (IFM) on Non-Federal U.S. Forestlands","10/31/2024","10/31/2024","10/30/2044","Listed","Not ARB or Ecology Eligible","05/05/2025","Coos Bay, Oregon","OREGON","US","03: Good Health and Well-Being;06: Clean Water and Sanitation;13: Climate Action;15: Life on Land","","","","View","https://www.oregon.gov/dsl/pages/elliott.aspx",
"ACR705","N/A","Anew Carbon Development, LLC","Anew - Empire Riverlands Forestry Project","Forest Carbon","Improved Forest Management (IFM) on Non-Federal U.S. Forestlands","12/17/2021","12/17/2021","12/16/2041","Registered","Not ARB or Ecology Eligible","12/13/2023","Lewis, Herkimer, and Oneida Counties, New York State","NEW YORK","US","03: Good Health and Well-Being;06: Clean Water and Sanitation;13: Climate Action;15: Life on Land","TÜV SÜD America, Inc.","TÜV SÜD America, Inc.","831987","View","",
"ACR867","N/A","Anew Carbon Development, LLC","Anew - Gauley River Forestry Project","Forest Carbon","Improved Forest Management (IFM) on Non-Federal U.S. Forestlands","04/13/2022","04/13/2022","04/12/2042","Registered","Not ARB or Ecology Eligible","07/01/2025","West Virginia","WEST VIRGINIA","US","03: Good Health and Well-Being;06: Clean Water and Sanitation;13: Climate Action;15: Life on Land","TÜV SÜD America, Inc.","TÜV SÜD America, Inc.","149783","View","",
"ACR856","N/A","Anew Carbon Development, LLC","Anew - Gingercake Ridge Forestry Project","Forest Carbon","Improved Forest Management (IFM) on Non-Federal U.S. Forestlands","04/13/2022","04/13/2022","04/12/2042","Registered","Not ARB or Ecology Eligible","07/01/2025","Kentucky, Tennessee","KENTUCKY; TENNESSEE","US","03: Good Health and Well-Being;06: Clean Water and Sanitation;09: Industry, Innovation and Infrastructure;13: Climate Action;15: Life on Land","TÜV SÜD America, Inc.","TÜV SÜD America, Inc.","135097","View","",
"ACR901","CAFR5901","Anew Carbon Development, LLC","Anew - Glacial Lakes Forestry Project","Forest Carbon","ARB Compliance Offset Protocol: U.S. Forest Projects","06/27/2023","06/27/2023","06/26/2048","N/A","ARB Inactive","01/23/2026","Michigan/Wisonsin","WISCONSIN","US","06: Clean Water and Sanitation;13: Climate Action;15: Life on Land","SCS Global Services (Scientific Certification Systems)","N/A","","View","",
"ACR862","N/A","Anew Carbon Development, LLC","Anew - Gotham Woods Forestry Project","Forest Carbon","Improved Forest Management (IFM) on Non-Federal U.S. Forestlands","10/18/2023","10/18/2023","10/17/2043","Listed","Not ARB or Ecology Eligible","04/18/2023","Perry County, Lewis County,  Overton County, and Fentress County, Tennessee","TENNESSEE","US","03: Good Health and Well-Being;06: Clean Water and Sanitation;13: Climate Action;15: Life on Land","TÜV SÜD America, Inc.","","","View","",
"ACR858","N/A","Anew Carbon Development, LLC","Anew - Gray Wolf Forestry Project","Forest Carbon","Improved Forest Management (IFM) on Non-Federal U.S. Forestlands","04/13/2022","04/13/2022","04/12/2062","Listed","Not ARB or Ecology Eligible","04/17/2023","Michigan","MICHIGAN","US","03: Good Health and Well-Being;06: Clean Water and Sanitation;13: Climate Action;15: Life on Land","SCS Global Services (Scientific Certification Systems)","","","View","",
"ACR506","N/A","Anew Carbon Development, LLC","Anew - Greenleaf Forestry Project","Forest Carbon","Improved Forest Management (IFM) on Non-Federal U.S. Forestlands","04/11/2019","04/11/2019","04/10/2039","Registered","Not ARB or Ecology Eligible","03/18/2021","Upper Peninsula Michigan","MICHIGAN; WISCONSIN","US","03: Good Health and Well-Being;06: Clean Water and Sanitation;13: Climate Action;15: Life on Land","S&A Carbon, LLC","SCS Global Services (Scientific Certification Systems)","839530","View","",
"ACR1230","N/A","Anew Carbon Development, LLC","Anew - Harrison Forestry Project","Forest Carbon","Improved Forest Management (IFM) on Canadian Forestlands","06/18/2025","06/18/2025","06/17/2045","Listed","Not ARB or Ecology Eligible","01/16/2026","Parrsboro","NOVA SCOTIA","CA","03: Good Health and Well-Being;06: Clean Water and Sanitation;13: Climate Action;15: Life on Land","","","","View","",
"ACR687","N/A","Anew Carbon Development, LLC","Anew - Hartwood Forestry Project","Forest Carbon","Improved Forest Management (IFM) on Non-Federal U.S. Forestlands","09/30/2021","09/30/2021","09/29/2041","Registered","Not ARB or Ecology Eligible","12/06/2023","Hartwood Club, Inc. 195 Baer Road, Forestburgh, NY 12777","NEW YORK","US","03: Good Health and Well-Being;06: Clean Water and Sanitation;13: Climate Action;15: Life on Land","TÜV SÜD America, Inc.","TÜV SÜD America, Inc.","41263","View","",
"ACR866","N/A","Anew Carbon Development, LLC","Anew - Kanawha River Forestry Project","Forest Carbon","Improved Forest Management (IFM) on Non-Federal U.S. Forestlands","04/13/2022","04/13/2022","04/12/2042","Registered","Not ARB or Ecology Eligible","04/19/2024","West Virginia","WEST VIRGINIA","US","03: Good Health and Well-Being;06: Clean Water and Sanitation;09: Industry, Innovation and Infrastructure;13: Climate Action;15: Life on Land","TÜV SÜD America, Inc.","TÜV SÜD America, Inc.","2020062","View","",
"ACR698","N/A","Anew Carbon Development, LLC","Anew - Katahdin Forestry Project","Forest Carbon","Improved Forest Management (IFM) on Non-Federal U.S. Forestlands","11/19/2019","11/19/2019","11/18/2039","Registered","Not ARB or Ecology Eligible","06/08/2023","Piscataquis and Penobscot Counties","MAINE","US","03: Good Health and Well-Being;06: Clean Water and Sanitation;13: Climate Action;15: Life on Land","TÜV SÜD America, Inc.","TÜV SÜD America, Inc.","770071","View","",
"ACR459","N/A","Anew Carbon Development, LLC","Anew - Klawock Heenya Native Community Forestry Project","Forest Carbon","Improved Forest Management (IFM) on Non-Federal U.S. Forestlands","07/27/2018","07/27/2018","07/26/2038","Registered","Not ARB or Ecology Eligible","07/19/2019","Klawock","ALASKA","US","03: Good Health and Well-Being;06: Clean Water and Sanitation;13: Climate Action;15: Life on Land","TÜV SÜD America, Inc.","SCS Global Services (Scientific Certification Systems)","450956","View","",
"ACR499","N/A","Anew Carbon Development, LLC","Anew - Kootznoowoo Native Community Forestry Project","Forest Carbon","Improved Forest Management (IFM) on Non-Federal U.S. Forestlands","08/20/2018","08/20/2018","08/19/2038","Registered","Not ARB or Ecology Eligible","08/03/2019","Prince of Wales","ALASKA","US","03: Good Health and Well-Being;06: Clean Water and Sanitation;13: Climate Action;15: Life on Land","TÜV SÜD America, Inc.","S&A Carbon, LLC","956932","View","",
"ACR982","N/A","Anew Carbon Development, LLC","Anew - Linkletter Forestry Project","Forest Carbon","Improved Forest Management (IFM) on Non-Federal U.S. Forestlands","11/16/2022","11/16/2022","11/15/2042","Listed","Not ARB or Ecology Eligible","03/05/2024","Franklin, Oxford, Somerset, Piscataquis, and Penobscot Counties, Maine","MAINE","US","03: Good Health and Well-Being;06: Clean Water and Sanitation;13: Climate Action;15: Life on Land","Aster Global Environmental Solutions","","","View","",
"ACR852","N/A","Anew Carbon Development, LLC","Anew - Little Bear Forestry Project","Forest Carbon","Improved Forest Management (IFM) on Non-Federal U.S. Forestlands","04/13/2022","04/13/2022","04/12/2042","Registered","Not ARB or Ecology Eligible","04/26/2024","Virginia, West Virginia","WEST VIRGINIA; VIRGINIA","US","03: Good Health and Well-Being;06: Clean Water and Sanitation;09: Industry, Innovation and Infrastructure;13: Climate Action;15: Life on Land","TÜV SÜD America, Inc.","TÜV SÜD America, Inc.","619826","View","",
"ACR699","N/A","Anew Carbon Development, LLC","Anew - Longview Ranch Forestry Project","Forest Carbon","Improved Forest Management (IFM) on Non-Federal U.S. Forestlands","08/17/2021","08/17/2021","08/16/2041","Registered","Not ARB or Ecology Eligible","12/08/2023","Grant and Wheeler Counties, Oregon","OREGON","US","03: Good Health and Well-Being;06: Clean Water and Sanitation;13: Climate Action;15: Life on Land","TÜV SÜD America, Inc.","TÜV SÜD America, Inc.","128195","View","",
"ACR855","N/A","Anew Carbon Development, LLC","Anew - Louisiana Lowlands Forestry Project","Forest Carbon","Improved Forest Management (IFM) on Non-Federal U.S. Forestlands","04/13/2022","04/13/2022","04/12/2042","Registered","Not ARB or Ecology Eligible","12/16/2025","Louisiana","LOUISIANA","US","03: Good Health and Well-Being;06: Clean Water and Sanitation;13: Climate Action;15: Life on Land","TÜV SÜD America, Inc.","TÜV SÜD America, Inc.","373528","View","",
"ACR828","N/A","Anew Carbon Development, LLC","Anew - Manistique Forestry Project","Forest Carbon","Improved Forest Management (IFM) on Non-Federal U.S. Forestlands","08/03/2022","08/03/2022","08/02/2042","Registered","Not ARB or Ecology Eligible","11/14/2024","Upper Peninsula, Michigan","MICHIGAN","US","03: Good Health and Well-Being;06: Clean Water and Sanitation;13: Climate Action;15: Life on Land","SCS Global Services (Scientific Certification Systems)","SCS Global Services (Scientific Certification Systems)","121574","View","",
"ACR376","N/A","Anew Carbon Development, LLC","Anew - Massachusetts Tri-City Forestry Project","Forest Carbon","Improved Forest Management (IFM) on Non-Federal U.S. Forestlands","03/17/2017","03/17/2017","03/16/2037","Registered","Not ARB or Ecology Eligible","10/23/2018","Hampden and Tolland Counties, Massachusetts","MASSACHUSETTS","US","03: Good Health and Well-Being;06: Clean Water and Sanitation;13: Climate Action;15: Life on Land","S&A Carbon, LLC","SCS Global Services (Scientific Certification Systems)","839783","View","",
"ACR683","N/A","Anew Carbon Development, LLC","Anew - McCoy Forestry Project","Forest Carbon","Improved Forest Management (IFM) on Non-Federal U.S. Forestlands","07/20/2021","07/20/2021","07/19/2041","Registered","Not ARB or Ecology Eligible","07/17/2024","Adams, Scioto, Pike, Highland, and Brown Counties, Ohio","OHIO","US","03: Good Health and Well-Being;06: Clean Water and Sanitation;13: Climate Action;15: Life on Land","SCS Global Services (Scientific Certification Systems)","SCS Global Services (Scientific Certification Systems)","53723","View","",
"ACR614","N/A","Anew Carbon Development, LLC","Anew - Michigan DNR Big Wild Forestry Project","Forest Carbon","Improved Forest Management (IFM) on Non-Federal U.S. Forestlands","08/14/2020","08/14/2020","08/13/2040","Registered","Not ARB or Ecology Eligible","08/26/2022","Pigeon River Country State Forest, Michigan","MICHIGAN","US","03: Good Health and Well-Being;06: Clean Water and Sanitation;13: Climate Action;15: Life on Land","SCS Global Services (Scientific Certification Systems)","SCS Global Services (Scientific Certification Systems)","938224","View","https://www.michigan.gov/dnr/0,4570,7-350-79134_103466---,00.html",
"ACR690","N/A","Anew Carbon Development, LLC","Anew - Michigan DNR Wolverine Copper Forestry Project","Forest Carbon","Improved Forest Management (IFM) on Non-Federal U.S. Forestlands","12/21/2021","12/21/2021","12/20/2041","Registered","Not ARB or Ecology Eligible","04/03/2024","Michigan; Emmet, Cheboygan, Charlevoix, Otsego, Antrim, Keweenaw, and Houghton counties","MICHIGAN","US","03: Good Health and Well-Being;06: Clean Water and Sanitation;13: Climate Action;15: Life on Land","SCS Global Services (Scientific Certification Systems)","SCS Global Services (Scientific Certification Systems)","569499","View","",
"ACR368","N/A","Anew Carbon Development, LLC","Anew - Middlebury Forestry Project","Forest Carbon","Improved Forest Management (IFM) on Non-Federal U.S. Forestlands","05/16/2016","05/16/2016","05/15/2036","Registered","Not ARB or Ecology Eligible","08/11/2017","Middlebury, Vermont","VERMONT","US","03: Good Health and Well-Being;06: Clean Water and Sanitation;09: Industry, Innovation and Infrastructure;13: Climate Action;15: Life on Land","TÜV SÜD America, Inc.","SCS Global Services (Scientific Certification Systems)","138696","View","",
"ACR604","N/A","Anew Carbon Development, LLC","Anew - Moose Country Divide Forestry Project","Forest Carbon","Improved Forest Management (IFM) on Non-Federal U.S. Forestlands","10/06/2020","10/06/2020","10/05/2040","Registered","Not ARB or Ecology Eligible","08/23/2022","Baraga county","MICHIGAN","US","03: Good Health and Well-Being;06: Clean Water and Sanitation;13: Climate Action;15: Life on Land","SCS Global Services (Scientific Certification Systems)","SCS Global Services (Scientific Certification Systems)","270710","View","",
"ACR555","CAFR5555","Anew Carbon Development, LLC","Anew - Navajo Nation Forestry Project","Forest Carbon","ARB Compliance Offset Protocol: U.S. Forest Projects","08/29/2023","08/29/2023","08/28/2048","N/A","Listed - Active ARB Project","09/01/2023","Fort Defiance","ARIZONA; NEW MEXICO","US","06: Clean Water and Sanitation;13: Climate Action;15: Life on Land","TÜV SÜD America, Inc.","N/A","4890961","View","",
"ACR1086","N/A","Anew Carbon Development, LLC","Anew - Newaygo Forestry Project","Forest Carbon","Improved Forest Management (IFM) on Canadian Forestlands","04/08/2024","04/08/2024","04/07/2044","Listed","Not ARB or Ecology Eligible","09/20/2024","Districts of Cochrane and Algoma","ONTARIO","CA","03: Good Health and Well-Being;06: Clean Water and Sanitation;13: Climate Action;15: Life on Land","","","","View","",
"ACR587","N/A","Anew Carbon Development, LLC","Anew - North Maine Woods Forestry Project","Forest Carbon","Improved Forest Management (IFM) on Non-Federal U.S. Forestlands","09/04/2020","09/04/2020","09/03/2040","Registered","Not ARB or Ecology Eligible","07/20/2022","Somerset County, Maine","MAINE","US","03: Good Health and Well-Being;06: Clean Water and Sanitation;13: Climate Action;15: Life on Land","TÜV SÜD America, Inc.","TÜV SÜD America, Inc.","794421","View","",
"ACR639","N/A","Anew Carbon Development, LLC","Anew - Northeast Kingdom Forestry Project","Forest Carbon","Improved Forest Management (IFM) on Non-Federal U.S. Forestlands","04/21/2021","04/21/2021","04/20/2041","Registered","Not ARB or Ecology Eligible","12/20/2023","Orleans, Essex and Caledonia counties, Vermont and Coos county, New Hampshire","VERMONT","US","03: Good Health and Well-Being;06: Clean Water and Sanitation;13: Climate Action;15: Life on Land","SCS Global Services (Scientific Certification Systems)","SCS Global Services (Scientific Certification Systems)","52239","View","",
"ACR838","N/A","Anew Carbon Development, LLC","Anew - Northern Algoma Forest Project","Forest Carbon","Improved Forest Management (IFM) on Canadian Forestlands","10/22/2022","10/22/2022","10/21/2042","Listed","Not ARB or Ecology Eligible","07/27/2023","Wawa","ONTARIO","CA","03: Good Health and Well-Being;06: Clean Water and Sanitation;13: Climate Action;15: Life on Land","SCS Global Services (Scientific Certification Systems)","","","View","",
"ACR1004","N/A","Anew Carbon Development, LLC","Anew - Nova North Forestry Project","Forest Carbon","Improved Forest Management (IFM) on Canadian Forestlands","10/01/2022","10/01/2022","09/30/2042","Listed","Not ARB or Ecology Eligible","09/17/2024","Pictou, Guysborough, Hants, and Colchester counties","NOVA SCOTIA","CA","03: Good Health and Well-Being;06: Clean Water and Sanitation;13: Climate Action;15: Life on Land","SCS Global Services (Scientific Certification Systems)","","","View","",
"ACR507","N/A","Anew Carbon Development, LLC","Anew - Pennsylvania Ridges Forestry Project","Forest Carbon","Improved Forest Management (IFM) on Non-Federal U.S. Forestlands","12/14/2018","12/14/2018","12/13/2038","Canceled","Not ARB or Ecology Eligible","12/28/2023","Clinton and Schuylkill Counties","PENNSYLVANIA","US","03: Good Health and Well-Being;06: Clean Water and Sanitation;13: Climate Action;15: Life on Land","SCS Global Services (Scientific Certification Systems)","SCS Global Services (Scientific Certification Systems)","168471","View","",
"ACR710","N/A","Anew Carbon Development, LLC","Anew - Price County Forestry Project","Forest Carbon","Improved Forest Management (IFM) on Non-Federal U.S. Forestlands","12/14/2021","12/14/2021","12/13/2041","Registered","Not ARB or Ecology Eligible","03/11/2026","Price County","WISCONSIN","US","03: Good Health and Well-Being;06: Clean Water and Sanitation;13: Climate Action;15: Life on Land","TÜV SÜD America, Inc.","TÜV SÜD America, Inc.","145362","View","",
"ACR680","N/A","Anew Carbon Development, LLC","Anew - Quinte Forestry Project","Forest Carbon","Improved Forest Management (IFM) on Canadian Forestlands","06/22/2020","06/22/2020","06/21/2040","Registered","Not ARB or Ecology Eligible","01/12/2024","Quinte region","ONTARIO","CA","03: Good Health and Well-Being;06: Clean Water and Sanitation;13: Climate Action;15: Life on Land","S&A Carbon, LLC","S&A Carbon, LLC","544244","View","",
"ACR576","N/A","Anew Carbon Development, LLC","Anew - Rainier Gateway Forestry Project","Forest Carbon","Improved Forest Management (IFM) on Non-Federal U.S. Forestlands","07/07/2020","07/07/2020","07/06/2040","Registered","Not ARB or Ecology Eligible","03/31/2023","Pierce County, WA","WASHINGTON","US","03: Good Health and Well-Being;06: Clean Water and Sanitation;13: Climate Action;15: Life on Land","S&A Carbon, LLC","S&A Carbon, LLC","102975","View","",
"ACR534","N/A","Anew Carbon Development, LLC","Anew - Shaan Seet Native Community Forestry Project","Forest Carbon","Improved Forest Management (IFM) on Non-Federal U.S. Forestlands","01/10/2019","01/10/2019","01/09/2039","Registered","Not ARB or Ecology Eligible","03/29/2021","Prince of Wales Island","ALASKA","US","03: Good Health and Well-Being;06: Clean Water and Sanitation;11: Sustainable Cities and Communities;13: Climate Action;15: Life on Land","TÜV SÜD America, Inc.","S&A Carbon, LLC","397513","View","",
"ACR374","N/A","Anew Carbon Development, LLC","Anew - Shafer-Tuuk Forestry Project","Forest Carbon","Improved Forest Management (IFM) on Non-Federal U.S. Forestlands","07/29/2016","07/29/2016","07/28/2036","Registered","Not ARB or Ecology Eligible","04/03/2018","White County, Tennessee","TENNESSEE","US","03: Good Health and Well-Being;06: Clean Water and Sanitation;13: Climate Action;15: Life on Land","S&A Carbon, LLC","SCS Global Services (Scientific Certification Systems)","271561","View","",
"ACR505","N/A","Anew Carbon Development, LLC","Anew - Sharp Bingham Forestry Project","Forest Carbon","Improved Forest Management (IFM) on Non-Federal U.S. Forestlands","06/06/2019","06/06/2019","06/05/2039","Registered","Not ARB or Ecology Eligible","01/27/2022","Jackson County","ALABAMA","US","03: Good Health and Well-Being;06: Clean Water and Sanitation;13: Climate Action;15: Life on Land","OmnexFuturepast","TÜV SÜD America, Inc.","120868","View","",
"ACR677","N/A","Anew Carbon Development, LLC","Anew - Superior Watershed Forestry Project","Forest Carbon","Improved Forest Management (IFM) on Non-Federal U.S. Forestlands","08/27/2021","08/27/2021","08/26/2041","Registered","Not ARB or Ecology Eligible","06/24/2023","Iron County","WISCONSIN; MICHIGAN","US","03: Good Health and Well-Being;06: Clean Water and Sanitation;13: Climate Action;15: Life on Land","SCS Global Services (Scientific Certification Systems)","SCS Global Services (Scientific Certification Systems)","92970","View","",
"ACR681","N/A","Anew Carbon Development, LLC","Anew - Sylvania Forestry Project","Forest Carbon","Improved Forest Management (IFM) on Non-Federal U.S. Forestlands","07/23/2021","07/23/2021","07/22/2041","Registered","Not ARB or Ecology Eligible","10/23/2023","NW Pennsylvania and SW New York State","PENNSYLVANIA; NEW YORK","US","03: Good Health and Well-Being;06: Clean Water and Sanitation;09: Industry, Innovation and Infrastructure;13: Climate Action;15: Life on Land","SCS Global Services (Scientific Certification Systems)","SCS Global Services (Scientific Certification Systems)","186448","View","",
"ACR617","N/A","Anew Carbon Development, LLC","Anew - Tomah Highlands Forestry Project","Forest Carbon","Improved Forest Management (IFM) on Non-Federal U.S. Forestlands","11/25/2020","11/25/2020","11/24/2040","Registered","Not ARB or Ecology Eligible","12/29/2022","Aroostook, Washington Counties","MAINE","US","03: Good Health and Well-Being;06: Clean Water and Sanitation;13: Climate Action;15: Life on Land","TÜV SÜD America, Inc.","TÜV SÜD America, Inc.","175424","View","",
"ACR673","N/A","Anew Carbon Development, LLC","Anew - Two-Hearted Forestry Project","Forest Carbon","Improved Forest Management (IFM) on Non-Federal U.S. Forestlands","07/19/2019","07/19/2019","07/18/2039","Registered","Not ARB or Ecology Eligible","05/02/2023","Luce and Marquette Counties, Michigan","MICHIGAN","US","03: Good Health and Well-Being;06: Clean Water and Sanitation;13: Climate Action;15: Life on Land","SCS Global Services (Scientific Certification Systems)","SCS Global Services (Scientific Certification Systems)","146731","View","",
"ACR809","N/A","Anew Carbon Development, LLC","Anew - Walker Line Sustainable Forestry Project","Forest Carbon","Improved Forest Management (IFM) on Non-Federal U.S. Forestlands","03/18/2022","03/18/2022","03/17/2042","Registered","Not ARB or Ecology Eligible","08/26/2025","Campbell and Scott Counties, Tennessee; Bell, Knox and Whitley Counties, Kentucky","TENNESSEE; KENTUCKY","US","03: Good Health and Well-Being;06: Clean Water and Sanitation;13: Climate Action;15: Life on Land","TÜV SÜD America, Inc.","TÜV SÜD America, Inc.","305869","View","",
"ACR679","N/A","Anew Carbon Development, LLC","Anew - Washburn County Forestry Project","Forest Carbon","Improved Forest Management (IFM) on Non-Federal U.S. Forestlands","09/21/2021","09/21/2021","09/20/2041","Registered","Not ARB or Ecology Eligible","01/30/2025","Washburn County","WISCONSIN","US","03: Good Health and Well-Being;06: Clean Water and Sanitation;13: Climate Action;15: Life on Land","TÜV SÜD America, Inc.","TÜV SÜD America, Inc.","263714","View","",
"ACR633","N/A","Anew Carbon Development, LLC","Anew - White Mountain Forestry Project","Forest Carbon","Improved Forest Management (IFM) on Non-Federal U.S. Forestlands","11/20/2020","11/20/2020","11/19/2040","Registered","Not ARB or Ecology Eligible","06/27/2023","Carroll County","NEW HAMPSHIRE","US","03: Good Health and Well-Being;06: Clean Water and Sanitation;13: Climate Action;15: Life on Land","Aster Global Environmental Solutions","Aster Global Environmental Solutions","219324","View","www.ossipeemountainlandcompany.com",
"ACR720","N/A","Anew Carbon Development, LLC","Anew - Woodbury Forestry Project","Forest Carbon","Improved Forest Management (IFM) on Non-Federal U.S. Forestlands","12/21/2021","12/21/2021","12/20/2041","Registered","Not ARB or Ecology Eligible","02/07/2025","Lemoille, Washington, Caledonia Counties, VT","VERMONT","US","03: Good Health and Well-Being;06: Clean Water and Sanitation;13: Climate Action;15: Life on Land","SCS Global Services (Scientific Certification Systems)","SCS Global Services (Scientific Certification Systems)","112837","View","",
"ACR1070","N/A","Anew Carbon Development, LLC","Anew – Badger Woodlands Forestry Project","Forest Carbon","Improved Forest Management (IFM) on Non-Federal U.S. Forestlands","04/13/2022","04/13/2022","04/12/2042","Listed","Not ARB or Ecology Eligible","08/05/2024","Michigan/Wisconsin","WISCONSIN","US","03: Good Health and Well-Being;06: Clean Water and Sanitation;13: Climate Action;15: Life on Land","SCS Global Services (Scientific Certification Systems)","","","View","",
"ACR989","N/A","Anew Carbon Development, LLC","Anew – Douglas County Forestry Project","Forest Carbon","Improved Forest Management (IFM) on Non-Federal U.S. Forestlands","01/09/2023","01/09/2023","01/08/2043","Listed","Not ARB or Ecology Eligible","03/05/2024","Douglas County","WISCONSIN","US","03: Good Health and Well-Being;06: Clean Water and Sanitation;13: Climate Action;15: Life on Land","TÜV SÜD America, Inc.","","","View","",
"ACR685","N/A","Anew Carbon Development, LLC","Anew – Iron County Forestry Project","Forest Carbon","Improved Forest Management (IFM) on Non-Federal U.S. Forestlands","09/28/2021","09/28/2021","09/27/2041","Registered","Not ARB or Ecology Eligible","04/10/2024","Iron County","WISCONSIN","US","03: Good Health and Well-Being;06: Clean Water and Sanitation;13: Climate Action;15: Life on Land","TÜV SÜD America, Inc.","TÜV SÜD America, Inc.","435200","View","",
"ACR990","N/A","Anew Carbon Development, LLC","Anew – Jackson County Forestry Project","Forest Carbon","Improved Forest Management (IFM) on Non-Federal U.S. Forestlands","09/15/2023","09/15/2023","09/14/2043","Listed","Not ARB or Ecology Eligible","03/05/2024","Jackson County","WISCONSIN","US","03: Good Health and Well-Being;06: Clean Water and Sanitation;13: Climate Action;15: Life on Land","TÜV SÜD America, Inc.","","","View","",
"ACR684","N/A","Anew Carbon Development, LLC","Anew – Rusk County Forestry Project","Forest Carbon","Improved Forest Management (IFM) on Non-Federal U.S. Forestlands","09/23/2021","09/23/2021","09/22/2041","Registered","Not ARB or Ecology Eligible","01/22/2025","Rusk County","WISCONSIN","US","03: Good Health and Well-Being;06: Clean Water and Sanitation;13: Climate Action;15: Life on Land","TÜV SÜD America, Inc.","TÜV SÜD America, Inc.","261614","View","",
"ACR988","N/A","Anew Carbon Development, LLC","Anew – Sawyer County Forestry Project","Forest Carbon","Improved Forest Management (IFM) on Non-Federal U.S. Forestlands","11/22/2022","11/22/2022","11/21/2042","Registered","Not ARB or Ecology Eligible","03/23/2026","Sawyer County, Wisconsin","WISCONSIN","US","03: Good Health and Well-Being;06: Clean Water and Sanitation;09: Industry, Innovation and Infrastructure;13: Climate Action;15: Life on Land","TÜV SÜD America, Inc.","TÜV SÜD America, Inc.","254349","View","",
"ACR1071","N/A","Anew Carbon Development, LLC","Anew – Spruce Woods Forestry Project","Forest Carbon","Improved Forest Management (IFM) on Non-Federal U.S. Forestlands","04/13/2022","04/13/2022","04/12/2042","Listed","Not ARB or Ecology Eligible","08/05/2024","Northern New York","NEW YORK","US","03: Good Health and Well-Being;06: Clean Water and Sanitation;13: Climate Action;15: Life on Land","SCS Global Services (Scientific Certification Systems)","","","View","",
"ACR476","","302","Appalachia Carbon Project  2","Forest Carbon","ARB Compliance Offset Protocol: U.S. Forest Projects","04/01/2019","04/01/2019","04/01/2044","N/A","ARB Inactive","12/19/2022","Eastern Kentucky and minor acreage in VA","KENTUCKY; VIRGINIA","US","06: Clean Water and Sanitation;13: Climate Action;15: Life on Land","","N/A","","View","",
"ACR477","","302","Appalachia Carbon Project 3","Forest Carbon","ARB Compliance Offset Protocol: U.S. Forest Projects","04/01/2019","04/01/2019","04/01/2044","N/A","ARB Inactive","12/19/2022","Surroundings of Charleston, WV","WEST VIRGINIA","US","06: Clean Water and Sanitation;13: Climate Action;15: Life on Land","","N/A","","View","",
"ACR342","CAMM5342","Wabashco, LLC","Baker Mine AMM","Coal Mine Methane","ARB Compliance Offset Protocol: Mine Methane Capture Projects","04/04/2016","04/04/2016","10/04/2025","N/A","ARB Terminated","01/20/2022","1919 KY 132","KENTUCKY","US","09: Industry, Innovation and Infrastructure;13: Climate Action","TÜV SÜD America, Inc.","N/A","2236","View","",
"ACR272","N/A","City of Astoria","Bear Creek Watershed Forest Carbon Project","Forest Carbon","Improved Forest Management (IFM) on Non-Federal U.S. Forestlands","01/01/2014","01/01/2014","12/31/2033","Registered","Not ARB or Ecology Eligible","09/24/2015","10 miles southeast of the city of Astoria","OREGON","US","03: Good Health and Well-Being;06: Clean Water and Sanitation;13: Climate Action;15: Life on Land","Aster Global Environmental Solutions","Environmental Services, Inc.","411399","View","",
"ACR746","CAMM5746","Keyrock Energy LLC","Beckley Pocahontas Mine Methane Incineration Project","Coal Mine Methane","ARB Compliance Offset Protocol: Mine Methane Capture Projects","06/03/2021","06/03/2021","03/31/2031","N/A","Transferred ARB or Ecology Project","12/31/2024","Beckley","WEST VIRGINIA","US","09: Industry, Innovation and Infrastructure;13: Climate Action","Dillon Consulting Limited","N/A","187099","View","",
"ACR262","CAFR5212","Ross Bewley","Bewley Ranches","Forest Carbon","ARB Compliance Offset Protocol: U.S. Forest Projects","08/14/2014","08/14/2014","08/13/2039","N/A","Listed - Active ARB Project","08/04/2015","Mendocino County","CALIFORNIA","US","06: Clean Water and Sanitation;13: Climate Action;15: Life on Land","S&A Carbon, LLC","N/A","1194454","View","",
"ACR190","CALS5023","Camco Offsets I, LLC","Big Sky Dairy","Livestock Waste Management","ARB Compliance Offset Protocol: Capturing and Destroying Methane from Manure Management Systems","10/30/2011","10/30/2011","10/29/2022","N/A","ARB Terminated","06/18/2022","Gooding, ID","IDAHO","US","02: Zero Hunger;09: Industry, Innovation and Infrastructure;13: Climate Action","Agri-Waste Technology, Inc.","N/A","194151","View","",
"ACR282","CAFR5232","Yurok Tribe","Blue Creek","Forest Carbon","ARB Compliance Offset Protocol: U.S. Forest Projects","03/19/2015","03/19/2015","03/18/2040","N/A","Listed - Active ARB Project","10/14/2015","Humboldt and Del Norte County, California","CALIFORNIA","US","06: Clean Water and Sanitation;13: Climate Action;15: Life on Land","Aster Global Environmental Solutions","N/A","1471595","View","",
"ACR668","N/A","The Climate Trust","Blue Hills Forest Carbon Project","Forest Carbon","Improved Forest Management (IFM) on Non-Federal U.S. Forestlands","08/20/2021","08/20/2021","08/19/2041","Registered","Not ARB or Ecology Eligible","08/22/2024","Strafford and Belknap Counties, NH","NEW HAMPSHIRE","US","03: Good Health and Well-Being;06: Clean Water and Sanitation;13: Climate Action;15: Life on Land","Aster Global Environmental Solutions","Aster Global Environmental Solutions","30260","View","",
"ACR276","CAFR5226","Anew Carbon Development, LLC","Blue Source - Allegheny Improved Forest Management Project","Forest Carbon","ARB Compliance Offset Protocol: U.S. Forest Projects","10/27/2015","10/27/2015","10/26/2040","N/A","Listed - Active ARB Project","10/27/2015","Horner","WEST VIRGINIA","US","06: Clean Water and Sanitation;13: Climate Action;15: Life on Land","S&A Carbon, LLC","N/A","2460292","View","",
"ACR174","","Heartwood Forestland Fund IV","Blue Source - Bishop Improved Forest Management Project","Forest Carbon","ARB Compliance Offset Protocol: U.S. Forest Projects","02/15/2013","02/15/2013","02/15/2038","N/A","ARB Inactive","01/04/2024","Upper Peninsula MI","MICHIGAN","US","06: Clean Water and Sanitation;13: Climate Action;15: Life on Land","","N/A","","View","",
"ACR202","CAFR5043","Anew Carbon Development, LLC","Blue Source - Goodman Improved Forest Management Project","Forest Carbon","ARB Compliance Offset Protocol: U.S. Forest Projects","12/27/2013","12/27/2013","12/26/2038","N/A","Listed - Active ARB Project","02/11/2014","Forest, Florence, and Marienette Counties in Wisconsin","WISCONSIN","US","06: Clean Water and Sanitation;13: Climate Action;15: Life on Land","S&A Carbon, LLC","N/A","1042993","View","",
"ACR371","CAFR5371","Anew Carbon Development, LLC","Blue Source - Great Mountain Forest Improved Forest Management Project","Forest Carbon","ARB Compliance Offset Protocol: U.S. Forest Projects","03/10/2017","03/10/2017","03/09/2042","N/A","Listed - Active ARB Project","03/14/2017","Norfolk","CONNECTICUT","US","06: Clean Water and Sanitation;13: Climate Action;15: Life on Land","TÜV SÜD America, Inc.","N/A","417462","View","",
"ACR298","CAFR5248","Anew Carbon Development, LLC","Blue Source - Hancock McCloud Improved Forest Management Project","Forest Carbon","ARB Compliance Offset Protocol: U.S. Forest Projects","10/30/2015","10/30/2015","10/29/2040","N/A","ARB Inactive","02/09/2022","Weed, California","CALIFORNIA","US","06: Clean Water and Sanitation;13: Climate Action;15: Life on Land","","N/A","","View","",
"ACR237","CAFR1814","Anew Carbon Development, LLC","Blue Source - Hawthorne Ten Mile Watershed Improved Forest Management Project","Forest Carbon","ARB Compliance Offset Protocol: U.S. Forest Projects","02/12/2015","02/12/2015","02/11/2040","N/A","ARB Inactive","02/09/2022","CA","CALIFORNIA","US","06: Clean Water and Sanitation;13: Climate Action;15: Life on Land","Environmental Services, Inc.","N/A","","View","",
"ACR280","CAFR5230","Anew Carbon Development, LLC","Blue Source - Marmet Improved Forest Management Project","Forest Carbon","ARB Compliance Offset Protocol: U.S. Forest Projects","10/20/2015","10/20/2015","10/19/2040","N/A","Listed - Active ARB Project","10/20/2015","Logan","WEST VIRGINIA","US","06: Clean Water and Sanitation;13: Climate Action;15: Life on Land","S&A Carbon, LLC","N/A","1408367","View","",
"ACR373","CAFR5373","Anew Carbon Development, LLC","Blue Source - Northwoods Improved Forest Management Project","Forest Carbon","ARB Compliance Offset Protocol: U.S. Forest Projects","03/13/2017","03/13/2017","03/12/2042","N/A","Listed - Active ARB Project","03/14/2017","Hayward","WISCONSIN","US","06: Clean Water and Sanitation;13: Climate Action;15: Life on Land","SCS Global Services (Scientific Certification Systems)","N/A","585175","View","",
"ACR296","CAFR5246","Anew Carbon Development, LLC","Blue Source - ORM McCloud Improved Forest Management Project","Forest Carbon","ARB Compliance Offset Protocol: U.S. Forest Projects","10/30/2015","10/30/2015","10/29/2040","N/A","ARB Inactive","02/09/2022","Poulsbo, Washington","WASHINGTON","US","06: Clean Water and Sanitation;13: Climate Action;15: Life on Land","","N/A","","View","",
"ACR267","CAFR5207","Anew Carbon Development, LLC","Blue Source - Powellton Improved Forest Management Project","Forest Carbon","ARB Compliance Offset Protocol: U.S. Forest Projects","09/08/2015","09/08/2015","09/07/2040","N/A","Listed - Active ARB Project","09/16/2015","West Virginia","WEST VIRGINIA","US","06: Clean Water and Sanitation;13: Climate Action;15: Life on Land","S&A Carbon, LLC","N/A","2330817","View","",
"ACR393","CAFR5393","Anew Carbon Development, LLC","Blue Source - Wilderness Lakes Improved Forest Management Project","Forest Carbon","ARB Compliance Offset Protocol: U.S. Forest Projects","10/19/2017","10/19/2017","10/18/2042","N/A","Listed - Active ARB Project","10/19/2017","L'Anse","MICHIGAN","US","06: Clean Water and Sanitation;13: Climate Action;15: Life on Land","SCS Global Services (Scientific Certification Systems)","N/A","174007","View","",
"ACR281","CAFR5231","Anew Carbon Development, LLC","Blue Source - Wisconsin Northern Highlands Improved Forest Management Project","Forest Carbon","ARB Compliance Offset Protocol: U.S. Forest Projects","10/27/2015","10/27/2015","10/26/2040","N/A","Listed - Active ARB Project","10/27/2015","Spooner","WISCONSIN","US","06: Clean Water and Sanitation;13: Climate Action;15: Life on Land","SCS Global Services (Scientific Certification Systems)","N/A","408051","View","",
"ACR277","CAFR5227","Anew Carbon Development, LLC","Blue Source – Boone Forestlands Improved Forest Management Project","Forest Carbon","ARB Compliance Offset Protocol: U.S. Forest Projects","10/02/2015","10/02/2015","10/02/2040","N/A","ARB Inactive","10/15/2020","Pineville","KENTUCKY","US","06: Clean Water and Sanitation;13: Climate Action;15: Life on Land","","N/A","","View","",
"ACR278","CAFR5228","Anew Carbon Development, LLC","Blue Source – Elk Forest Improved Forest Management Project","Forest Carbon","ARB Compliance Offset Protocol: U.S. Forest Projects","10/27/2015","10/27/2015","10/26/2040","N/A","ARB Inactive","10/15/2020","Harlan","KENTUCKY","US","06: Clean Water and Sanitation;13: Climate Action;15: Life on Land","","N/A","","View","",
"ACR289","CAFR5239","Anew Carbon Development, LLC","Blue Source- Red Hill West Improved Forest Management Project","Forest Carbon","ARB Compliance Offset Protocol: U.S. Forest Projects","10/29/2015","10/29/2015","10/28/2040","N/A","ARB Inactive","02/09/2022","Monroe","ALABAMA","US","06: Clean Water and Sanitation;13: Climate Action;15: Life on Land","","N/A","","View","",
"ACR291","CAFR5241","Anew Carbon Development, LLC","Blue Source-Conservation Forestry Elk Improved Forest Management Project","Forest Carbon","ARB Compliance Offset Protocol: U.S. Forest Projects","10/30/2015","10/30/2015","10/29/2040","N/A","ARB Inactive","02/03/2022","Benezette","PENNSYLVANIA","US","06: Clean Water and Sanitation;13: Climate Action;15: Life on Land","","N/A","","View","",
"ACR300","CAFR5250","Anew Carbon Development, LLC","Blue Source-Gilchrist Improved Forest Management Project","Forest Carbon","ARB Compliance Offset Protocol: U.S. Forest Projects","10/30/2015","10/30/2015","10/29/2040","N/A","ARB Inactive","02/09/2022","Trenton,FL","FLORIDA","US","06: Clean Water and Sanitation;13: Climate Action;15: Life on Land","","N/A","","View","",
"ACR301","CAFR5251","Anew Carbon Development, LLC","Blue Source-Lafayette Improved Forest Management Project","Forest Carbon","ARB Compliance Offset Protocol: U.S. Forest Projects","10/30/2015","10/30/2015","10/29/2040","N/A","ARB Inactive","02/09/2022","Cross City, FL","FLORIDA","US","06: Clean Water and Sanitation;13: Climate Action;15: Life on Land","","N/A","","View","",
"ACR299","CAFR5249","Anew Carbon Development, LLC","Blue Source-St. Croix Improved Forest Management Project","Forest Carbon","ARB Compliance Offset Protocol: U.S. Forest Projects","10/30/2015","10/30/2015","10/29/2040","N/A","ARB Inactive","02/09/2022","Hayward, WI","WISCONSIN","US","06: Clean Water and Sanitation;13: Climate Action;15: Life on Land","","N/A","","View","",
"ACR297","CAFR5247","Anew Carbon Development, LLC","Blue Source-Texarkana Improved Forest Management Project","Forest Carbon","ARB Compliance Offset Protocol: U.S. Forest Projects","10/30/2015","10/30/2015","10/29/2040","N/A","ARB Inactive","02/09/2022","New Boston, Texas","TEXAS","US","06: Clean Water and Sanitation;13: Climate Action;15: Life on Land","","N/A","","View","",
"ACR417","CAFR5417","918","Bluesource - Baskahegan Improved Forest Management Project","Forest Carbon","ARB Compliance Offset Protocol: U.S. Forest Projects","04/18/2018","04/18/2018","04/17/2043","N/A","Listed - Active ARB Project","04/18/2018","Brookton","MAINE","US","06: Clean Water and Sanitation;13: Climate Action;15: Life on Land","SCS Global Services (Scientific Certification Systems)","N/A","1106117","View","",
"ACR437","CAFR5437","Anew Carbon Development, LLC","Bluesource - Cumberland Mountains Improved Forest Management Project","Forest Carbon","ARB Compliance Offset Protocol: U.S. Forest Projects","10/30/2018","10/30/2018","10/29/2043","N/A","Listed - Active ARB Project","10/30/2018","West Virginia","WEST VIRGINIA; VIRGINIA","US","06: Clean Water and Sanitation;13: Climate Action;15: Life on Land","S&A Carbon, LLC","N/A","8018855","View","",
"ACR553","CAFR5553","Anew Carbon Development, LLC","Bluesource - Cypress Improved Forest Management Project","Forest Carbon","ARB Compliance Offset Protocol: U.S. Forest Projects","05/12/2020","05/12/2020","05/11/2045","N/A","ARB Inactive","03/29/2022","St. Martin","LOUISIANA","US","06: Clean Water and Sanitation;13: Climate Action;15: Life on Land","TÜV SÜD America, Inc.","N/A","","View","",
"ACR425","CAFR5425","Anew Carbon Development, LLC","Bluesource - Goldbelt Improved Forest Management Project","Forest Carbon","ARB Compliance Offset Protocol: U.S. Forest Projects","06/06/2018","06/06/2018","06/05/2043","N/A","Listed - Active ARB Project","06/04/2018","Hobart Bay","ALASKA","US","06: Clean Water and Sanitation;13: Climate Action;15: Life on Land","TÜV SÜD America, Inc.","N/A","480213","View","",
"ACR458","CAFR5458","Anew Carbon Development, LLC","Bluesource - Haida Improved Forest Management Project","Forest Carbon","ARB Compliance Offset Protocol: U.S. Forest Projects","01/18/2019","01/18/2019","07/17/2043","N/A","Listed - Active ARB Project","01/30/2019","Prince of Wales-Hyder","ALASKA","US","06: Clean Water and Sanitation;13: Climate Action;15: Life on Land","TÜV SÜD America, Inc.","N/A","362722","View","",
"ACR456","","Anew Carbon Development, LLC","Bluesource - Kootznoowoo Improved Forest Management Project","Forest Carbon","ARB Compliance Offset Protocol: U.S. Forest Projects","01/03/2019","01/03/2019","01/02/2044","N/A","ARB Inactive","07/19/2019","Prince of Wales-Hyder","ALASKA","US","06: Clean Water and Sanitation;13: Climate Action;15: Life on Land","","N/A","","View","",
"ACR549","CAFR5549","Anew Carbon Development, LLC","Bluesource - Spirit Falls Improved Forest Management Project","Forest Carbon","ARB Compliance Offset Protocol: U.S. Forest Projects","05/05/2020","05/05/2020","05/04/2045","N/A","Listed - Active ARB Project","05/06/2020","Lincoln County","WISCONSIN","US","06: Clean Water and Sanitation;13: Climate Action;15: Life on Land","SCS Global Services (Scientific Certification Systems)","N/A","667729","View","",
"ACR498","CAFR5498","Anew Carbon Development, LLC","Bluesource - Two-Hearted Improved Forest Management Project","Forest Carbon","ARB Compliance Offset Protocol: U.S. Forest Projects","07/19/2019","07/19/2019","11/18/2044","N/A","ARB Inactive","11/14/2021","Luce","MICHIGAN","US","06: Clean Water and Sanitation;13: Climate Action;15: Life on Land","Aster Global Environmental Solutions","N/A","","View","",
"ACR638","CAFR5638","Anew Carbon Development, LLC","Bluesource - Vermejo Forestry Project","Forest Carbon","ARB Compliance Offset Protocol: U.S. Forest Projects","04/30/2021","04/30/2021","10/29/2045","N/A","Listed - Active ARB Project","10/18/2021","New Mexico, Colorado","NEW MEXICO; COLORADO","US","06: Clean Water and Sanitation;13: Climate Action;15: Life on Land","TÜV SÜD America, Inc.","N/A","3117050","View","",
"ACR438","CAFR5438","Anew Carbon Development, LLC","Bluesource – Burnt Mountain Improved Forest Management Project","Forest Carbon","ARB Compliance Offset Protocol: U.S. Forest Projects","11/01/2018","11/01/2018","10/31/2043","N/A","ARB Inactive","10/07/2019","Franklin, Lamoille, and Orleans counties","VERMONT","US","06: Clean Water and Sanitation;13: Climate Action;15: Life on Land","SCS Global Services (Scientific Certification Systems)","N/A","","View","",
"ACR439","CAFR5439","Anew Carbon Development, LLC","Bluesource – Edge of Appalachia Improved Forest Management Project","Forest Carbon","ARB Compliance Offset Protocol: U.S. Forest Projects","01/31/2019","01/31/2019","09/30/2043","N/A","Listed - Active ARB Project","11/07/2018","Adams, Pike and Highland counties","OHIO","US","06: Clean Water and Sanitation;13: Climate Action;15: Life on Land","S&A Carbon, LLC","N/A","829168","View","",
"ACR403","CAMM5403","Anew Carbon Development, LLC","Bluesource GCS Bear Canyon","Coal Mine Methane","ARB Compliance Offset Protocol: Mine Methane Capture Projects","03/02/2018","03/02/2018","11/30/2027","N/A","Listed - Active ARB Project","01/25/2018","794 North C Canyon Road, East Carbon","UTAH","US","09: Industry, Innovation and Infrastructure;13: Climate Action","SCS Global Services (Scientific Certification Systems)","N/A","151339","View","",
"ACR407","CAMM5407","Environmental Commodities Corporation","BMMC1","Coal Mine Methane","ARB Compliance Offset Protocol: Mine Methane Capture Projects","12/01/2017","12/01/2017","01/31/2028","N/A","Listed - Active ARB Project","01/29/2018","Cameron","WEST VIRGINIA; PENNSYLVANIA","US","09: Industry, Innovation and Infrastructure;13: Climate Action","First Environment of California, Inc.","N/A","1333115","View","",
"ACR105","N/A","F.I.T Timber Ltd","Boa Vista A/R","Forest Carbon","AR-ACM0001 Afforestation and Reforestation of Degraded Land","05/14/1999","05/14/1999","05/13/2039","Canceled","Not ARB or Ecology Eligible","03/21/2022","Boa Vista","Roraima","BR","06: Clean Water and Sanitation;13: Climate Action;15: Life on Land","SCS Global Services (Scientific Certification Systems)","","3674586","View","",
"ACR806","CAMM5806","Keyrock Environment LLC","Bonny Abandoned Mine Methane Recovery Project","Coal Mine Methane","ARB Compliance Offset Protocol: Mine Methane Capture Projects","02/12/2022","02/12/2022","10/31/2031","N/A","Transferred ARB or Ecology Project","08/11/2025","Mount Hope","WEST VIRGINIA","US","09: Industry, Innovation and Infrastructure;13: Climate Action","Dillon Consulting Limited","N/A","181520","View","",
"ACR106","N/A","Biogas Energy Solutions","Brickyard LFG to Energy","Landfill Gas Capture & Combustion","Monitoring, Reporting and Verification Protocol for Landfill Gas Combustion","09/01/1999","09/01/1999","07/01/2007","Completed","Not ARB or Ecology Eligible","05/01/2012","Danville","ILLINOIS","US","","ERT","","138492","View","",
"ACR920","N/A","Loci Controls, Inc.","Broome County Nanticoke Landfill, Binghamton, NY:  GHG Emissions Reduction Automation Collection of Landfill Gas","Landfill Gas Capture & Combustion","Landfill Gas Destruction and Beneficial Use Projects","06/01/2023","06/01/2023","05/31/2033","Registered","Not ARB or Ecology Eligible","11/24/2025","286 Knapp Rd Binghamton, NY 13905","NEW YORK","US","03: Good Health and Well-Being;07: Affordable and Clean Energy;09: Industry, Innovation and Infrastructure;11: Sustainable Cities and Communities;12: Responsible Consumption and Production;13: Climate Action","First Environment, Inc.","First Environment, Inc.","80536","View","",
"ACR200","CAFR5200","Edward Miller Trust","Brush Creek","Forest Carbon","ARB Compliance Offset Protocol: U.S. Forest Projects","12/10/2013","12/10/2013","12/09/2038","N/A","Listed - Active ARB Project","12/31/2013","6 miles northeast of Point Arena CA","CALIFORNIA","US","06: Clean Water and Sanitation;13: Climate Action;15: Life on Land","","N/A","169491","View","",
"ACR1123","CAMM1123","NextEra Energy Marketing, LLC","Buchanan VAM II VS-18","Coal Mine Methane","ARB Compliance Offset Protocol: Mine Methane Capture Projects","04/27/2024","04/27/2024","12/31/2033","N/A","Listed - Active ARB Project","03/17/2025","Raven, Buchanan County","VIRGINIA","US","09: Industry, Innovation and Infrastructure;13: Climate Action","First Environment of California, Inc.","N/A","75540","View","",
"ACR908","CAMM5908","NextEra Energy Marketing, LLC","Buchanan VAM VS-16","Coal Mine Methane","ARB Compliance Offset Protocol: Mine Methane Capture Projects","07/26/2022","07/26/2022","12/31/2032","N/A","Listed - Active ARB Project","07/26/2023","18900 Dismal River Road, Whitewood","VIRGINIA","US","09: Industry, Innovation and Infrastructure;13: Climate Action","TÜV SÜD America, Inc.","N/A","356639","View","",
"ACR1031","N/A","The Climate Trust","Burnett County Timberlands","Forest Carbon","Improved Forest Management (IFM) on Non-Federal U.S. Forestlands","02/28/2024","02/28/2024","02/27/2044","Listed","Not ARB or Ecology Eligible","05/24/2024","Burnett County","WISCONSIN","US","03: Good Health and Well-Being;06: Clean Water and Sanitation;13: Climate Action;15: Life on Land","Aster Global Environmental Solutions","","","View","",
"ACR1024","N/A","Weyerhaeuser NR Company","Calabrella IFM Project","Forest Carbon","Improved Forest Management (IFM) on Non-Federal U.S. Forestlands","05/01/2024","05/01/2024","04/30/2044","Registered","Not ARB or Ecology Eligible","12/31/2025","Central Mississippi","MISSISSIPPI","US","03: Good Health and Well-Being;06: Clean Water and Sanitation;09: Industry, Innovation and Infrastructure;13: Climate Action;15: Life on Land","S&A Carbon, LLC","S&A Carbon, LLC","78857","View","",
"ACR1057","N/A","EFM Investments & Advisory, Inc.","Calawah-Bogachiel IFM Project","Forest Carbon","Improved Forest Management (IFM) on Non-Federal U.S. Forestlands","01/01/2023","01/01/2023","12/31/2042","Registered","Not ARB or Ecology Eligible","12/29/2025","Clallam County","WASHINGTON","US","03: Good Health and Well-Being;06: Clean Water and Sanitation;13: Climate Action;15: Life on Land","S&A Carbon, LLC","S&A Carbon, LLC","69714","View","",
"ACR107","N/A","E+Co","Camargo Fuel Substitution","Fuel Switching","Fuel switching from coal and/or petroleum fuels to natural gas in existing Power Plant for electricity generation","01/01/2005","01/01/2005","12/31/2014","Completed","Not ARB or Ecology Eligible","05/01/2012","Camargo","Nor Ciniti","BO","","CONSOT SRL - SERVICIOS DE CONSULTORIA","","1138","View","",
"ACR242","CAMM5172","Vessels Carbon Solutions","Cambria 33 Abandoned Mine Methane Capture and Use Project","Coal Mine Methane","ARB Compliance Offset Protocol: Mine Methane Capture Projects","06/22/2018","06/22/2018","12/31/2027","N/A","Listed - Active ARB Project","02/26/2015","Ebensburg","PENNSYLVANIA","US","09: Industry, Innovation and Infrastructure;13: Climate Action","First Environment of California, Inc.","N/A","221141","View","",
"ACR1158","N/A","Loci Controls, Inc.","Camino Real Landfill, Sunland Park, NM: GHG Emission Reduction Automation Collection of Landfill Gas","Landfill Gas Capture & Combustion","Landfill Gas Destruction and Beneficial Use Projects","12/01/2023","12/01/2023","11/30/2033","Registered","Not ARB or Ecology Eligible","11/06/2025","Sunland Park, NM","NEW MEXICO","US","03: Good Health and Well-Being;07: Affordable and Clean Energy;09: Industry, Innovation and Infrastructure;11: Sustainable Cities and Communities;12: Responsible Consumption and Production;13: Climate Action","SCS Global Services (Scientific Certification Systems)","SCS Global Services (Scientific Certification Systems)","23812","View","",
"ACR288","CAFR5238","280","Camp Shelby Forest Carbon Project","Forest Carbon","ARB Compliance Offset Protocol: U.S. Forest Projects","07/29/2015","07/29/2015","07/28/2040","N/A","Listed - Active ARB Project","10/30/2015","Forrest and Perry Counties","MISSISSIPPI","US","06: Clean Water and Sanitation;13: Climate Action;15: Life on Land","TÜV SÜD America, Inc.","N/A","36017","View","",
"ACR942","N/A","Terra Verde Inc","Cape Fox Carbon IFM","Forest Carbon","Improved Forest Management (IFM) on Non-Federal U.S. Forestlands","09/29/2023","09/29/2023","09/28/2043","Registered","Not ARB or Ecology Eligible","09/08/2025","Ketchikan","ALASKA","US","03: Good Health and Well-Being;06: Clean Water and Sanitation;13: Climate Action;15: Life on Land","TÜV SÜD America, Inc.","TÜV SÜD America, Inc.","299371","View","www.capefoxcorp.com",
"ACR377","CAFR5377","California Timberlands 2 LLC","Cappell Creek Improved Forest Management Project","Forest Carbon","ARB Compliance Offset Protocol: U.S. Forest Projects","09/16/2016","09/16/2016","03/16/2041","N/A","Transferred ARB or Ecology Project","10/29/2021","Humboldt County, CA","CALIFORNIA","US","06: Clean Water and Sanitation;13: Climate Action;15: Life on Land","TÜV SÜD America, Inc.","N/A","397743","View","",
"ACR881","N/A","Newlight Technologies, Inc.","Capture and removal of fugitive venting coal mine methane 50-5","Coal Mine Methane","Capturing and Destroying Methane from Coal and Trona Mines in North America","01/10/2024","01/10/2024","01/09/2034","Listed","Not ARB or Ecology Eligible","01/31/2024","Greene County, PA","PENNSYLVANIA","US","03: Good Health and Well-Being;08: Decent Work and Economic Growth;09: Industry, Innovation and Infrastructure;12: Responsible Consumption and Production;13: Climate Action;15: Life on Land","First Environment, Inc.","","","View","www.newlight.com",
"ACR968","N/A","Yellowbird Energy, LLC","Capture and Utilization of Coal Mine Methane from Pre-Mining Well Systems","Coal Mine Methane","Capturing and Destroying Methane from Coal and Trona Mines in North America","01/22/2024","01/22/2024","01/21/2034","Listed","Not ARB or Ecology Eligible","08/06/2025","Greene County,PA","PENNSYLVANIA","US","03: Good Health and Well-Being;07: Affordable and Clean Energy;09: Industry, Innovation and Infrastructure;12: Responsible Consumption and Production;13: Climate Action","Agri-Waste Technology, Inc.","","","View","",
"ACR630","CAMM5630","Sunrise Energy, LLC","Carlisle Abandoned Mine Methane Recovery Project","Coal Mine Methane","ARB Compliance Offset Protocol: Mine Methane Capture Projects","02/25/2021","02/25/2021","02/24/2032","N/A","Listed - Active ARB Project","01/10/2023","1466 E. State Road 58, Carlisle","INDIANA","US","09: Industry, Innovation and Infrastructure;13: Climate Action","First Environment of California, Inc.","N/A","282395","View","",
"ACR1141","N/A","The Climate Trust","Cascades Forestry Project","Forest Carbon","Improved Forest Management (IFM) on Non-Federal U.S. Forestlands","12/15/2023","12/15/2023","12/14/2043","Listed","Not ARB or Ecology Eligible","04/21/2025","Oregon and Washington","WASHINGTON; OREGON","US","03: Good Health and Well-Being;06: Clean Water and Sanitation;13: Climate Action;15: Life on Land","SCS Global Services (Scientific Certification Systems)","","","View","",
"ACR408","N/A","Camco EAM, LLC","Castelanelli Bros Dairy Digester","Livestock Waste Management","AMS-III.Y: Methane avoidance through separation of solids from wastewater or manure treatment systems","07/01/2018","07/01/2018","12/31/2019","Canceled","Not ARB or Ecology Eligible","11/11/2024","San Joaquin County","CALIFORNIA","US","09: Industry, Innovation and Infrastructure;11: Sustainable Cities and Communities;13: Climate Action","First Environment, Inc.","First Environment, Inc.","11295","View","",
"ACR1056","N/A","EFM Investments & Advisory, Inc.","Cedar Flats IFM Project","Forest Carbon","Improved Forest Management (IFM) on Non-Federal U.S. Forestlands","05/01/2022","05/01/2022","04/30/2042","Listed","Not ARB or Ecology Eligible","10/01/2024","Jefferson County","WASHINGTON","US","03: Good Health and Well-Being;06: Clean Water and Sanitation;13: Climate Action;15: Life on Land","SCS Global Services (Scientific Certification Systems)","","","View","",
"ACR1205","N/A","Therm Solutions Inc.","Certified Reclaimed HFC Refrigerants, Propellants, and Fire Suppressants- 2025001","Industrial Process Emissions","Certified Reclaimed HFC Refrigerants, Propellants, and Fire Suppressants","08/01/2024","08/01/2024","07/31/2039","Completed","Not ARB or Ecology Eligible","01/25/2026","Livonia, MI","MICHIGAN","US","09: Industry, Innovation and Infrastructure;12: Responsible Consumption and Production;13: Climate Action","First Environment, Inc.","First Environment, Inc.","300634","View","",
"ACR1060","N/A","Therm Solutions Inc.","Certified Reclaimed HFC Refrigerants, Propellants, and Fire Suppressants-2024001","Industrial Process Emissions","Certified Reclaimed HFC Refrigerants, Propellants, and Fire Suppressants","08/06/2022","08/06/2022","08/05/2037","Completed","Not ARB or Ecology Eligible","10/30/2024","Livonia, Michigan","MICHIGAN","US","03: Good Health and Well-Being;09: Industry, Innovation and Infrastructure;12: Responsible Consumption and Production;13: Climate Action","First Environment, Inc.","First Environment, Inc.","179549","View","",
"ACR1190","N/A","Therm Solutions Inc.","Certified Reclaimed HFC Refrigerants, Propellants, and Fire Suppressants-2024002","Industrial Process Emissions","Certified Reclaimed HFC Refrigerants, Propellants, and Fire Suppressants","08/02/2023","08/02/2023","08/01/2038","Completed","Not ARB or Ecology Eligible","01/25/2026","Livonia, Michigan","MICHIGAN","US","09: Industry, Innovation and Infrastructure;12: Responsible Consumption and Production;13: Climate Action","First Environment, Inc.","First Environment, Inc.","215169","View","",
"ACR651","CAMM5651","CH4 Solutions LLC","CH4 - BWM Carbon Capture Project 1","Coal Mine Methane","ARB Compliance Offset Protocol: Mine Methane Capture Projects","01/19/2021","01/19/2021","08/15/2030","N/A","Listed - Active ARB Project","07/19/2021","Windham Springs","ALABAMA","US","09: Industry, Innovation and Infrastructure;13: Climate Action","SES, Inc.","N/A","104877","View","",
"ACR800","CAMM5800","CH4 Solutions LLC","CH4-BWM Carbon Capture Project 2","Coal Mine Methane","ARB Compliance Offset Protocol: Mine Methane Capture Projects","10/18/2021","10/18/2021","10/17/2031","N/A","Listed - Active ARB Project","10/25/2022","Jefferson County","ALABAMA","US","09: Industry, Innovation and Infrastructure;13: Climate Action","SES, Inc.","N/A","79944","View","",
"ACR716","N/A","737","Chahta Yakni Ishtayah","Forest Carbon","Improved Forest Management (IFM) on Non-Federal U.S. Forestlands","12/03/2020","12/03/2020","12/02/2040","Registered","Not ARB or Ecology Eligible","04/19/2024","Choctaw, MS","MISSISSIPPI","US","03: Good Health and Well-Being;06: Clean Water and Sanitation;13: Climate Action;15: Life on Land","TÜV SÜD America, Inc.","TÜV SÜD America, Inc.","392469","View","",
"ACR1006","N/A","1169","Challenge Tree Farm IFM Project","Forest Carbon","Improved Forest Management (IFM) on Non-Federal U.S. Forestlands","10/10/2022","10/10/2022","10/09/2042","Registered","Not ARB or Ecology Eligible","01/29/2025","Yuba and Butte County","CALIFORNIA","US","03: Good Health and Well-Being;06: Clean Water and Sanitation;13: Climate Action;15: Life on Land","SCS Global Services (Scientific Certification Systems)","SCS Global Services (Scientific Certification Systems)","33895","View","",
"ACR909","ECYFR909","Opal Mountain LLC","Cherry Creek Avoided Conversion Project","Forest Carbon","ECY Compliance Offset Protocol: U.S. Forest Projects","01/30/2024","01/30/2024","01/29/2049","N/A","Listed - Proposed Project","07/03/2024","Jefferson and Wheeler County","OREGON","US","06: Clean Water and Sanitation;13: Climate Action;15: Life on Land","TÜV SÜD America, Inc.","","","View","",
"ACR109","N/A","Chesapeake Energy","Chesapeake Mizer Pneumatic Retrofit","Industrial Process Emissions","Conversion of High-Bleed Pneumatic Controllers in Oil and Natural Gas Systems","01/01/2008","01/01/2008","12/31/2017","Completed","Not ARB or Ecology Eligible","07/26/2022","Oklahoma, Texas, New Mexico, Kansas and Arkansas","OKLAHOMA; ALASKA; KANSAS; NEW MEXICO; TEXAS","US","07: Affordable and Clean Energy;09: Industry, Innovation and Infrastructure;13: Climate Action","","","541804","View","",
"ACR1206","N/A","Forest Carbon Works, PBC","Chestnut American Woodlands Project 1","Forest Carbon","Improved Forest Management (IFM) on Non-Federal U.S. Forestlands","01/23/2025","01/23/2025","01/22/2045","Listed","Not ARB or Ecology Eligible","08/28/2025","Cattaraugus, Cayuga, Erie, Lewis, Livingston, Madison, Monroe, Oneida, Ontario, Otsego, Rensselaer, Schuyler, Steuben, Washington, Yates, Allegany, Cattaraugus, Chautauqua, Cortland, Delaware, Essex, Genesee, Jefferson, Monroe, Oswego, Saratoga, and","NEW YORK","US","03: Good Health and Well-Being;06: Clean Water and Sanitation;09: Industry, Innovation and Infrastructure;13: Climate Action;15: Life on Land","","","","View","www.chestnutcarbon.com",
"ACR110","N/A","Biogas Energy Solutions","Chicago LFG to Energy","Landfill Gas Capture & Combustion","Monitoring, Reporting and Verification Protocol for Landfill Gas Combustion","02/01/1998","02/01/1998","07/01/2007","Completed","Not ARB or Ecology Eligible","05/01/2012","Chicago","ILLINOIS","US","","ERT","","62262","View","",
"ACR380","N/A","Bank of Montreal","CIG Pilot Project 1 - Nitrogen Management Credit Program (NMCP) Project","Agricultural Land Management","N2O Emission Reductions through Reduced Use of Fertilizer on Agricultural Crops","04/01/2013","04/01/2013","03/31/2020","Completed","Not ARB or Ecology Eligible","07/26/2022","NCR","IOWA; INDIANA; MINNESOTA","US","02: Zero Hunger;06: Clean Water and Sanitation;13: Climate Action","Environmental Services, Inc.","Environmental Services, Inc.","70","View","",
"ACR390","CALS5390","3Degrees Group, Inc.","Clean Fuel Partners Dane County Biodigester","Livestock Waste Management","ARB Compliance Offset Protocol: Capturing and Destroying Methane from Manure Management Systems","04/01/2016","04/01/2016","03/31/2027","N/A","ARB Terminated","01/06/2024","6321 Cuba Valley Road, Dane County","WISCONSIN","US","02: Zero Hunger;09: Industry, Innovation and Infrastructure;13: Climate Action","Agri-Waste Technology, Inc.","N/A","47847","View","",
"ACR250","CAFR5203","Edward Miller Trust","Clear Heart","Forest Carbon","ARB Compliance Offset Protocol: U.S. Forest Projects","04/28/2015","04/28/2015","04/27/2040","N/A","ARB Inactive","01/04/2024","Mendocino and Sonoma Counties","CALIFORNIA","US","06: Clean Water and Sanitation;13: Climate Action;15: Life on Land","","N/A","","View","",
"ACR594","CAMM5594","Environmental Commodities Corporation","CMMC1","Coal Mine Methane","ARB Compliance Offset Protocol: Mine Methane Capture Projects","10/09/2019","10/09/2019","03/31/2030","N/A","Listed - Active ARB Project","10/07/2020","Cadiz","OHIO","US","09: Industry, Innovation and Infrastructure;13: Climate Action","SES, Inc.","N/A","56106","View","www.eccintl.com",
"ACR1051","CAMM1051","Environmental Commodities Corporation","CMMC2","Coal Mine Methane","ARB Compliance Offset Protocol: Mine Methane Capture Projects","02/09/2024","02/09/2024","02/09/2034","N/A","Listed - Active ARB Project","08/14/2024","Hanson, Kentucky","KENTUCKY","US","09: Industry, Innovation and Infrastructure;13: Climate Action","SES, Inc.","N/A","20698","View","",
"ACR1167","CAMM1167","Environmental Commodities Corporation","CMMC3","Coal Mine Methane","ARB Compliance Offset Protocol: Mine Methane Capture Projects","10/17/2024","10/17/2024","05/31/2034","N/A","Listed - Active Registry Project","05/12/2025","Cresson","PENNSYLVANIA","US","09: Industry, Innovation and Infrastructure;13: Climate Action","First Environment of California, Inc.","N/A","49757","View","",
"ACR930","N/A","Carbon Shield LLC","CO Orphan Well P&A CS-23-001","Industrial Process Emissions","Plugging Orphan Oil and Gas Wells in the U.S. and Canada","07/08/2024","07/08/2024","07/07/2044","Completed","Not ARB or Ecology Eligible","07/10/2025","Adams County","COLORADO","US","03: Good Health and Well-Being;09: Industry, Innovation and Infrastructure;12: Responsible Consumption and Production;13: Climate Action","First Environment, Inc.","First Environment, Inc.","78007","View","",
"ACR1010","N/A","Carbon Shield LLC","CO Orphan Well P&A CS-24-01","Industrial Process Emissions","Plugging Orphan Oil and Gas Wells in the U.S. and Canada","03/18/2025","03/18/2025","03/31/2045","Listed","Not ARB or Ecology Eligible","03/28/2024","Adams County","COLORADO","US","03: Good Health and Well-Being;09: Industry, Innovation and Infrastructure;12: Responsible Consumption and Production;13: Climate Action","First Environment, Inc.","","","View","www.carbon-shield.com",
"ACR821","N/A","The Climate Trust","Coastal Edge IFM","Forest Carbon","Improved Forest Management (IFM) on Non-Federal U.S. Forestlands","10/26/2021","10/26/2021","10/25/2041","Registered","Not ARB or Ecology Eligible","02/25/2025","Arch Cape, Oregon","OREGON","US","03: Good Health and Well-Being;06: Clean Water and Sanitation;13: Climate Action;15: Life on Land","Aster Global Environmental Solutions","Aster Global Environmental Solutions","183881","View","",
"ACR519","N/A","Vermont Forest Carbon LLC","Cold Hollow Carbon - Improved Forest Management Project","Forest Carbon","Improved Forest Management (IFM) on Non-Federal U.S. Forestlands","06/20/2019","06/20/2019","06/19/2039","Registered","Not ARB or Ecology Eligible","04/14/2021","Orleans, Franklin, and Lamoille counties","VERMONT","US","03: Good Health and Well-Being;06: Clean Water and Sanitation;13: Climate Action;15: Life on Land","Aster Global Environmental Solutions","SCS Global Services (Scientific Certification Systems)","290579","View","",
"ACR292","CAFR5242","Congaree River LLC","Congaree River","Forest Carbon","ARB Compliance Offset Protocol: U.S. Forest Projects","10/21/2015","10/21/2015","10/20/2040","N/A","Listed - Active ARB Project","10/21/2015","Coastal Mendocino County","CALIFORNIA","US","06: Clean Water and Sanitation;13: Climate Action;15: Life on Land","TÜV SÜD America, Inc.","N/A","226125","View","",
"ACR442","CAOD5442","A-Gas US Inc.","Coolgas 2019-2","Ozone Depleting Substances","ARB Compliance Offset Protocol: Destruction of U.S. Ozone Depleting Substances Banks","09/25/2018","09/25/2018","09/24/2028","N/A","ARB Completed","01/04/2024","Bowling Green","OHIO","US","09: Industry, Innovation and Infrastructure;12: Responsible Consumption and Production;13: Climate Action","SES, Inc.","N/A","113564","View","www.agasamericas.com",
"ACR388","CAMM5244","DTM Clean Fuels, LLC","Corinth Abandoned Mine Methane Recovery Project","Coal Mine Methane","ARB Compliance Offset Protocol: Mine Methane Capture Projects","01/01/2015","01/01/2026","12/31/2035","N/A","Listed - Active ARB Project","02/27/2015","Thompsonville","ILLINOIS","US","09: Industry, Innovation and Infrastructure;13: Climate Action","SES, Inc.","N/A","1185666","View","",
"ACR1192","N/A","DTM Clean Fuels, LLC","Corinth Abandoned Mine Methane Recovery Project (2024 ACR)","Coal Mine Methane","Capturing and Destroying Methane from Coal and Trona Mines in North America","01/01/2015","01/01/2015","12/31/2024","Listed","Not ARB or Ecology Eligible","10/22/2025","Thompsonville, IL","ILLINOIS","US","03: Good Health and Well-Being;09: Industry, Innovation and Infrastructure;12: Responsible Consumption and Production;13: Climate Action","Dillon Consulting Limited","","","View","",
"ACR353","CALS5353","3Degrees Group, Inc.","Cow Poo Digester","Livestock Waste Management","ARB Compliance Offset Protocol: Capturing and Destroying Methane from Manure Management Systems","03/11/2016","03/11/2016","06/30/2026","N/A","ARB Terminated","08/02/2025","Alma Center","WISCONSIN","US","02: Zero Hunger;09: Industry, Innovation and Infrastructure;13: Climate Action","","N/A","7781","View","",
"ACR1093","N/A","Crbon Labs Inc.","Crbon Labs Plugging of Alberta Orphaned Wells V2","Industrial Process Emissions","Plugging Orphan Oil and Gas Wells in the U.S. and Canada","09/08/2025","09/08/2025","09/07/2045","Completed","Not ARB or Ecology Eligible","12/09/2025","Municipal District of Red Deer County","ALBERTA","CA","03: Good Health and Well-Being;09: Industry, Innovation and Infrastructure;12: Responsible Consumption and Production;13: Climate Action","GHD Limited","GHD Limited","77942","View","www.crbonlabs.com",
"ACR978","N/A","Crbon Labs Inc.","Crbon Labs Plugging of Orphaned Wells V1","Industrial Process Emissions","Plugging Orphan Oil and Gas Wells in the U.S. and Canada","10/16/2024","10/16/2024","10/15/2044","Completed","Not ARB or Ecology Eligible","04/01/2025","Municiapal District of Wainwright No 61","ALBERTA","CA","03: Good Health and Well-Being;09: Industry, Innovation and Infrastructure;12: Responsible Consumption and Production;13: Climate Action","TÜV SÜD America, Inc.","TÜV SÜD America, Inc.","85145","View","www.crbonlabs.com",
"ACR729","N/A","Loci Controls, Inc.","Cumberland County Solid Waste Complex: GHG Emissions Reduction Automated Collection of Landfill Gas","Landfill Gas Capture & Combustion","Landfill Gas Destruction and Beneficial Use Projects","07/01/2021","07/01/2021","06/30/2031","Registered","Not ARB or Ecology Eligible","07/08/2022","Deerfield, NJ","NEW JERSEY","US","03: Good Health and Well-Being;07: Affordable and Clean Energy;09: Industry, Innovation and Infrastructure;11: Sustainable Cities and Communities;12: Responsible Consumption and Production;13: Climate Action","TÜV SÜD America, Inc.","TÜV SÜD America, Inc.","142141","View","",
"ACR279","CAFR5229","The Nature Conservancy","Cumberland Forest - Lonesome Pine Improved Forest Management Project","Forest Carbon","ARB Compliance Offset Protocol: U.S. Forest Projects","10/20/2015","10/20/2015","10/19/2040","N/A","Listed - Active ARB Project","10/20/2015","Wise","VIRGINIA","US","06: Clean Water and Sanitation;13: Climate Action;15: Life on Land","SCS Global Services (Scientific Certification Systems)","N/A","809831","View","",
"ACR248","CAFR5198","The Nature Conservancy","Cumberland Forest Highlands IFM","Forest Carbon","ARB Compliance Offset Protocol: U.S. Forest Projects","06/24/2015","06/24/2015","06/23/2040","N/A","Listed - Active ARB Project","06/25/2015","Wise, Dickenson, Russell, and Buchannan Counties","VIRGINIA","US","06: Clean Water and Sanitation;13: Climate Action;15: Life on Land","S&A Carbon, LLC","N/A","3955342","View","https://www.nature.org/en-us/what-we-do/our-priorities/protect-water-and-land/land-and-water-stories/cumberland-forest-project/",
"ACR183","N/A","Diversified Pure Chem, LLC","D.P.C. Domestic ODS Destruction Project #12","Ozone Depleting Substances","Climate Action Reserve U.S. Ozone Depleting Substances Project Protocol","04/04/2013","04/04/2013","04/03/2023","Completed","Not ARB or Ecology Eligible","01/07/2022","El Dorado","ARKANSAS","US","09: Industry, Innovation and Infrastructure;12: Responsible Consumption and Production;13: Climate Action","TÜV SÜD America, Inc.","","38517","View","www.divpc.com",
"ACR164","N/A","Environmental Capital LLC","DANC","Landfill Gas Capture & Combustion","Monitoring, Reporting and Verification Protocol for Landfill Gas Combustion","01/02/2003","01/02/2003","12/31/2007","Completed","Not ARB or Ecology Eligible","05/01/2012","Rodman, NY","NEW YORK","US","","First Environment, Inc.","","476553","View","",
"ACR1191","N/A","1309","Deep Gibou Carbon - Improved Forest Management Project","Forest Carbon","Improved Forest Management (IFM) on Non-Federal U.S. Forestlands","09/16/2024","09/16/2024","09/16/2044","Listed","Not ARB or Ecology Eligible","07/09/2025","Montgomery","VERMONT","US","03: Good Health and Well-Being;06: Clean Water and Sanitation;13: Climate Action;15: Life on Land","S&A Carbon, LLC","","","View","N/A",
"ACR607","CAMM5607","Keyrock Environment LLC","Deep Mine 26 Abandoned Mine Methane Recovery Project","Coal Mine Methane","ARB Compliance Offset Protocol: Mine Methane Capture Projects","06/26/2020","06/26/2020","12/31/2029","N/A","Transferred ARB or Ecology Project","10/30/2025","Clintwood","VIRGINIA","US","09: Industry, Innovation and Infrastructure;13: Climate Action","SES, Inc.","N/A","239292","View","",
"ACR1115","N/A","Delsco Northwest, LLC","DELSCOTRRC2W#1-2024","Industrial Process Emissions","Plugging Orphan Oil and Gas Wells in the U.S. and Canada","05/28/2025","05/28/2025","05/29/2045","Listed","Not ARB or Ecology Eligible","01/15/2025","Ward County, Texas","TEXAS","US","03: Good Health and Well-Being;09: Industry, Innovation and Infrastructure;12: Responsible Consumption and Production;13: Climate Action","GHD Limited","","","View","www.delsco.com",
"ACR163","N/A","Sexton Energy","Des Plaines LFG to Energy","Landfill Gas Capture & Combustion","Monitoring, Reporting and Verification Protocol for Landfill Gas Combustion","01/01/2003","01/01/2003","12/31/2007","Completed","Not ARB or Ecology Eligible","05/01/2012","Cook County, IL","ILLINOIS","US","","Landfills +, Inc.","","115875","View","",
"ACR1168","N/A","Oporto Carbon Ltd.","Destruction of Legacy Ozone-Depleting Substances from Refrigeration Systems in Israel","Ozone Depleting Substances","Destruction of Ozone Depleting Substances (ODS) from International Sources","09/08/2024","09/08/2024","09/07/2034","Listed","Not ARB or Ecology Eligible","06/11/2025","Electro Recycling Address: Sha'ar Hanegev Industrial Zone Sderot, Southern District, Israel. Near the Sha'ar HaNegev Regional Council. Latitude: 31.5142465 , Longitude: 34.5933079","Israel","IL","03: Good Health and Well-Being;06: Clean Water and Sanitation;12: Responsible Consumption and Production;13: Climate Action;14: Life Below Water;15: Life on Land","OmnexFuturepast","","","View","",
"ACR186","N/A","W. M. Beaty & Associates, Inc.","Devil Fire Reforestation","Forest Carbon","Climate Action Reserve Forest Project Protocol","04/15/2002","04/15/2002","04/14/2102","Inactive","Not ARB or Ecology Eligible","12/14/2018","Susanville","CALIFORNIA","US","06: Clean Water and Sanitation;13: Climate Action;15: Life on Land","","","","View","www.wmbeaty.com",
"ACR246","CAFR5186","W. M. Beaty & Associates, Inc.","Devil Fire Reforestation Compliance Project","Forest Carbon","ARB Compliance Offset Protocol: U.S. Forest Projects","01/01/2015","01/01/2015","12/31/2039","N/A","Listed - Proposed Project","02/27/2015","Susanville","CALIFORNIA","US","06: Clean Water and Sanitation;13: Climate Action;15: Life on Land","SCS Global Services (Scientific Certification Systems)","N/A","","View","www.wmbeaty.com",
"ACR111","N/A","Devon Energy Group","Devon Mizer Pneumatic Retrofit","Industrial Process Emissions","Conversion of High-Bleed Pneumatic Controllers in Oil and Natural Gas Systems","03/01/2010","03/01/2010","02/28/2020","Completed","Not ARB or Ecology Eligible","07/26/2022","Oklahoma, Texas, Wyoming","OKLAHOMA; TEXAS; WYOMING","US","07: Affordable and Clean Energy;09: Industry, Innovation and Infrastructure;13: Climate Action","Det Norske Veritas (U.S.A.), Inc.","","5724","View","",
"ACR1238","N/A","1458","Dixon-Moody Family Forests","Forest Carbon","Improved Forest Management (IFM) on Non-Federal U.S. Forestlands","03/25/2025","03/25/2025","03/24/2045","Listed","Not ARB or Ecology Eligible","03/20/2026","South Alabama, North Florida","ALABAMA; FLORIDA","US","03: Good Health and Well-Being;06: Clean Water and Sanitation;09: Industry, Innovation and Infrastructure;13: Climate Action;15: Life on Land","","","","View","",
"ACR940","CAMM5940","Environmental Commodities Corporation","DMMC1","Coal Mine Methane","ARB Compliance Offset Protocol: Mine Methane Capture Projects","11/07/2023","11/07/2023","10/31/2034","N/A","Listed - Active Registry Project","11/20/2023","Clay","KENTUCKY","US","09: Industry, Innovation and Infrastructure;13: Climate Action","SES, Inc.","N/A","81569","View","",
"ACR112","N/A","Biogas Energy Solutions","Dolton LFG to Energy","Landfill Gas Capture & Combustion","Monitoring, Reporting and Verification Protocol for Landfill Gas Combustion","04/01/1998","04/01/1998","07/01/2007","Completed","Not ARB or Ecology Eligible","05/01/2012","Dolton","ILLINOIS","US","","ERT","","159336","View","",
"ACR307","","Era Ecosystem Services U.S. Inc.","Donner Property","Forest Carbon","ARB Compliance Offset Protocol: U.S. Forest Projects","10/26/2015","10/26/2015","10/25/2040","N/A","ARB Inactive","01/04/2024","Donner Louisiana","LOUISIANA","US","06: Clean Water and Sanitation;13: Climate Action;15: Life on Land","","N/A","","View","",
"ACR233","CALS5108","Camco EAM, LLC","Double A Dairy","Livestock Waste Management","ARB Compliance Offset Protocol: Capturing and Destroying Methane from Manure Management Systems","12/22/2014","12/22/2014","12/21/2024","N/A","ARB Terminated","06/17/2022","Jerome","IDAHO","US","02: Zero Hunger;09: Industry, Innovation and Infrastructure;13: Climate Action","Agri-Waste Technology, Inc.","N/A","294783","View","",
"ACR922","N/A","Terra Verde Inc","Double Bar IFM","Forest Carbon","Improved Forest Management (IFM) on Non-Federal U.S. Forestlands","06/16/2023","06/16/2023","06/15/2043","Registered","Not ARB or Ecology Eligible","11/19/2024","Fossil, Oregon","OREGON","US","03: Good Health and Well-Being;06: Clean Water and Sanitation;13: Climate Action;15: Life on Land","Earthood Services Limited","SCS Global Services (Scientific Certification Systems)","1022191","View","",
"ACR1225","N/A","1416","Double Springs Forest Carbon Project","Forest Carbon","Improved Forest Management (IFM) on Non-Federal U.S. Forestlands","06/03/2024","06/03/2024","06/02/2044","Listed","Not ARB or Ecology Eligible","01/12/2026","North Central Mississippi","MISSISSIPPI","US","03: Good Health and Well-Being;06: Clean Water and Sanitation;09: Industry, Innovation and Infrastructure;13: Climate Action;15: Life on Land","","","","View","https://www.campbellglobal.com/",
"ACR853","N/A","Doyon, Limited","Doyon Ts'ebaa North","Forest Carbon","Improved Forest Management (IFM) on Non-Federal U.S. Forestlands","07/19/2022","07/19/2022","07/19/2042","Listed","Not ARB or Ecology Eligible","04/17/2023","Western Interior Alaska","ALASKA","US","03: Good Health and Well-Being;06: Clean Water and Sanitation;13: Climate Action;15: Life on Land","SCS Global Services (Scientific Certification Systems)","","","View","",
"ACR857","N/A","Doyon, Limited","Doyon Ts'ebaa South","Forest Carbon","Improved Forest Management (IFM) on Non-Federal U.S. Forestlands","07/19/2022","07/19/2022","07/19/2042","Listed","Not ARB or Ecology Eligible","04/17/2023","Western Interior Alaska","ALASKA","US","03: Good Health and Well-Being;06: Clean Water and Sanitation;13: Climate Action;15: Life on Land","SCS Global Services (Scientific Certification Systems)","","","View","",
"ACR1002","N/A","Doyon, Limited","Doyon Ts'oo","Forest Carbon","Improved Forest Management (IFM) on Non-Federal U.S. Forestlands","12/01/2023","12/01/2023","12/01/2043","Listed","Not ARB or Ecology Eligible","03/05/2024","Southeast and Northwest Interior Alaska","ALASKA","US","03: Good Health and Well-Being;06: Clean Water and Sanitation;13: Climate Action;15: Life on Land","TÜV SÜD America, Inc.","","","View","www.doyon.com/about/sustainability/carbon-forestry/",
"ACR175","","Diversified Pure Chem, LLC","DPC Domestic ODS Destruction Project #12","Ozone Depleting Substances","ARB Compliance Offset Protocol: Destruction of U.S. Ozone Depleting Substances Banks","03/21/2013","03/21/2013","03/20/2023","N/A","ARB Inactive","01/22/2020","El Dorado","ARKANSAS","US","09: Industry, Innovation and Infrastructure;12: Responsible Consumption and Production;13: Climate Action","","N/A","","View","www.divpc.com",
"ACR1254","N/A","Eastern Forest Solutions Inc.","Eastern Forests - Minas Basin Forestry Project","Forest Carbon","Improved Forest Management (IFM) on Canadian Forestlands","04/22/2025","04/22/2025","04/21/2045","Listed","Not ARB or Ecology Eligible","05/01/2026","Halifax, Lunenburg, Queens, Annapolis, Cumberland, Pictou, Colchester, Kings, and Hants Counties","NOVA SCOTIA","CA","03: Good Health and Well-Being;06: Clean Water and Sanitation;13: Climate Action;15: Life on Land","","","","View","https://easternforests.ca/",
"ACR1222","N/A","Eastern Forest Solutions Inc.","Eastern Forests - Yellow Gate Acadian Forests Project","Forest Carbon","Improved Forest Management (IFM) on Canadian Forestlands","12/03/2024","12/03/2024","12/02/2044","Listed","Not ARB or Ecology Eligible","11/14/2025","Westmorland County","NEW BRUNSWICK","CA","03: Good Health and Well-Being;06: Clean Water and Sanitation;13: Climate Action;15: Life on Land","","","","View","https://easternforests.ca/",
"ACR965","N/A","Weyerhaeuser NR Company","Easthaven IFM Project","Forest Carbon","Improved Forest Management (IFM) on Non-Federal U.S. Forestlands","03/01/2024","03/01/2024","02/28/2044","Registered","Not ARB or Ecology Eligible","06/10/2025","Southwest Mississippi","MISSISSIPPI","US","03: Good Health and Well-Being;06: Clean Water and Sanitation;13: Climate Action;15: Life on Land","SCS Global Services (Scientific Certification Systems)","SCS Global Services (Scientific Certification Systems)","11491","View","",
"ACR1193","N/A","Eastwood Climate Smart Forestry Fund I, L.P.","Eastwood Forests - Clinch River Tributaries IFM","Forest Carbon","Improved Forest Management (IFM) on Non-Federal U.S. Forestlands","02/29/2024","02/29/2024","02/28/2044","Listed","Not ARB or Ecology Eligible","07/18/2025","Tazewell County, VA and McDowell County, WV","VIRGINIA; WEST VIRGINIA","US","03: Good Health and Well-Being;06: Clean Water and Sanitation;13: Climate Action;15: Life on Land","TÜV SÜD America, Inc.","","","View","",
"ACR1161","N/A","Eastwood Climate Smart Forestry Fund I, L.P.","Eastwood Forests - Murrelet Mansions IFM","Forest Carbon","Improved Forest Management (IFM) on Canadian Forestlands","02/11/2025","02/11/2025","02/10/2045","Listed","Not ARB or Ecology Eligible","04/17/2025","County of Nanaimo, Waddington Regional District","BRITISH COLUMBIA","CA","03: Good Health and Well-Being;06: Clean Water and Sanitation;13: Climate Action;15: Life on Land","","","","View","",
"ACR1132","N/A","Eastwood Climate Smart Forestry Fund I, L.P.","Eastwood Forests - Whisky Jack Forestlands IFM","Forest Carbon","Improved Forest Management (IFM) on Canadian Forestlands","08/19/2024","08/19/2024","08/18/2044","Listed","Not ARB or Ecology Eligible","03/04/2025","Chapleau","ONTARIO","CA","03: Good Health and Well-Being;06: Clean Water and Sanitation;13: Climate Action;15: Life on Land","Aster Global Environmental Solutions","","","View","",
"ACR170","CAOD5002","Environmental Credit Corp.","ECC ODS Destruction 2012","Ozone Depleting Substances","ARB Compliance Offset Protocol: Destruction of U.S. Ozone Depleting Substances Banks","03/28/2012","03/28/2012","03/27/2022","N/A","ARB Completed","01/27/2020","El Dorado","ARKANSAS","US","09: Industry, Innovation and Infrastructure;12: Responsible Consumption and Production;13: Climate Action","SCS Engineers","N/A","307729","View","www.envcc.com",
"ACR176","CAOD5013","Environmental Credit Corp.","ECC ODS Destruction 2013","Ozone Depleting Substances","ARB Compliance Offset Protocol: Destruction of U.S. Ozone Depleting Substances Banks","03/18/2013","03/18/2013","03/17/2023","N/A","ARB Completed","01/27/2020","El Dorado","ARKANSAS","US","09: Industry, Innovation and Infrastructure;12: Responsible Consumption and Production;13: Climate Action","SCS Engineers","N/A","255227","View","www.envcc.com",
"ACR239","CALS5139","Camco Offsets I, LLC","Edaleen Cow Power, LLC","Livestock Waste Management","ARB Compliance Offset Protocol: Capturing and Destroying Methane from Manure Management Systems","09/01/2014","09/01/2014","08/31/2024","N/A","ARB Terminated","01/06/2024","Lynden","WASHINGTON","US","02: Zero Hunger;09: Industry, Innovation and Infrastructure;13: Climate Action","Agri-Waste Technology, Inc.","N/A","42727","View","",
"ACR243","CAMM5173","Vessels Carbon Solutions","Elk Creek Coal Mine Methane Destruction & Utilization Project","Coal Mine Methane","ARB Compliance Offset Protocol: Mine Methane Capture Projects","01/01/2015","01/01/2015","01/31/2025","N/A","ARB Completed","01/22/2020","Somerset","COLORADO","US","09: Industry, Innovation and Infrastructure;13: Climate Action","SCS Engineers","N/A","266263","View","",
"ACR367","CAMM5367","Hubbard Creek Coal Gas LLC","Elk Creek Permit Area Abandoned Mine Project","Coal Mine Methane","ARB Compliance Offset Protocol: Mine Methane Capture Projects","02/01/2016","02/01/2026","01/31/2036","N/A","Listed - Active ARB Project","03/10/2017","Somerset","COLORADO","US","09: Industry, Innovation and Infrastructure;13: Climate Action","SCS Global Services (Scientific Certification Systems)","N/A","862921","View","",
"ACR205","N/A","Terra Global Capital, LLC","Emission Reductions in California Rice Management Systems","Agricultural Land Management","Emission Reductions in Rice Management Systems","10/07/2011","10/07/2011","10/31/2016","Completed","Not ARB or Ecology Eligible","01/22/2021","Colusa and Glenn Counties in California’s Sacramento Valley.","CALIFORNIA","US","02: Zero Hunger;06: Clean Water and Sanitation;13: Climate Action;15: Life on Land","Environmental Services, Inc.","Environmental Services, Inc.","202","View","",
"ACR230","N/A","Terra Global Capital, LLC","Emission Reductions in Midsouth Rice Management Systems","Agricultural Land Management","Emission Reductions in Rice Management Systems","08/27/2012","08/27/2012","10/31/2017","Completed","Not ARB or Ecology Eligible","01/22/2021","Prairie, McGhee, Desha, Mississippi and Craighead Counties in Arkansas, and Coahoma, Bolivar, and Washington Counties in Mississippi","ARKANSAS; MISSISSIPPI","US","02: Zero Hunger;06: Clean Water and Sanitation;13: Climate Action;15: Life on Land","SCS Global Services (Scientific Certification Systems)","SCS Global Services (Scientific Certification Systems)","395","View","",
"ACR372","N/A","EOS Climate Inc","EOS 2013 Domestic (EOS ACR 372)","Ozone Depleting Substances","Climate Action Reserve U.S. Ozone Depleting Substances Project Protocol","04/17/2013","04/17/2013","04/16/2023","Completed","Not ARB or Ecology Eligible","02/10/2023","El Dorado","ARKANSAS","US","09: Industry, Innovation and Infrastructure;12: Responsible Consumption and Production;13: Climate Action","","","","View","www.eosclimate.com",
"ACR184","N/A","EOS Climate Inc","EOS ACR 2013","Ozone Depleting Substances","Climate Action Reserve U.S. Ozone Depleting Substances Project Protocol","07/17/2013","07/17/2013","07/16/2023","Completed","Not ARB or Ecology Eligible","01/07/2022","El Dorado","ARKANSAS","US","09: Industry, Innovation and Infrastructure;12: Responsible Consumption and Production;13: Climate Action","NSF International Strategic Registrations (NSF-ISR)","","249025","View","www.eosclimate.com",
"ACR213","CAOD5068","EOS Climate Inc","EOS ACR 213","Ozone Depleting Substances","ARB Compliance Offset Protocol: Destruction of U.S. Ozone Depleting Substances Banks","03/11/2015","03/11/2015","03/10/2025","N/A","ARB Completed","01/27/2020","El Dorado","ARKANSAS","US","09: Industry, Innovation and Infrastructure;12: Responsible Consumption and Production;13: Climate Action","SES, Inc.","N/A","127664","View","www.eosclimate.com",
"ACR214","CAOD5069","EOS Climate Inc","EOS ACR 214","Ozone Depleting Substances","ARB Compliance Offset Protocol: Destruction of U.S. Ozone Depleting Substances Banks","05/04/2015","05/04/2015","05/03/2025","N/A","ARB Completed","01/27/2020","El Dorado","ARKANSAS","US","09: Industry, Innovation and Infrastructure;12: Responsible Consumption and Production;13: Climate Action","SES, Inc.","N/A","145580","View","www.eosclimate.com",
"ACR240","CAOD5140","EOS Climate Inc","EOS ACR 240","Ozone Depleting Substances","ARB Compliance Offset Protocol: Destruction of U.S. Ozone Depleting Substances Banks","09/29/2015","09/29/2015","09/28/2025","N/A","ARB Completed","01/27/2020","Bowling Green","OHIO","US","09: Industry, Innovation and Infrastructure;12: Responsible Consumption and Production;13: Climate Action","SES, Inc.","N/A","129700","View","www.eosclimate.com",
"ACR252","CAOD5188","EOS Climate Inc","EOS ACR 252","Ozone Depleting Substances","ARB Compliance Offset Protocol: Destruction of U.S. Ozone Depleting Substances Banks","11/03/2015","11/03/2015","11/02/2025","N/A","ARB Completed","01/27/2020","Bowling Green","OHIO","US","09: Industry, Innovation and Infrastructure;12: Responsible Consumption and Production;13: Climate Action","SES, Inc.","N/A","140736","View","www.eosclimate.com",
"ACR253","CAOD5189","EOS Climate Inc","EOS ACR 253","Ozone Depleting Substances","ARB Compliance Offset Protocol: Destruction of U.S. Ozone Depleting Substances Banks","12/07/2015","12/07/2015","12/06/2025","N/A","ARB Completed","01/27/2020","Bowling Green","OHIO","US","09: Industry, Innovation and Infrastructure;12: Responsible Consumption and Production;13: Climate Action","SES, Inc.","N/A","135017","View","www.eosclimate.com",
"ACR271","CAOD5211","EOS Climate Inc","EOS ACR 271","Ozone Depleting Substances","ARB Compliance Offset Protocol: Destruction of U.S. Ozone Depleting Substances Banks","01/13/2016","01/13/2016","01/12/2026","N/A","ARB Completed","01/27/2020","Bowling Green","OHIO","US","09: Industry, Innovation and Infrastructure;12: Responsible Consumption and Production;13: Climate Action","TÜV SÜD America, Inc.","N/A","124882","View","www.eosclimate.com",
"ACR285","CAOD5216","EOS Climate Inc","EOS ACR 285","Ozone Depleting Substances","ARB Compliance Offset Protocol: Destruction of U.S. Ozone Depleting Substances Banks","11/20/2015","11/20/2015","11/19/2025","N/A","ARB Completed","01/27/2020","El Dorado","ARKANSAS","US","09: Industry, Innovation and Infrastructure;12: Responsible Consumption and Production;13: Climate Action","SES, Inc.","N/A","45663","View","www.eosclimate.com",
"ACR311","CAOD5261","EOS Climate Inc","EOS ACR 311","Ozone Depleting Substances","ARB Compliance Offset Protocol: Destruction of U.S. Ozone Depleting Substances Banks","04/06/2016","04/06/2016","04/05/2026","N/A","ARB Completed","01/27/2020","Clean Harbors","ARKANSAS","US","09: Industry, Innovation and Infrastructure;12: Responsible Consumption and Production;13: Climate Action","TÜV SÜD America, Inc.","N/A","107264","View","www.eosclimate.com",
"ACR312","CAOD5262","EOS Climate Inc","EOS ACR 312","Ozone Depleting Substances","ARB Compliance Offset Protocol: Destruction of U.S. Ozone Depleting Substances Banks","02/18/2016","02/18/2016","02/17/2026","N/A","ARB Completed","01/27/2020","El Dorado","ARKANSAS","US","09: Industry, Innovation and Infrastructure;12: Responsible Consumption and Production;13: Climate Action","TÜV SÜD America, Inc.","N/A","140871","View","www.eosclimate.com",
"ACR315","CAOD5277","EOS Climate Inc","EOS ACR 315","Ozone Depleting Substances","ARB Compliance Offset Protocol: Destruction of U.S. Ozone Depleting Substances Banks","08/01/2016","08/01/2016","07/31/2026","N/A","ARB Completed","01/27/2020","Bowling Green","OHIO","US","09: Industry, Innovation and Infrastructure;12: Responsible Consumption and Production;13: Climate Action","TÜV SÜD America, Inc.","N/A","86839","View","www.eosclimate.com",
"ACR316","CAOD5278","EOS Climate Inc","EOS ACR 316","Ozone Depleting Substances","ARB Compliance Offset Protocol: Destruction of U.S. Ozone Depleting Substances Banks","08/19/2016","08/19/2016","08/18/2026","N/A","ARB Completed","01/27/2020","El Dorado","ARKANSAS","US","09: Industry, Innovation and Infrastructure;12: Responsible Consumption and Production;13: Climate Action","TÜV SÜD America, Inc.","N/A","104897","View","www.eosclimate.com",
"ACR351","CAOD5351","EOS Climate Inc","EOS ACR 351","Ozone Depleting Substances","ARB Compliance Offset Protocol: Destruction of U.S. Ozone Depleting Substances Banks","09/23/2016","09/23/2016","09/22/2026","N/A","ARB Completed","01/27/2020","El Dorado","ARKANSAS","US","09: Industry, Innovation and Infrastructure;12: Responsible Consumption and Production;13: Climate Action","SES, Inc.","N/A","28562","View","www.eosclimate.com",
"ACR352","CAOD5352","EOS Climate Inc","EOS ACR 352","Ozone Depleting Substances","ARB Compliance Offset Protocol: Destruction of U.S. Ozone Depleting Substances Banks","10/26/2016","10/26/2016","10/25/2026","N/A","ARB Completed","01/27/2020","El Dorado","ARKANSAS","US","09: Industry, Innovation and Infrastructure;12: Responsible Consumption and Production;13: Climate Action","SES, Inc.","N/A","68637","View","www.eosclimate.com",
"ACR356","CAOD5356","EOS Climate Inc","EOS ACR 356","Ozone Depleting Substances","ARB Compliance Offset Protocol: Destruction of U.S. Ozone Depleting Substances Banks","12/02/2016","12/02/2016","12/01/2026","N/A","ARB Completed","02/10/2023","El Dorado","ARKANSAS","US","09: Industry, Innovation and Infrastructure;12: Responsible Consumption and Production;13: Climate Action","SES, Inc.","N/A","110720","View","www.eosclimate.com",
"ACR357","CAOD5357","EOS Climate Inc","EOS ACR 357","Ozone Depleting Substances","ARB Compliance Offset Protocol: Destruction of U.S. Ozone Depleting Substances Banks","01/06/2017","01/06/2017","01/05/2027","N/A","ARB Completed","02/10/2023","El Dorado","ARKANSAS","US","09: Industry, Innovation and Infrastructure;12: Responsible Consumption and Production;13: Climate Action","SES, Inc.","N/A","84131","View","www.eosclimate.com",
"ACR358","CAOD5358","EOS Climate Inc","EOS ACR 358","Ozone Depleting Substances","ARB Compliance Offset Protocol: Destruction of U.S. Ozone Depleting Substances Banks","04/07/2017","04/07/2017","04/06/2027","N/A","ARB Completed","02/10/2023","El Dorado","ARKANSAS","US","09: Industry, Innovation and Infrastructure;12: Responsible Consumption and Production;13: Climate Action","SES, Inc.","N/A","60749","View","www.eosclimate.com",
"ACR258","CAOD5001","EOS Climate Inc","EOS ARB ODS 2013-1","Ozone Depleting Substances","ARB Compliance Offset Protocol: Destruction of U.S. Ozone Depleting Substances Banks","01/24/2013","01/24/2013","01/23/2023","N/A","ARB Completed","02/10/2023","El Dorado","ARKANSAS","US","09: Industry, Innovation and Infrastructure;12: Responsible Consumption and Production;13: Climate Action","","N/A","","View","www.eosclimate.com",
"ACR172","CAOD5004","EOS Climate Inc","EOS ARB ODS 2013-2","Ozone Depleting Substances","ARB Compliance Offset Protocol: Destruction of U.S. Ozone Depleting Substances Banks","03/26/2013","03/26/2013","03/25/2023","N/A","ARB Completed","01/27/2020","El Dorado","ARKANSAS","US","09: Industry, Innovation and Infrastructure;12: Responsible Consumption and Production;13: Climate Action","NSF International Strategic Registrations (NSF-ISR)","N/A","55996","View","www.eosclimate.com",
"ACR178","","EOS Climate Inc","EOS ARB ODS 2013-4","Ozone Depleting Substances","ARB Compliance Offset Protocol: Destruction of U.S. Ozone Depleting Substances Banks","05/01/2013","05/01/2013","04/30/2023","N/A","ARB Inactive","01/22/2020","El Dorado","ARKANSAS","US","09: Industry, Innovation and Infrastructure;12: Responsible Consumption and Production;13: Climate Action","","N/A","","View","www.eosclimate.com",
"ACR181","CAOD5015","EOS Climate Inc","EOS ARB ODS 2013-6","Ozone Depleting Substances","ARB Compliance Offset Protocol: Destruction of U.S. Ozone Depleting Substances Banks","08/30/2013","08/30/2013","08/29/2023","N/A","ARB Completed","01/27/2020","El Dorado","ARKANSAS","US","09: Industry, Innovation and Infrastructure;12: Responsible Consumption and Production;13: Climate Action","NSF International Strategic Registrations (NSF-ISR)","N/A","51864","View","www.eosclimate.com",
"ACR193","CAOD5035","EOS Climate Inc","EOS ARB ODS 2013-7","Ozone Depleting Substances","ARB Compliance Offset Protocol: Destruction of U.S. Ozone Depleting Substances Banks","01/26/2014","01/26/2014","01/25/2024","N/A","ARB Completed","01/27/2020","El Dorado","ARKANSAS","US","09: Industry, Innovation and Infrastructure;12: Responsible Consumption and Production;13: Climate Action","NSF International Strategic Registrations (NSF-ISR)","N/A","84418","View","www.eosclimate.com",
"ACR195","CAOD5049","EOS Climate Inc","EOS ARB ODS 2014-1","Ozone Depleting Substances","ARB Compliance Offset Protocol: Destruction of U.S. Ozone Depleting Substances Banks","03/06/2014","03/06/2014","03/05/2024","N/A","ARB Completed","01/27/2020","El Dorado","ARKANSAS","US","09: Industry, Innovation and Infrastructure;12: Responsible Consumption and Production;13: Climate Action","NSF International Strategic Registrations (NSF-ISR)","N/A","122080","View","www.eosclimate.com",
"ACR310","N/A","EOS Climate Inc","EOS HFC 310","Industrial Process Emissions","Certified Reclaimed HFC Refrigerants, Propellants, and Fire Suppressants","11/23/2015","11/23/2015","12/09/2015","Completed","Not ARB or Ecology Eligible","07/28/2022","Champaign","ILLINOIS","US","03: Good Health and Well-Being;09: Industry, Innovation and Infrastructure;12: Responsible Consumption and Production;13: Climate Action","SCS Global Services (Scientific Certification Systems)","SCS Global Services (Scientific Certification Systems)","8468","View","www.eosclimate.com",
"ACR761","CAMM5761","Keyrock Environment LLC","Federal 2 Abandoned Mine Methane Recovery Project","Coal Mine Methane","ARB Compliance Offset Protocol: Mine Methane Capture Projects","11/11/2021","11/11/2021","05/31/2031","N/A","Transferred ARB or Ecology Project","02/04/2025","Fairview","WEST VIRGINIA","US","09: Industry, Innovation and Infrastructure;13: Climate Action","First Environment of California, Inc.","N/A","768166","View","",
"ACR949","N/A","Fluorofusion Specialty Chemicals, Inc.","FF HFC 23-01","Industrial Process Emissions","Certified Reclaimed HFC Refrigerants, Propellants, and Fire Suppressants","03/07/2023","03/07/2023","03/06/2038","Completed","Not ARB or Ecology Eligible","08/22/2024","Clayton, NC","NORTH CAROLINA","US","03: Good Health and Well-Being;09: Industry, Innovation and Infrastructure;12: Responsible Consumption and Production;13: Climate Action","TÜV SÜD America, Inc.","TÜV SÜD America, Inc.","32691","View","www.fluorofusion.com",
"ACR1106","N/A","Fluorofusion Specialty Chemicals, Inc.","FF HFC 23-02","Industrial Process Emissions","Certified Reclaimed HFC Refrigerants, Propellants, and Fire Suppressants","07/01/2023","07/01/2023","06/30/2038","Completed","Not ARB or Ecology Eligible","06/30/2025","Clayton, NC","NORTH CAROLINA","US","09: Industry, Innovation and Infrastructure;12: Responsible Consumption and Production;13: Climate Action","TÜV SÜD America, Inc.","TÜV SÜD America, Inc.","33727","View","www.fluorofusion.com",
"ACR1210","N/A","Fluorofusion Specialty Chemicals, Inc.","FF HFC 24-01","Industrial Process Emissions","Certified Reclaimed HFC Refrigerants, Propellants, and Fire Suppressants","01/11/2024","01/11/2024","01/10/2039","Completed","Not ARB or Ecology Eligible","01/05/2026","Clayton, NC","NORTH CAROLINA","US","09: Industry, Innovation and Infrastructure;12: Responsible Consumption and Production;13: Climate Action","TÜV SÜD America, Inc.","TÜV SÜD America, Inc.","83227","View","www.fluorofusion.com",
"ACR663","N/A","Anew Carbon Development, LLC","Fielding Environmental HFC Reclamation Offset Project","Industrial Process Emissions","Certified Reclaimed HFC Refrigerants, Propellants, and Fire Suppressants","01/09/2019","01/09/2019","01/08/2034","Completed","Not ARB or Ecology Eligible","07/26/2022","Mississauga","ONTARIO","CA","03: Good Health and Well-Being;09: Industry, Innovation and Infrastructure;12: Responsible Consumption and Production;13: Climate Action","SCS Global Services (Scientific Certification Systems)","SCS Global Services (Scientific Certification Systems)","93571","View","",
"ACR760","N/A","Anew Carbon Development, LLC","Fielding Environmental HFC Reclamation Offset Project - 2020","Industrial Process Emissions","Certified Reclaimed HFC Refrigerants, Propellants, and Fire Suppressants","01/13/2020","01/13/2020","01/12/2035","Completed","Not ARB or Ecology Eligible","09/15/2023","Mississauga","ONTARIO","CA","03: Good Health and Well-Being;09: Industry, Innovation and Infrastructure;12: Responsible Consumption and Production;13: Climate Action","SCS Global Services (Scientific Certification Systems)","SCS Global Services (Scientific Certification Systems)","80697","View","",
"ACR824","N/A","Anew Carbon Development, LLC","Fielding Environmental HFC Reclamation Offset Project - 2021","Industrial Process Emissions","Certified Reclaimed HFC Refrigerants, Propellants, and Fire Suppressants","01/11/2021","01/11/2021","01/10/2036","Completed","Not ARB or Ecology Eligible","05/15/2025","Mississauga","ONTARIO","CA","03: Good Health and Well-Being;09: Industry, Innovation and Infrastructure;12: Responsible Consumption and Production;13: Climate Action","SCS Global Services","SCS Global Services (Scientific Certification Systems)","55015","View","",
"ACR1014","N/A","Anew Carbon Development, LLC","Fielding Environmental HFC Reclamation Offset Project - 2022","Industrial Process Emissions","Certified Reclaimed HFC Refrigerants, Propellants, and Fire Suppressants","01/13/2022","01/13/2022","01/12/2037","Completed","Not ARB or Ecology Eligible","08/15/2024","Mississauga","ONTARIO","CA","03: Good Health and Well-Being;09: Industry, Innovation and Infrastructure;12: Responsible Consumption and Production;13: Climate Action","SCS Global Services (Scientific Certification Systems)","SCS Global Services (Scientific Certification Systems)","121144","View","",
"ACR1089","N/A","Anew Carbon Development, LLC","Fielding Environmental HFC Reclamation Offset Project - 2023","Industrial Process Emissions","Certified Reclaimed HFC Refrigerants, Propellants, and Fire Suppressants","01/01/2023","01/01/2023","12/31/2037","Listed","Not ARB or Ecology Eligible","05/22/2025","Mississauga","ONTARIO","CA","09: Industry, Innovation and Infrastructure;12: Responsible Consumption and Production;13: Climate Action","SCS Global Services (Scientific Certification Systems)","","","View","",
"ACR360","CAFR5360","Ahtna, Incorporated","Finite Carbon - Ahtna Native Alaskan IFM","Forest Carbon","ARB Compliance Offset Protocol: U.S. Forest Projects","01/03/2017","01/03/2017","07/02/2041","N/A","Listed - Active ARB Project","01/04/2017","Glennallen, AK","ALASKA","US","06: Clean Water and Sanitation;13: Climate Action;15: Life on Land","SCS Global Services","N/A","16085960","View","",
"ACR571","N/A","AMC Maine Woods Initiative LLC","Finite Carbon - AMC Maine Woods Initiative IFM","Forest Carbon","Improved Forest Management (IFM) on Non-Federal U.S. Forestlands","07/22/2020","07/22/2020","07/21/2040","Registered","Not ARB or Ecology Eligible","01/19/2023","Piscataquis County, Maine","MAINE","US","03: Good Health and Well-Being;06: Clean Water and Sanitation;13: Climate Action;15: Life on Land","Aster Global Environmental Solutions","Aster Global Environmental Solutions","1116563","View","https://www.finitecarbon.com/projects/appalachian-mountain-club-maine-woods/",
"ACR790","N/A","Tennessee River Gorge Trust","Finite Carbon - Appalachian Carbon Exchange IFM","Forest Carbon","Improved Forest Management (IFM) on Non-Federal U.S. Forestlands","07/05/2022","07/05/2022","07/04/2042","Registered","Not ARB or Ecology Eligible","11/01/2024","Southern Cumberland Mountains","TENNESSEE; GEORGIA; ALABAMA","US","03: Good Health and Well-Being;06: Clean Water and Sanitation;13: Climate Action;15: Life on Land","TÜV SÜD America, Inc.","TÜV SÜD America, Inc.","167593","View","https://www.appalachiancarbonexchange.com",
"ACR925","N/A","Astina Forest AG","Finite Carbon - Batchawana Bay Forest IFM","Forest Carbon","Improved Forest Management (IFM) on Canadian Forestlands","05/15/2023","05/15/2023","05/14/2043","Registered","Not ARB or Ecology Eligible","10/03/2025","Sault Ste. Marie","ONTARIO","CA","03: Good Health and Well-Being;06: Clean Water and Sanitation;13: Climate Action;15: Life on Land","TÜV SÜD America, Inc.","TÜV SÜD America, Inc.","339461","View","",
"ACR785","N/A","822","Finite Carbon - Bessey Development Company IFM","Forest Carbon","Improved Forest Management (IFM) on Non-Federal U.S. Forestlands","04/18/2022","04/18/2022","04/17/2042","Registered","Not ARB or Ecology Eligible","04/03/2024","Somerset, Penobscot, Oxford, Waldo, Kennebec, and Lincoln Counties, Maine","MAINE","US","03: Good Health and Well-Being;06: Clean Water and Sanitation;09: Industry, Innovation and Infrastructure;13: Climate Action;15: Life on Land","SCS Global Services (Scientific Certification Systems)","SCS Global Services (Scientific Certification Systems)","297631","View","http://www.edbessey.com/",
"ACR412","CAFR5412","Cook Inlet Region, Inc.","Finite Carbon - CIRI Native Alaskan IFM","Forest Carbon","ARB Compliance Offset Protocol: U.S. Forest Projects","03/23/2018","03/23/2018","03/22/2043","N/A","ARB Inactive","03/07/2023","Kenai Peninsula and Matanuska-Susitna Boroughs","ALASKA","US","06: Clean Water and Sanitation;13: Climate Action;15: Life on Land","","N/A","","View","",
"ACR255","CAFR5225","Confederated Tribes of the colville Reservation","Finite Carbon - Colville IFM","Forest Carbon","ARB Compliance Offset Protocol: U.S. Forest Projects","10/08/2015","10/08/2015","10/07/2040","N/A","Listed - Active ARB Project","10/09/2015","Nespelem","WASHINGTON","US","06: Clean Water and Sanitation;13: Climate Action;15: Life on Land","","N/A","15161521","View","",
"ACR257","CAFR5213","Conservancy Management, LLC.","Finite Carbon - Cook's Branch Conservancy IFM","Forest Carbon","ARB Compliance Offset Protocol: U.S. Forest Projects","04/14/2015","04/14/2015","04/13/2040","N/A","Listed - Active ARB Project","09/15/2015","Montgomery County","TEXAS","US","06: Clean Water and Sanitation;13: Climate Action;15: Life on Land","","N/A","236911","View","",
"ACR396","CAFR5396","Finite Carbon Corporation","Finite Carbon - Cooper River IFM","Forest Carbon","ARB Compliance Offset Protocol: U.S. Forest Projects","11/14/2017","11/14/2017","11/13/2042","N/A","ARB Inactive","01/25/2023","Wando","SOUTH CAROLINA","US","06: Clean Water and Sanitation;13: Climate Action;15: Life on Land","","N/A","","View","",
"ACR290","CAFR5240","The Lyme Timber Company","Finite Carbon - Emory River Improved Forest Management Project","Forest Carbon","ARB Compliance Offset Protocol: U.S. Forest Projects","10/29/2015","10/29/2015","10/28/2040","N/A","ARB Inactive","02/09/2022","Wartburg","TENNESSEE","US","06: Clean Water and Sanitation;13: Climate Action;15: Life on Land","","N/A","","View","",
"ACR891","N/A","Grace Property Inc.","Finite Carbon - Grace Woodlands IFM","Forest Carbon","Improved Forest Management (IFM) on Non-Federal U.S. Forestlands","06/12/2022","06/12/2022","06/11/2042","Listed","Not ARB or Ecology Eligible","06/20/2023","Hardy County","WEST VIRGINIA","US","03: Good Health and Well-Being;06: Clean Water and Sanitation;13: Climate Action;15: Life on Land","Aster Global Environmental Solutions","","","View","",
"ACR822","N/A","Green Acre Woodlands, Inc","Finite Carbon - Green Acre Woodlands IFM","Forest Carbon","Improved Forest Management (IFM) on Non-Federal U.S. Forestlands","08/16/2022","08/16/2022","08/15/2042","Registered","Not ARB or Ecology Eligible","04/28/2025","Coos, Grafton, Belknap, Merrimack, and Strafford counties","NEW HAMPSHIRE","US","03: Good Health and Well-Being;06: Clean Water and Sanitation;13: Climate Action;15: Life on Land","S&A Carbon, LLC","S&A Carbon, LLC","220777","View","https://www.finitecarbon.com/",
"ACR562","N/A","Hiawatha Sportsman's Club","Finite Carbon - Hiawatha Sportsman's Club IFM","Forest Carbon","Improved Forest Management (IFM) on Non-Federal U.S. Forestlands","07/02/2020","07/02/2020","07/01/2040","Registered","Not ARB or Ecology Eligible","12/28/2021","Luce and Mackinac County, MI","MICHIGAN","US","03: Good Health and Well-Being;06: Clean Water and Sanitation;13: Climate Action;15: Life on Land","SCS Global Services (Scientific Certification Systems)","SCS Global Services (Scientific Certification Systems)","647468","View","",
"ACR428","CAFR5428","Huna Totem Corporation","Finite Carbon - Huna Totem Native Alaskan IFM","Forest Carbon","ARB Compliance Offset Protocol: U.S. Forest Projects","07/25/2018","07/25/2018","07/24/2043","N/A","Listed - Active ARB Project","07/27/2018","Southeast Alaska","ALASKA","US","06: Clean Water and Sanitation;13: Climate Action;15: Life on Land","S&A Carbon, LLC","N/A","1028121","View","",
"ACR286","CAFR5236","Timberlands, LLC","Finite Carbon - KRP Timberlands IFM","Forest Carbon","ARB Compliance Offset Protocol: U.S. Forest Projects","10/27/2015","10/27/2015","10/26/2040","N/A","ARB Inactive","09/18/2018","Harlan, Leslie, Clay, Perry, Letcher, Knott, & Breathitt Counties","KENTUCKY","US","06: Clean Water and Sanitation;13: Climate Action;15: Life on Land","S&A Carbon, LLC","N/A","","View","",
"ACR672","N/A","L. D. O'Rourke Foundation, Inc.","Finite Carbon - L.D. O'Rourke Foundation IFM","Forest Carbon","Improved Forest Management (IFM) on Non-Federal U.S. Forestlands","03/12/2020","03/12/2020","03/11/2040","Registered","Not ARB or Ecology Eligible","02/24/2023","Humboldt County","CALIFORNIA","US","03: Good Health and Well-Being;06: Clean Water and Sanitation;13: Climate Action;15: Life on Land","S&A Carbon, LLC","S&A Carbon, LLC","342678","View","https://www.finitecarbon.com/",
"ACR406","CAFR5406","Molpus Woodlands Group","Finite Carbon - Lake Superior Timberlands IFM","Forest Carbon","ARB Compliance Offset Protocol: U.S. Forest Projects","02/02/2018","02/02/2018","02/01/2043","N/A","ARB Inactive","01/25/2023","Houghton and Keweenaw Counties","MICHIGAN","US","06: Clean Water and Sanitation;13: Climate Action;15: Life on Land","","N/A","","View","",
"ACR293","CAFR5243","Lakes Region Conservation Trust","Finite Carbon - Lakes Region Conservation Trust IFM","Forest Carbon","ARB Compliance Offset Protocol: U.S. Forest Projects","10/29/2015","10/29/2015","10/28/2040","N/A","Listed - Active ARB Project","10/29/2015","Carrol, Belknap, Merrimack, & Grafton Counties","NEW HAMPSHIRE","US","06: Clean Water and Sanitation;13: Climate Action;15: Life on Land","S&A Carbon, LLC","N/A","483873","View","",
"ACR735","N/A","Loon Echo Land Trust","Finite Carbon - Loon Echo and Mahoosuc Land Trusts IFM","Forest Carbon","Improved Forest Management (IFM) on Non-Federal U.S. Forestlands","10/08/2021","10/08/2021","10/07/2041","Registered","Not ARB or Ecology Eligible","03/08/2023","Oxford and Cumberland Counties, Maine and Coos County, New Hampshire","MAINE; NEW HAMPSHIRE","US","03: Good Health and Well-Being;06: Clean Water and Sanitation;13: Climate Action;15: Life on Land","SCS Global Services (Scientific Certification Systems)","SCS Global Services (Scientific Certification Systems)","280289","View","https://www.finitecarbon.com/",
"ACR843","N/A","Lykes Bros. Inc.","Finite Carbon - Lykes Bros. Inc. IFM","Forest Carbon","Improved Forest Management (IFM) on Non-Federal U.S. Forestlands","09/13/2022","09/13/2022","09/12/2042","Listed","Not ARB or Ecology Eligible","08/14/2023","Glades County, Florida","FLORIDA","US","03: Good Health and Well-Being;06: Clean Water and Sanitation;13: Climate Action;15: Life on Land","TÜV SÜD America, Inc.","","","View","https://www.finitecarbon.com/",
"ACR249","CAFR5199","The Lyme Timber Company","Finite Carbon - Lyme Wyoming IFM","Forest Carbon","ARB Compliance Offset Protocol: U.S. Forest Projects","03/23/2015","03/23/2015","03/22/2040","N/A","Listed - Active ARB Project","08/18/2015","Wyoming, McDowell, Mingo, Logan, and Raleigh Counties in West Virginia and Pike County in Kentucky","WEST VIRGINIA; KENTUCKY","US","06: Clean Water and Sanitation;13: Climate Action;15: Life on Land","S&A Carbon, LLC","N/A","6224341","View","",
"ACR840","N/A","Manulife Investment Management Timberland and Agriculture Inc","Finite Carbon - Manulife Blueback IFM","Forest Carbon","Improved Forest Management (IFM) on Non-Federal U.S. Forestlands","06/29/2021","06/29/2021","06/28/2041","Registered","Not ARB or Ecology Eligible","06/13/2024","Somerset County, Maine","MAINE","US","03: Good Health and Well-Being;06: Clean Water and Sanitation;13: Climate Action;15: Life on Land","SCS Global Services (Scientific Certification Systems)","SCS Global Services (Scientific Certification Systems)","395232","View","https://www.manulifeim.com/timberland-agriculture/global/en/carbon-projects/blueback",
"ACR284","CAFR5235","Massachusetts Audubon Society, Inc.","Finite Carbon - Massachusetts Audubon Society IFM","Forest Carbon","ARB Compliance Offset Protocol: U.S. Forest Projects","10/15/2015","10/15/2015","10/14/2040","N/A","Listed - Active ARB Project","10/15/2015","Berkshire, Hampshire, Franklin, Worcester Counties in Commonwealth of Massachusetts","MASSACHUSETTS","US","06: Clean Water and Sanitation;13: Climate Action;15: Life on Land","SCS Global Services (Scientific Certification Systems)","N/A","865281","View","",
"ACR416","CAFR5416","Molpus Woodlands Group","Finite Carbon - Meriwether IFM","Forest Carbon","ARB Compliance Offset Protocol: U.S. Forest Projects","08/31/2018","08/31/2018","08/30/2043","N/A","Listed - Active ARB Project","09/05/2018","International Falls","MINNESOTA","US","06: Clean Water and Sanitation;13: Climate Action;15: Life on Land","TÜV SÜD America, Inc.","N/A","3942011","View","",
"ACR395","CAFR5395","Molpus Woodlands Group","Finite Carbon - MWF Ned Lake IFM","Forest Carbon","ARB Compliance Offset Protocol: U.S. Forest Projects","11/27/2017","11/27/2017","11/26/2042","N/A","Listed - Active ARB Project","11/27/2017","Upper Peninsula","MICHIGAN","US","06: Clean Water and Sanitation;13: Climate Action;15: Life on Land","S&A Carbon, LLC","N/A","994759","View","",
"ACR910","N/A","Fallen Timber, LLC","Finite Carbon - Northeast Carry Woodlands IFM","Forest Carbon","Improved Forest Management (IFM) on Non-Federal U.S. Forestlands","06/26/2023","06/26/2023","06/25/2043","Registered","Not ARB or Ecology Eligible","12/19/2025","Aroostook, Penobscot, and Piscataquis Counties","MAINE","US","03: Good Health and Well-Being;06: Clean Water and Sanitation;13: Climate Action;15: Life on Land","TÜV SÜD America, Inc.","TÜV SÜD America, Inc.","258712","View","",
"ACR554","CAFR5554","Opal Mountain LLC","Finite Carbon - Opal Mountain Ranch IFM","Forest Carbon","ARB Compliance Offset Protocol: U.S. Forest Projects","07/30/2020","07/30/2020","07/29/2045","N/A","Listed - Active ARB Project","07/30/2020","Prineville","OREGON","US","06: Clean Water and Sanitation;13: Climate Action;15: Life on Land","Aster Global Environmental Solutions","N/A","565718","View","",
"ACR558","N/A","Park Forestry NY, LLC","Finite Carbon - Park Forestry IFM","Forest Carbon","Improved Forest Management (IFM) on Non-Federal U.S. Forestlands","05/01/2020","05/01/2020","04/30/2040","Registered","Not ARB or Ecology Eligible","03/28/2022","St. Lawrence, Lewis, Hamilton, and Franklin counties in the state of New York and Caledonia, Windham and Windsor counties in the state of Vermont.","NEW YORK; VERMONT","US","03: Good Health and Well-Being;06: Clean Water and Sanitation;13: Climate Action;15: Life on Land","OmnexFuturepast","Aster Global Environmental Solutions","427701","View","finitecarbon.com",
"ACR786","N/A","836","Finite Carbon - Scott Woodlands IFM","Forest Carbon","Improved Forest Management (IFM) on Non-Federal U.S. Forestlands","05/10/2022","05/10/2022","05/09/2042","Registered","Not ARB or Ecology Eligible","04/30/2024","Screven, Hampton, and Jasper Counties, South Carolina","SOUTH CAROLINA; GEORGIA","US","03: Good Health and Well-Being;06: Clean Water and Sanitation;13: Climate Action;15: Life on Land","SCS Global Services (Scientific Certification Systems)","SCS Global Services (Scientific Certification Systems)","128909","View","https://www.finitecarbon.com/",
"ACR420","CAFR5420","Sealaska Corporation","Finite Carbon - Sealaska 2 Native Alaskan IFM","Forest Carbon","ARB Compliance Offset Protocol: U.S. Forest Projects","04/13/2018","04/13/2018","04/12/2043","N/A","Listed - Active ARB Project","04/16/2018","Southeast Alaska","ALASKA","US","06: Clean Water and Sanitation;13: Climate Action;15: Life on Land","TÜV SÜD America, Inc.","N/A","2559626","View","",
"ACR324","CAFR5294","Sealaska Corporation","Finite Carbon - Sealaska Native Alaskan IFM","Forest Carbon","ARB Compliance Offset Protocol: U.S. Forest Projects","06/10/2016","06/10/2016","06/09/2041","N/A","Listed - Active ARB Project","06/14/2016","Southeast Alaska","ALASKA","US","06: Clean Water and Sanitation;13: Climate Action;15: Life on Land","TÜV SÜD America, Inc.","N/A","12976660","View","",
"ACR256","CAFR5204","Tennessee River Gorge Trust","Finite Carbon - Tennessee River Gorge Trust IFM","Forest Carbon","ARB Compliance Offset Protocol: U.S. Forest Projects","02/12/2015","02/12/2015","02/11/2040","N/A","Listed - Active ARB Project","06/30/2015","The Tennessee River Gorge","TENNESSEE","US","06: Clean Water and Sanitation;13: Climate Action;15: Life on Land","SCS Global Services (Scientific Certification Systems)","N/A","427008","View","",
"ACR247","CAFR5202","Anew Carbon Development, LLC","Finite Carbon - The Forestland Group Chateaugay Woodlands IFM","Forest Carbon","ARB Compliance Offset Protocol: U.S. Forest Projects","05/16/2014","05/16/2014","05/15/2039","N/A","Listed - Active ARB Project","05/29/2015","Owls Head","NEW YORK","US","06: Clean Water and Sanitation;13: Climate Action;15: Life on Land","S&A Carbon, LLC","N/A","860277","View","",
"ACR199","CAFR5034","Anew Carbon Development, LLC","Finite Carbon - The Forestland Group CT Lakes","Forest Carbon","ARB Compliance Offset Protocol: U.S. Forest Projects","07/08/2013","07/08/2013","07/07/2038","N/A","Listed - Active ARB Project","12/23/2013","Coos County","NEW HAMPSHIRE","US","06: Clean Water and Sanitation;13: Climate Action;15: Life on Land","GHD Limited","N/A","2735822","View","",
"ACR413","CAFR5413","Beach People, LLC","Finite Carbon - Tyonek Native Alaskan IFM","Forest Carbon","ARB Compliance Offset Protocol: U.S. Forest Projects","05/23/2019","05/23/2019","05/22/2044","N/A","Listed - Active ARB Project","06/05/2019","Kenai Peninsula Borough","ALASKA","US","06: Clean Water and Sanitation;13: Climate Action;15: Life on Land","","N/A","1176746","View","",
"ACR209","","Weyerhaeuser Company","Finite Carbon - Weyerhaeuser Company IFM 1","Forest Carbon","ARB Compliance Offset Protocol: U.S. Forest Projects","05/09/2014","05/09/2014","05/08/2039","N/A","ARB Inactive","04/19/2023","Mississippi & Alabama","ALABAMA; MISSISSIPPI","US","06: Clean Water and Sanitation;13: Climate Action;15: Life on Land","","N/A","","View","www.weyerhaeuser.com",
"ACR701","N/A","Windrock Land Company","Finite Carbon - Windrock Land Company IFM","Forest Carbon","Improved Forest Management (IFM) on Non-Federal U.S. Forestlands","06/16/2021","06/16/2021","06/15/2041","Registered","Not ARB or Ecology Eligible","12/07/2022","Morgan, Roane, Anderson, and Campbell Counties","TENNESSEE","US","03: Good Health and Well-Being;06: Clean Water and Sanitation;13: Climate Action;15: Life on Land","SCS Global Services (Scientific Certification Systems)","SCS Global Services (Scientific Certification Systems)","3182545","View","https://www.finitecarbon.com/",
"ACR1237","N/A","Wiikwemkoong Unceded Territory","Finite Carbon – Wikwemikong First Nation IFM","Forest Carbon","Improved Forest Management (IFM) on Canadian Forestlands","08/11/2025","08/11/2025","08/10/2045","Listed","Not ARB or Ecology Eligible","03/26/2026","Wikwemikong Unceded Territory","ONTARIO","CA","03: Good Health and Well-Being;06: Clean Water and Sanitation;08: Decent Work and Economic Growth;12: Responsible Consumption and Production;13: Climate Action;15: Life on Land;17: Partnerships for the Goals","","","","View","",
"ACR1198","N/A","Manulife Investment Management Timberland and Agriculture Inc","Finn Brook IFM Carbon Offset Project, Manulife IM","Forest Carbon","Improved Forest Management (IFM) on Non-Federal U.S. Forestlands","10/21/2024","10/21/2024","10/20/2044","Listed","Not ARB or Ecology Eligible","08/18/2025","Reed Plantation","MAINE","US","03: Good Health and Well-Being;06: Clean Water and Sanitation;09: Industry, Innovation and Infrastructure;13: Climate Action;15: Life on Land","TÜV SÜD America, Inc.","","","View","https://www.manulifeim.com/timberland-agriculture/global/en/carbon-credit",
"ACR888","N/A","1219","Flathead Ridge Ranch Forest Carbon Project","Forest Carbon","Improved Forest Management (IFM) on Non-Federal U.S. Forestlands","09/26/2022","09/26/2022","09/25/2042","Registered","Not ARB or Ecology Eligible","10/21/2024","Kalispell, Montana","MONTANA","US","03: Good Health and Well-Being;06: Clean Water and Sanitation;09: Industry, Innovation and Infrastructure;13: Climate Action;15: Life on Land","TÜV SÜD America, Inc.","TÜV SÜD America, Inc.","506209","View","",
"ACR1233","N/A","The Climate Trust","Florence County Timberlands","Forest Carbon","Improved Forest Management (IFM) on Non-Federal U.S. Forestlands","09/24/2025","09/24/2025","09/23/2045","Listed","Not ARB or Ecology Eligible","02/16/2026","Florence County, Wisconsin","WISCONSIN","US","03: Good Health and Well-Being;06: Clean Water and Sanitation;13: Climate Action;15: Life on Land","","","","View","",
"ACR348","N/A","297","Foam Blowing Agent Project 001","Industrial Process Emissions","Transition to Advanced Formulation Blowing Agents in Foam Manufacturing and Use","01/01/2015","01/01/2015","12/31/2015","Completed","Not ARB or Ecology Eligible","07/28/2022","Earth City, MO","MISSOURI; MINNESOTA; INDIANA; OTHER","US","03: Good Health and Well-Being;06: Clean Water and Sanitation;09: Industry, Innovation and Infrastructure;12: Responsible Consumption and Production;13: Climate Action","First Environment, Inc.","First Environment, Inc.","13399","View","",
"ACR974","N/A","297","Foam Blowing Agent Project 001-2023","Industrial Process Emissions","Transition to Advanced Formulation Blowing Agents in Foam Manufacturing and Use","01/01/2023","01/01/2023","12/31/2042","Completed","Not ARB or Ecology Eligible","09/24/2024","Earth City","MISSOURI; TEXAS","US","03: Good Health and Well-Being;06: Clean Water and Sanitation;09: Industry, Innovation and Infrastructure;12: Responsible Consumption and Production;13: Climate Action","TÜV SÜD America, Inc.","TÜV SÜD America, Inc.","932934","View","https://fsi.co/",
"ACR1111","N/A","297","Foam Blowing Agent Project 001-2024","Industrial Process Emissions","Transition to Advanced Formulation Blowing Agents in Foam Manufacturing and Use","01/01/2024","01/01/2024","12/31/2043","Completed","Not ARB or Ecology Eligible","07/30/2025","Earth City","MISSOURI; TEXAS","US","09: Industry, Innovation and Infrastructure;12: Responsible Consumption and Production;13: Climate Action","TÜV SÜD America, Inc.","TÜV SÜD America, Inc.","832441","View","https://fsi.co/",
"ACR446","N/A","297","Foam Blowing Agent Project 001B","Industrial Process Emissions","Transition to Advanced Formulation Blowing Agents in Foam Manufacturing and Use","01/01/2016","01/01/2016","12/31/2025","Completed","Not ARB or Ecology Eligible","07/28/2022","Earth City","MISSOURI","US","03: Good Health and Well-Being;06: Clean Water and Sanitation;09: Industry, Innovation and Infrastructure;12: Responsible Consumption and Production;13: Climate Action","First Environment, Inc.","","63104","View","",
"ACR447","N/A","297","Foam Blowing Agent Project 001C","Industrial Process Emissions","Transition to Advanced Formulation Blowing Agents in Foam Manufacturing and Use","01/01/2017","01/01/2017","12/31/2026","Completed","Not ARB or Ecology Eligible","07/28/2022","Earth City","MISSOURI","US","03: Good Health and Well-Being;06: Clean Water and Sanitation;09: Industry, Innovation and Infrastructure;12: Responsible Consumption and Production;13: Climate Action","First Environment, Inc.","","93458","View","",
"ACR448","N/A","297","Foam Blowing Agent Project 001D","Industrial Process Emissions","Transition to Advanced Formulation Blowing Agents in Foam Manufacturing and Use","01/01/2018","01/01/2018","12/31/2027","Completed","Not ARB or Ecology Eligible","07/28/2022","Earth City","MISSOURI","US","03: Good Health and Well-Being;06: Clean Water and Sanitation;09: Industry, Innovation and Infrastructure;12: Responsible Consumption and Production;13: Climate Action","First Environment, Inc.","","85790","View","",
"ACR457","N/A","297","Foam Blowing Agent Project 001E","Industrial Process Emissions","Transition to Advanced Formulation Blowing Agents in Foam Manufacturing and Use","01/01/2009","01/01/2009","12/31/2009","Completed","Not ARB or Ecology Eligible","07/18/2022","Earth City","MISSOURI","US","03: Good Health and Well-Being;06: Clean Water and Sanitation;09: Industry, Innovation and Infrastructure;12: Responsible Consumption and Production;13: Climate Action","First Environment, Inc.","First Environment, Inc.","46868","View","",
"ACR462","N/A","297","Foam Blowing Agent Project 001F","Industrial Process Emissions","Transition to Advanced Formulation Blowing Agents in Foam Manufacturing and Use","01/01/2010","01/01/2010","12/31/2010","Completed","Not ARB or Ecology Eligible","07/18/2022","Earth City","MISSOURI","US","03: Good Health and Well-Being;06: Clean Water and Sanitation;09: Industry, Innovation and Infrastructure;12: Responsible Consumption and Production;13: Climate Action","First Environment, Inc.","","60655","View","",
"ACR463","N/A","297","Foam Blowing Agent Project 001G","Industrial Process Emissions","Transition to Advanced Formulation Blowing Agents in Foam Manufacturing and Use","01/01/2011","01/01/2011","12/31/2011","Completed","Not ARB or Ecology Eligible","07/18/2022","Earth City","MISSOURI","US","03: Good Health and Well-Being;06: Clean Water and Sanitation;09: Industry, Innovation and Infrastructure;12: Responsible Consumption and Production;13: Climate Action","First Environment, Inc.","First Environment, Inc.","63778","View","",
"ACR464","N/A","297","Foam Blowing Agent Project 001H","Industrial Process Emissions","Transition to Advanced Formulation Blowing Agents in Foam Manufacturing and Use","01/01/2012","01/01/2012","12/31/2012","Completed","Not ARB or Ecology Eligible","07/18/2022","Earth City","MISSOURI","US","03: Good Health and Well-Being;06: Clean Water and Sanitation;09: Industry, Innovation and Infrastructure;12: Responsible Consumption and Production;13: Climate Action","First Environment, Inc.","First Environment, Inc.","66273","View","",
"ACR465","N/A","297","Foam Blowing Agent Project 001I","Industrial Process Emissions","Transition to Advanced Formulation Blowing Agents in Foam Manufacturing and Use","01/01/2013","01/01/2013","12/31/2013","Completed","Not ARB or Ecology Eligible","07/18/2022","Earth City","MISSOURI","US","03: Good Health and Well-Being;06: Clean Water and Sanitation;09: Industry, Innovation and Infrastructure;12: Responsible Consumption and Production;13: Climate Action","First Environment, Inc.","First Environment, Inc.","67092","View","",
"ACR466","N/A","297","Foam Blowing Agent Project 001J","Industrial Process Emissions","Transition to Advanced Formulation Blowing Agents in Foam Manufacturing and Use","01/01/2014","01/01/2014","12/31/2014","Completed","Not ARB or Ecology Eligible","07/18/2022","Earth City","MISSOURI","US","03: Good Health and Well-Being;06: Clean Water and Sanitation;09: Industry, Innovation and Infrastructure;12: Responsible Consumption and Production;13: Climate Action","First Environment, Inc.","First Environment, Inc.","68943","View","",
"ACR551","N/A","297","Foam Blowing Agent Project 001L","Industrial Process Emissions","Transition to Advanced Formulation Blowing Agents in Foam Manufacturing and Use","01/01/2019","01/01/2019","12/31/2038","Completed","Not ARB or Ecology Eligible","07/26/2022","Earth City","MISSOURI","US","03: Good Health and Well-Being;06: Clean Water and Sanitation;09: Industry, Innovation and Infrastructure;12: Responsible Consumption and Production;13: Climate Action","First Environment, Inc.","First Environment, Inc.","526103","View","",
"ACR624","N/A","297","Foam Blowing Agent Project 001M","Industrial Process Emissions","Transition to Advanced Formulation Blowing Agents in Foam Manufacturing and Use","01/01/2020","01/01/2020","12/31/2039","Completed","Not ARB or Ecology Eligible","07/26/2022","Earth City","MISSOURI","US","03: Good Health and Well-Being;06: Clean Water and Sanitation;09: Industry, Innovation and Infrastructure;12: Responsible Consumption and Production;13: Climate Action","First Environment, Inc.","First Environment, Inc.","432039","View","",
"ACR766","N/A","297","Foam Blowing Agent Project 001N","Industrial Process Emissions","Transition to Advanced Formulation Blowing Agents in Foam Manufacturing and Use","01/01/2021","01/01/2021","12/31/2040","Completed","Not ARB or Ecology Eligible","03/28/2023","Earth City","MISSOURI; TEXAS","US","03: Good Health and Well-Being;06: Clean Water and Sanitation;09: Industry, Innovation and Infrastructure;12: Responsible Consumption and Production;13: Climate Action","First Environment, Inc.","First Environment, Inc.","790397","View","www.fsi.co",
"ACR833","N/A","297","Foam Blowing Agent Project 001P","Industrial Process Emissions","Transition to Advanced Formulation Blowing Agents in Foam Manufacturing and Use","01/01/2022","01/01/2022","12/31/2041","Completed","Not ARB or Ecology Eligible","02/02/2024","Earth City","MISSOURI","US","06: Clean Water and Sanitation;09: Industry, Innovation and Infrastructure;12: Responsible Consumption and Production;13: Climate Action","TÜV SÜD America, Inc.","TÜV SÜD America, Inc.","1016515","View","https://fsi.co/",
"ACR369","N/A","297","Foam Blowing Agent Project 002","Industrial Process Emissions","Transition to Advanced Formulation Blowing Agents in Foam Manufacturing and Use","01/01/2015","01/01/2015","12/31/2024","Completed","Not ARB or Ecology Eligible","03/30/2023","Rockford","MINNESOTA","US","03: Good Health and Well-Being;06: Clean Water and Sanitation;09: Industry, Innovation and Infrastructure;12: Responsible Consumption and Production;13: Climate Action","First Environment, Inc.","First Environment, Inc.","113546","View","",
"ACR451","N/A","297","Foam Blowing Agent Project 002B","Industrial Process Emissions","Transition to Advanced Formulation Blowing Agents in Foam Manufacturing and Use","01/01/2016","01/01/2016","12/31/2025","Completed","Not ARB or Ecology Eligible","07/28/2022","Rockford, Minnesota","MINNESOTA","US","03: Good Health and Well-Being;06: Clean Water and Sanitation;09: Industry, Innovation and Infrastructure;12: Responsible Consumption and Production;13: Climate Action","First Environment, Inc.","","105696","View","",
"ACR450","N/A","297","Foam Blowing Agent Project 002C","Industrial Process Emissions","Transition to Advanced Formulation Blowing Agents in Foam Manufacturing and Use","01/01/2017","01/01/2017","12/31/2026","Completed","Not ARB or Ecology Eligible","07/28/2022","Rockford","MINNESOTA","US","03: Good Health and Well-Being;06: Clean Water and Sanitation;09: Industry, Innovation and Infrastructure;12: Responsible Consumption and Production;13: Climate Action","First Environment, Inc.","","110310","View","",
"ACR449","N/A","297","Foam Blowing Agent Project 002D","Industrial Process Emissions","Transition to Advanced Formulation Blowing Agents in Foam Manufacturing and Use","01/01/2018","01/01/2018","12/31/2027","Completed","Not ARB or Ecology Eligible","07/28/2022","Rockford","MINNESOTA","US","03: Good Health and Well-Being;06: Clean Water and Sanitation;09: Industry, Innovation and Infrastructure;12: Responsible Consumption and Production;13: Climate Action","First Environment, Inc.","","110988","View","",
"ACR552","N/A","297","Foam Blowing Agent Project 002E","Industrial Process Emissions","Transition to Advanced Formulation Blowing Agents in Foam Manufacturing and Use","01/01/2019","01/01/2019","12/31/2043","Completed","Not ARB or Ecology Eligible","07/26/2022","Rockford","MINNESOTA","US","03: Good Health and Well-Being;06: Clean Water and Sanitation;09: Industry, Innovation and Infrastructure;12: Responsible Consumption and Production;13: Climate Action","First Environment, Inc.","First Environment, Inc.","333499","View","",
"ACR623","N/A","297","Foam Blowing Agent Project 002F","Industrial Process Emissions","Transition to Advanced Formulation Blowing Agents in Foam Manufacturing and Use","01/01/2020","01/01/2020","12/31/2044","Completed","Not ARB or Ecology Eligible","07/26/2022","Rockford","MINNESOTA","US","03: Good Health and Well-Being;06: Clean Water and Sanitation;09: Industry, Innovation and Infrastructure;12: Responsible Consumption and Production;13: Climate Action","First Environment, Inc.","First Environment, Inc.","321718","View","",
"ACR765","N/A","297","Foam Blowing Agent Project 002G","Industrial Process Emissions","Transition to Advanced Formulation Blowing Agents in Foam Manufacturing and Use","01/01/2021","01/01/2021","12/31/2045","Completed","Not ARB or Ecology Eligible","12/20/2022","Rockford","MINNESOTA","US","03: Good Health and Well-Being;06: Clean Water and Sanitation;09: Industry, Innovation and Infrastructure;12: Responsible Consumption and Production;13: Climate Action","First Environment, Inc.","First Environment, Inc.","318479","View","",
"ACR834","N/A","297","Foam Blowing Agent Project 002H","Industrial Process Emissions","Transition to Advanced Formulation Blowing Agents in Foam Manufacturing and Use","01/01/2022","01/01/2022","12/31/2046","Completed","Not ARB or Ecology Eligible","08/29/2023","Rockford","MINNESOTA","US","06: Clean Water and Sanitation;09: Industry, Innovation and Infrastructure;12: Responsible Consumption and Production;13: Climate Action","First Environment, Inc.","First Environment, Inc.","305601","View","www.fsi.co",
"ACR454","N/A","297","Foam Blowing Agent Project 003C","Industrial Process Emissions","Transition to Advanced Formulation Blowing Agents in Foam Manufacturing and Use","01/01/2017","01/01/2017","06/30/2027","Completed","Not ARB or Ecology Eligible","07/28/2022","Winchester","VIRGINIA","US","03: Good Health and Well-Being;06: Clean Water and Sanitation;09: Industry, Innovation and Infrastructure;12: Responsible Consumption and Production;13: Climate Action","First Environment, Inc.","","291983","View","",
"ACR455","N/A","297","Foam Blowing Agent Project 003D","Industrial Process Emissions","Transition to Advanced Formulation Blowing Agents in Foam Manufacturing and Use","01/01/2018","01/01/2018","12/31/2027","Completed","Not ARB or Ecology Eligible","07/28/2022","Winchester","VIRGINIA","US","03: Good Health and Well-Being;06: Clean Water and Sanitation;09: Industry, Innovation and Infrastructure;12: Responsible Consumption and Production;13: Climate Action","First Environment, Inc.","","520153","View","",
"ACR622","N/A","297","Foam Blowing Agent Project 003F","Industrial Process Emissions","Transition to Advanced Formulation Blowing Agents in Foam Manufacturing and Use","01/01/2020","01/01/2020","12/31/2044","Completed","Not ARB or Ecology Eligible","07/26/2022","Winchester","VIRGINIA","US","03: Good Health and Well-Being;06: Clean Water and Sanitation;09: Industry, Innovation and Infrastructure;12: Responsible Consumption and Production;13: Climate Action","First Environment, Inc.","First Environment, Inc.","1934327","View","",
"ACR764","N/A","297","Foam Blowing Agent Project 003G","Industrial Process Emissions","Transition to Advanced Formulation Blowing Agents in Foam Manufacturing and Use","01/01/2021","01/01/2021","12/31/2045","Completed","Not ARB or Ecology Eligible","01/19/2023","Winchester","VIRGINIA","US","03: Good Health and Well-Being;06: Clean Water and Sanitation;09: Industry, Innovation and Infrastructure;12: Responsible Consumption and Production;13: Climate Action","First Environment, Inc.","First Environment, Inc.","1439650","View","",
"ACR832","N/A","297","Foam Blowing Agent Project 003H","Industrial Process Emissions","Transition to Advanced Formulation Blowing Agents in Foam Manufacturing and Use","01/01/2022","01/01/2022","12/31/2046","Completed","Not ARB or Ecology Eligible","11/29/2023","Winchester","VIRGINIA","US","06: Clean Water and Sanitation;09: Industry, Innovation and Infrastructure;12: Responsible Consumption and Production;13: Climate Action","First Environment, Inc.","First Environment, Inc.","1102120","View","",
"ACR975","N/A","297","Foam Blowing Agent Project 004-2023","Industrial Process Emissions","Transition to Advanced Formulation Blowing Agents in Foam Manufacturing and Use","01/01/2023","01/01/2023","12/31/2047","Completed","Not ARB or Ecology Eligible","09/20/2024","Winchester","VIRGINIA; MINNESOTA","US","03: Good Health and Well-Being;06: Clean Water and Sanitation;09: Industry, Innovation and Infrastructure;12: Responsible Consumption and Production;13: Climate Action","First Environment, Inc.","First Environment, Inc.","2047598","View","https://fsi.co/",
"ACR556","N/A","297","Foam Blowing Agent Project 005","Industrial Process Emissions","Transition to Advanced Formulation Blowing Agents in Foam Manufacturing and Use","01/01/2019","01/01/2019","12/31/2043","Completed","Not ARB or Ecology Eligible","07/26/2022","Winchester","VIRGINIA","US","03: Good Health and Well-Being;06: Clean Water and Sanitation;09: Industry, Innovation and Infrastructure;12: Responsible Consumption and Production;13: Climate Action","First Environment, Inc.","First Environment, Inc.","1666749","View","",
"ACR1211","N/A","Manulife Investment Management Timberland and Agriculture Inc","Fordyce IFM Carbon Offset Project, Manulife IM","Forest Carbon","Improved Forest Management (IFM) on Non-Federal U.S. Forestlands","01/01/2025","01/01/2025","12/31/2044","Listed","Not ARB or Ecology Eligible","12/05/2025","SE Arkansas","ARKANSAS","US","03: Good Health and Well-Being;06: Clean Water and Sanitation;13: Climate Action;15: Life on Land","","","","View","https://www.manulifeim.com/timberland-agriculture/global/en/carbon-credit",
"ACR361","CAFR5361","The Port Graham Corporation","Forest Carbon Partners - Port Graham Corporation Improved Forest Management Project","Forest Carbon","ARB Compliance Offset Protocol: U.S. Forest Projects","12/27/2016","12/27/2016","12/26/2041","N/A","Listed - Active ARB Project","12/27/2016","Kenai Peninsula","ALASKA","US","06: Clean Water and Sanitation;13: Climate Action;15: Life on Land","SCS Global Services (Scientific Certification Systems)","N/A","2501982","View","www.forestcarbonpartners.com",
"ACR603","CAFR5603","Forest Carbon Works, PBC","Forest Carbon Works Christensen Family Forest Project","Forest Carbon","ARB Compliance Offset Protocol: U.S. Forest Projects","11/06/2020","11/06/2020","05/06/2045","N/A","ARB Terminated","03/07/2023","Corbett","OREGON","US","06: Clean Water and Sanitation;13: Climate Action;15: Life on Land","","N/A","4732","View","",
"ACR665","CAFR5665","Forest Carbon Works, PBC","Forest Carbon Works Downeast Woodlands Project","Forest Carbon","ARB Compliance Offset Protocol: U.S. Forest Projects","08/05/2021","08/05/2021","02/06/2047","N/A","ARB Inactive","01/12/2024","Ellsworth","MAINE","US","06: Clean Water and Sanitation;13: Climate Action;15: Life on Land","","N/A","","View","",
"ACR655","CAFR5655","Forest Carbon Works, PBC","Forest Carbon Works Hawk Rock Holdings Project","Forest Carbon","ARB Compliance Offset Protocol: U.S. Forest Projects","07/13/2021","07/13/2021","01/12/2047","N/A","ARB Inactive","01/11/2024","Hyde Park","VERMONT","US","06: Clean Water and Sanitation;13: Climate Action;15: Life on Land","TÜV SÜD America, Inc.","N/A","","View","",
"ACR739","CAFR5739","Forest Carbon Works, PBC","Forest Carbon Works Keasey Family Corporation Project","Forest Carbon","ARB Compliance Offset Protocol: U.S. Forest Projects","02/15/2022","02/15/2022","03/10/2047","N/A","ARB Inactive","12/09/2024","Veronia","OREGON","US","06: Clean Water and Sanitation;13: Climate Action;15: Life on Land","TÜV SÜD America, Inc.","N/A","","View","",
"ACR602","CAFR6602","Forest Carbon Works, PBC","Forest Carbon Works McMahon Family Forest Project","Forest Carbon","ARB Compliance Offset Protocol: U.S. Forest Projects","11/06/2020","11/06/2020","11/06/2045","N/A","ARB Inactive","11/10/2021","Beatty","OREGON","US","06: Clean Water and Sanitation;13: Climate Action;15: Life on Land","S&A Carbon, LLC","N/A","","View","",
"ACR601","CAFR5601","Forest Carbon Works, PBC","Forest Carbon Works Posner Family Forest Project","Forest Carbon","ARB Compliance Offset Protocol: U.S. Forest Projects","11/06/2020","11/06/2020","11/05/2045","N/A","ARB Inactive","03/07/2023","Yachats","OREGON","US","06: Clean Water and Sanitation;13: Climate Action;15: Life on Land","S&A Carbon, LLC","N/A","","View","",
"ACR570","CAFR5570","Forest Carbon Works, PBC","Forest Carbon Works Rowan Family Forest Project","Forest Carbon","ARB Compliance Offset Protocol: U.S. Forest Projects","07/25/2020","07/25/2020","07/24/2046","N/A","Listed - Active ARB Project","07/30/2020","Molalla","OREGON","US","06: Clean Water and Sanitation;13: Climate Action;15: Life on Land","S&A Carbon, LLC","N/A","76320","View","",
"ACR691","CAFR5691","Forest Carbon Works, PBC","Forest Carbon Works Shumway Family Forest Project","Forest Carbon","ARB Compliance Offset Protocol: U.S. Forest Projects","11/17/2021","11/17/2021","05/17/2047","N/A","ARB Inactive","01/31/2023","Sutton","VERMONT","US","06: Clean Water and Sanitation;13: Climate Action;15: Life on Land","","N/A","","View","",
"ACR423","CAFR5423","Forest Carbon Works, PBC","Forest Carbon Works Stewart Family Forest Project","Forest Carbon","ARB Compliance Offset Protocol: U.S. Forest Projects","04/25/2018","04/25/2018","04/25/2043","N/A","ARB Terminated","04/11/2025","Corbett, Oregon","OREGON","US","06: Clean Water and Sanitation;13: Climate Action;15: Life on Land","S&A Carbon, LLC","N/A","28048","View","forestcarbonworks.org",
"ACR241","CALS5181","Camco Offsets I, LLC","Gardeau Crest Dairy","Livestock Waste Management","ARB Compliance Offset Protocol: Capturing and Destroying Methane from Manure Management Systems","11/27/2014","11/27/2014","11/26/2024","N/A","ARB Terminated","01/06/2024","4326 Middle Reservation Road, Perry, NY 14530","NEW YORK","US","02: Zero Hunger;09: Industry, Innovation and Infrastructure;13: Climate Action","Dillon Consulting Limited","N/A","91842","View","",
"ACR682","CAMM5682","Pioneer Oil Company, Inc.","Gibson North AMM Project","Coal Mine Methane","ARB Compliance Offset Protocol: Mine Methane Capture Projects","05/04/2023","05/04/2023","12/31/2032","N/A","Listed - Active ARB Project","01/01/2022","Princeton","INDIANA","US","09: Industry, Innovation and Infrastructure;13: Climate Action","First Environment of California, Inc.","N/A","58431","View","",
"ACR251","CAFR5194","Era Ecosystem Services U.S. Inc.","Glasscock Island","Forest Carbon","ARB Compliance Offset Protocol: U.S. Forest Projects","11/17/2014","11/17/2014","11/16/2039","N/A","ARB Terminated","01/22/2024","Glasscock Island","MISSISSIPPI; LOUISIANA","US","06: Clean Water and Sanitation;13: Climate Action;15: Life on Land","","N/A","430408","View","",
"ACR759","CAMM5759","Environmental Commodities Corporation","GMMC1","Coal Mine Methane","ARB Compliance Offset Protocol: Mine Methane Capture Projects","06/23/2022","06/23/2022","06/22/2033","N/A","Listed - Proposed Project","05/09/2022","Gibson County","INDIANA","US","09: Industry, Innovation and Infrastructure;13: Climate Action","SES, Inc.","N/A","","View","www.eccintl.com",
"ACR1121","N/A","Weyerhaeuser NR Company","Golden Isles IFM Project","Forest Carbon","Improved Forest Management (IFM) on Non-Federal U.S. Forestlands","04/01/2025","04/01/2025","03/31/2044","Listed","Not ARB or Ecology Eligible","05/07/2025","Coastal Georgia","GEORGIA","US","03: Good Health and Well-Being;06: Clean Water and Sanitation;09: Industry, Innovation and Infrastructure;13: Climate Action;15: Life on Land","SCS Global Services (Scientific Certification Systems)","","","View","",
"ACR113","N/A","Commonwealth Resource Management Corporation","Greater New Bedford LFG","Landfill Gas Capture & Combustion","Monitoring, Reporting and Verification Protocol for Landfill Gas Combustion","01/01/2000","01/01/2000","12/31/2008","Completed","Not ARB or Ecology Eligible","05/01/2012","Dartmouth","MASSACHUSETTS","US","","First Environment, Inc.","","713162","View","",
"ACR287","CAFR5237","169","Green Assets - BJT Avoided Conversion Project","Forest Carbon","ARB Compliance Offset Protocol: U.S. Forest Projects","08/05/2016","08/05/2016","08/04/2041","N/A","Listed - Active ARB Project","10/20/2015","Georgia","GEORGIA","US","06: Clean Water and Sanitation;13: Climate Action;15: Life on Land","Aster Global Environmental Solutions","N/A","700067","View","",
"ACR751","CAFR5751","169","Green Assets - DLT Avoided Conversion Project","Forest Carbon","ARB Compliance Offset Protocol: U.S. Forest Projects","09/08/2021","09/08/2021","03/08/2046","N/A","Listed - Active ARB Project","03/07/2022","South Carolina","SOUTH CAROLINA","US","06: Clean Water and Sanitation;13: Climate Action;15: Life on Land","TÜV SÜD America, Inc.","N/A","1321522","View","",
"ACR268","CAFR5208","169","Green Assets - HMWCF-I Avoided Conversion Project","Forest Carbon","ARB Compliance Offset Protocol: U.S. Forest Projects","07/14/2016","07/14/2016","07/13/2041","N/A","Listed - Active ARB Project","09/16/2015","Lagrange","GEORGIA","US","06: Clean Water and Sanitation;13: Climate Action;15: Life on Land","Aster Global Environmental Solutions","N/A","8677262","View","",
"ACR269","CAFR5209","169","Green Assets - HMWCF-II Avoided Conversion Project","Forest Carbon","ARB Compliance Offset Protocol: U.S. Forest Projects","08/09/2016","08/09/2016","08/08/2041","N/A","Listed - Active ARB Project","09/16/2015","Crestview","FLORIDA; GEORGIA","US","06: Clean Water and Sanitation;13: Climate Action;15: Life on Land","Aster Global Environmental Solutions","N/A","2058277","View","",
"ACR270","CAFR5210","169","Green Assets - HMWCF-III Avoided Conversion Project","Forest Carbon","ARB Compliance Offset Protocol: U.S. Forest Projects","09/01/2016","09/01/2016","08/31/2041","N/A","ARB Inactive","01/04/2024","Tallahassee","FLORIDA","US","06: Clean Water and Sanitation;13: Climate Action;15: Life on Land","","N/A","","View","",
"ACR265","CAFR5205","169","Green Assets - Lukens Avoided Conversion Project","Forest Carbon","ARB Compliance Offset Protocol: U.S. Forest Projects","04/29/2015","04/29/2015","04/28/2040","N/A","Listed - Active ARB Project","08/20/2015","Lukens Island","NORTH CAROLINA","US","06: Clean Water and Sanitation;13: Climate Action;15: Life on Land","TÜV SÜD America, Inc.","N/A","379460","View","",
"ACR266","CAFR5206","169","Green Assets - Milbury Avoided Conversion Project","Forest Carbon","ARB Compliance Offset Protocol: U.S. Forest Projects","06/10/2015","06/10/2015","06/09/2040","N/A","Listed - Active ARB Project","08/26/2015","Allendale","SOUTH CAROLINA","US","06: Clean Water and Sanitation;13: Climate Action;15: Life on Land","","N/A","1168649","View","",
"ACR1046","N/A","169","Green Assets – Carolina Bays and Coastal Plain Forest Conservation & Sustainable Management Project","Forest Carbon","Active Conservation and Sustainable Management on U.S. Forestlands","07/07/2023","07/07/2023","07/06/2063","Listed","Not ARB or Ecology Eligible","06/13/2024","Eastern","NORTH CAROLINA","US","03: Good Health and Well-Being;06: Clean Water and Sanitation;09: Industry, Innovation and Infrastructure;13: Climate Action;15: Life on Land","S&A Carbon, LLC","","","View","",
"ACR192","CAFR5029","169","Green Assets-Brookgreen Gardens Improved Forest Management Project","Forest Carbon","ARB Compliance Offset Protocol: U.S. Forest Projects","05/13/2013","05/13/2013","05/12/2038","N/A","Listed - Active ARB Project","11/13/2013","Murrell's Inlet","SOUTH CAROLINA","US","06: Clean Water and Sanitation;13: Climate Action;15: Life on Land","S&A Carbon, LLC","N/A","249524","View","",
"ACR1243","N/A","277","Green Diamond Pleasant Valley IFM","Forest Carbon","Improved Forest Management (IFM) on Non-Federal U.S. Forestlands","04/01/2026","04/01/2026","03/31/2046","Listed","Not ARB or Ecology Eligible","04/21/2026","Flathead, Sanders, and Lincoln Counties, MT","MONTANA","US","03: Good Health and Well-Being;06: Clean Water and Sanitation;13: Climate Action;15: Life on Land","","","","View","",
"ACR273","CAFR5233","277","Green Diamond Resource Company Klamath East IFM","Forest Carbon","ARB Compliance Offset Protocol: U.S. Forest Projects","10/13/2015","10/13/2015","10/12/2040","N/A","ARB Terminated","04/08/2024","Proximity of Klamath Falls","OREGON","US","06: Clean Water and Sanitation;13: Climate Action;15: Life on Land","TÜV SÜD America, Inc.","N/A","1149657","View","",
"ACR738","CAFR5738","277","Green Diamond Resource Company Klamath River North IFM","Forest Carbon","ARB Compliance Offset Protocol: U.S. Forest Projects","03/01/2022","03/01/2022","12/31/2046","N/A","Listed - Proposed Project","03/01/2022","Del Norte County","CALIFORNIA","US","06: Clean Water and Sanitation;13: Climate Action;15: Life on Land","","N/A","","View","",
"ACR274","CAFR5234","277","Green Diamond Resource Company Klamath West IFM","Forest Carbon","ARB Compliance Offset Protocol: U.S. Forest Projects","09/29/2014","09/29/2014","09/28/2039","N/A","Listed - Active ARB Project","10/13/2015","Proximity of Klamath Falls","OREGON; CALIFORNIA","US","06: Clean Water and Sanitation;13: Climate Action;15: Life on Land","Aster Global Environmental Solutions","N/A","1326320","View","",
"ACR1025","CAFR1025","277","Green Diamond Resource Company Longbell IFM","Forest Carbon","ARB Compliance Offset Protocol: U.S. Forest Projects","04/11/2024","04/11/2024","04/10/2049","N/A","Listed - Proposed Project","04/26/2024","Klamath and Lake Counties","OREGON","US","06: Clean Water and Sanitation;13: Climate Action;15: Life on Land","TÜV SÜD America, Inc.","N/A","","View","",
"ACR753","N/A","277","Green Diamond Resource Company Lost Trail IFM","Forest Carbon","Improved Forest Management (IFM) on Non-Federal U.S. Forestlands","02/10/2021","02/10/2021","02/09/2041","Registered","Not ARB or Ecology Eligible","03/28/2022","Flathead County, MT","MONTANA","US","03: Good Health and Well-Being;06: Clean Water and Sanitation;13: Climate Action;15: Life on Land","Aster Global Environmental Solutions","SCS Global Services (Scientific Certification Systems)","13490","View","",
"ACR727","CAFR5727","277","Green Diamond Resource Company Mad River IFM","Forest Carbon","ARB Compliance Offset Protocol: U.S. Forest Projects","03/01/2022","03/01/2022","12/31/2046","N/A","Listed - Proposed Project","03/01/2022","Humboldt County","CALIFORNIA","US","06: Clean Water and Sanitation;13: Climate Action;15: Life on Land","","N/A","","View","",
"ACR1027","CAFR1027","277","Green Diamond Resource Company ORO East IFM","Forest Carbon","ARB Compliance Offset Protocol: U.S. Forest Projects","04/11/2024","04/11/2024","04/10/2049","N/A","Listed - Proposed Project","04/26/2024","Klamath and Lake Counties","OREGON","US","06: Clean Water and Sanitation;13: Climate Action;15: Life on Land","TÜV SÜD America, Inc.","N/A","","View","",
"ACR1026","CAFR1026","277","Green Diamond Resource Company ORO North IFM","Forest Carbon","ARB Compliance Offset Protocol: U.S. Forest Projects","04/11/2024","04/11/2024","04/10/2049","N/A","Listed - Proposed Project","04/29/2024","Klamath and Lake Counties","OREGON","US","06: Clean Water and Sanitation;13: Climate Action;15: Life on Land","TÜV SÜD America, Inc.","N/A","","View","",
"ACR1028","CAFR1028","277","Green Diamond Resource Company ORO South IFM","Forest Carbon","ARB Compliance Offset Protocol: U.S. Forest Projects","04/11/2024","04/11/2024","04/10/2049","N/A","Listed - Proposed Project","04/26/2024","Klamath and Lake Counties","OREGON","US","06: Clean Water and Sanitation;13: Climate Action;15: Life on Land","TÜV SÜD America, Inc.","N/A","","View","",
"ACR938","N/A","277","Green Diamond Resource Company Southwide Afforestation 1","Forest Carbon","Afforestation and Reforestation of Degraded Lands","10/26/2023","10/26/2023","10/25/2063","Listed","Not ARB or Ecology Eligible","12/12/2023","Hintonville","MISSISSIPPI","US","03: Good Health and Well-Being;06: Clean Water and Sanitation;13: Climate Action;15: Life on Land","TÜV SÜD America, Inc.","","","View","",
"ACR741","CAFR5741","277","Green Diamond Resource Company Thompson River IFM","Forest Carbon","ARB Compliance Offset Protocol: U.S. Forest Projects","02/10/2021","02/10/2021","03/31/2046","N/A","Listed - Active ARB Project","02/18/2022","Sanders and Flathead Counties, Montana","MONTANA","US","06: Clean Water and Sanitation;13: Climate Action;15: Life on Land","SCS Global Services (Scientific Certification Systems)","N/A","222777","View","",
"ACR236","CALS5136","Camco Offsets I, LLC","Green Meadow Farm","Livestock Waste Management","ARB Compliance Offset Protocol: Capturing and Destroying Methane from Manure Management Systems","01/01/2019","01/01/2019","12/31/2028","N/A","ARB Terminated","01/10/2025","Elsie","MICHIGAN","US","02: Zero Hunger;09: Industry, Innovation and Infrastructure;13: Climate Action","","N/A","19517","View","",
"ACR1009","CAMM1009","Keyrock Environment LLC","Green Valley Abandoned Mine Methane Recovery Project","Coal Mine Methane","ARB Compliance Offset Protocol: Mine Methane Capture Projects","02/22/2024","02/22/2024","08/31/2033","N/A","Transferred ARB or Ecology Project","03/03/2025","6010 State Line Rd, Paris Township","ILLINOIS","US","09: Industry, Innovation and Infrastructure;13: Climate Action","Agri-Waste Technology, Inc.","N/A","31850","View","",
"ACR114","N/A","GreenTrees, LLC","GreenTrees ACRE (Advanced Carbon Restored Ecosystem)","Forest Carbon","Afforestation and Reforestation of Degraded Lands","01/01/2008","01/01/2008","12/31/2047","Registered","Not ARB or Ecology Eligible","05/01/2012","Mississippi Alluvial Valley","ARKANSAS; LOUISIANA; MISSISSIPPI; ILLINOIS","US","03: Good Health and Well-Being;06: Clean Water and Sanitation;13: Climate Action;15: Life on Land","Aster Global Environmental Solutions","Environmental Services, Inc.","7792791","View","www.green-trees.com",
"ACR355","CALS5355","3Degrees Group, Inc.","Greenwood Dairy Anaerobic Digester","Livestock Waste Management","ARB Compliance Offset Protocol: Capturing and Destroying Methane from Manure Management Systems","01/01/2016","04/01/2026","03/31/2036","N/A","Listed - Active ARB Project","08/30/2016","Canton, New York","NEW YORK","US","02: Zero Hunger;09: Industry, Innovation and Infrastructure;13: Climate Action","First Environment of California, Inc.","N/A","67233","View","",
"ACR757","N/A","Delta Land Services, LLC","Gulf Coastal Plain IFM Project","Forest Carbon","Improved Forest Management (IFM) on Non-Federal U.S. Forestlands","08/01/2021","08/01/2021","07/31/2121","Listed","Not ARB or Ecology Eligible","04/26/2022","Newton County, Texas","TEXAS; LOUISIANA","US","03: Good Health and Well-Being;06: Clean Water and Sanitation;13: Climate Action;15: Life on Land","Aster Global Environmental Solutions","","","View","deltalandland-services.com",
"ACR182","CAFR5012","Hanes Ranch Inc.","Hanes Ranch Forest Carbon Project","Forest Carbon","ARB Compliance Offset Protocol: U.S. Forest Projects","03/25/2012","03/25/2012","03/24/2037","N/A","Listed - Active ARB Project","08/07/2013","Mendocino County","CALIFORNIA","US","06: Clean Water and Sanitation;13: Climate Action;15: Life on Land","Aster Global Environmental Solutions","N/A","171915","View","",
"ACR845","CAMM5845","NextEra Energy Marketing, LLC","Harrison County Flare I","Coal Mine Methane","ARB Compliance Offset Protocol: Mine Methane Capture Projects","07/02/2022","07/02/2022","01/31/2032","N/A","Listed - Active ARB Project","05/09/2023","Camp Run Rd, Mannington, WV 26582","WEST VIRGINIA","US","09: Industry, Innovation and Infrastructure;13: Climate Action","SES, Inc.","N/A","198911","View","",
"ACR899","CAMM5899","NextEra Energy Marketing, LLC","Harrison County Flare II","Coal Mine Methane","ARB Compliance Offset Protocol: Mine Methane Capture Projects","12/30/2022","12/30/2022","06/30/2032","N/A","Listed - Active ARB Project","07/24/2023","Stardust Lane, Mannington, WV  26582","WEST VIRGINIA","US","09: Industry, Innovation and Infrastructure;13: Climate Action","TÜV SÜD America, Inc.","N/A","214296","View","",
"ACR911","CAMM5911","NextEra Energy Marketing, LLC","Harrison County Flare III","Coal Mine Methane","ARB Compliance Offset Protocol: Mine Methane Capture Projects","01/05/2023","01/05/2023","07/31/2032","N/A","ARB Terminated","04/14/2025","Mannington, WV 26582","WEST VIRGINIA","US","09: Industry, Innovation and Infrastructure;13: Climate Action","SES, Inc.","N/A","23653","View","",
"ACR375","N/A","The Nature Conservancy","Hawk Mountain Forestry Project","Forest Carbon","Improved Forest Management (IFM) on Non-Federal U.S. Forestlands","03/17/2017","03/17/2017","03/16/2037","Registered","Not ARB or Ecology Eligible","05/11/2018","Drehersville, Pennsylvania","PENNSYLVANIA","US","03: Good Health and Well-Being;06: Clean Water and Sanitation;13: Climate Action;15: Life on Land","SCS Global Services (Scientific Certification Systems)","SCS Global Services (Scientific Certification Systems)","221089","View","",
"ACR1154","N/A","Loci Controls, Inc.","Hay Road Landfill, Vacaville, CA: GHG Emission Reduction Automation Collection of Landfill Gas","Landfill Gas Capture & Combustion","Landfill Gas Destruction and Beneficial Use Projects","12/01/2023","12/01/2023","11/30/2033","Registered","Not ARB or Ecology Eligible","05/08/2026","Vacaville, CA","PENNSYLVANIA","US","03: Good Health and Well-Being;07: Affordable and Clean Energy;09: Industry, Innovation and Infrastructure;11: Sustainable Cities and Communities;12: Responsible Consumption and Production;13: Climate Action","TÜV SÜD America, Inc.","TÜV SÜD America, Inc.","126952","View","",
"ACR890","N/A","Rebellion Energy Solutions, LLC","Heartland Methane Abatement and Land Restoration – Packard & Kottke Ranch Project","Industrial Process Emissions","Plugging Orphan Oil and Gas Wells in the U.S. and Canada","06/06/2023","06/06/2023","06/05/2043","Completed","Not ARB or Ecology Eligible","02/02/2024","WASHINGTON COUNTY","OKLAHOMA","US","03: Good Health and Well-Being;09: Industry, Innovation and Infrastructure;12: Responsible Consumption and Production;13: Climate Action;15: Life on Land","GHD Limited","GHD Limited","80782","View","https://rebellionenergy.com/",
"ACR966","N/A","Rebellion Energy Solutions, LLC","Heartland Methane Abatement and Land Restoration Project 2","Industrial Process Emissions","Plugging Orphan Oil and Gas Wells in the U.S. and Canada","09/09/2023","09/09/2023","01/18/2044","Completed","Not ARB or Ecology Eligible","10/22/2024","BLAINE, KINGFISHER, NOWATA AND WASHINGTON COUNTIES","OKLAHOMA","US","03: Good Health and Well-Being;09: Industry, Innovation and Infrastructure;12: Responsible Consumption and Production;13: Climate Action;15: Life on Land","GHD Limited","GHD Limited","1891423","View","https://rebellionenergy.com/",
"ACR1023","N/A","Rebellion Energy Solutions, LLC","Heartland Methane Abatement and Land Restoration Project 3","Industrial Process Emissions","Plugging Orphan Oil and Gas Wells in the U.S. and Canada","08/22/2023","08/22/2023","05/21/2044","Completed","Not ARB or Ecology Eligible","09/21/2025","Beaver, Canadian, and Nowata Counties","OKLAHOMA","US","03: Good Health and Well-Being;09: Industry, Innovation and Infrastructure;12: Responsible Consumption and Production;13: Climate Action;15: Life on Land","GHD Limited","GHD Limited","989735","View","https://rebellionenergy.com/",
"ACR1072","N/A","Rebellion Energy Solutions, LLC","Heartland Methane Abatement and Land Restoration Project 4","Industrial Process Emissions","Plugging Orphan Oil and Gas Wells in the U.S. and Canada","04/15/2025","04/15/2025","08/03/2045","Registered","Not ARB or Ecology Eligible","05/04/2026","Custer and Roger Milss Counties","OKLAHOMA","US","03: Good Health and Well-Being;09: Industry, Innovation and Infrastructure;12: Responsible Consumption and Production;13: Climate Action;15: Life on Land","GHD Limited","GHD Limited","1368286","View","https://rebellionenergy.com/",
"ACR1145","N/A","Rebellion Energy Solutions, LLC","Heartland Methane Abatement and Land Restoration Project 5","Industrial Process Emissions","Plugging Orphan Oil and Gas Wells in the U.S. and Canada","07/01/2025","07/01/2025","10/01/2045","Listed","Not ARB or Ecology Eligible","03/07/2025","OKLAHOMA COUNTIES","OKLAHOMA","US","03: Good Health and Well-Being;06: Clean Water and Sanitation;09: Industry, Innovation and Infrastructure;11: Sustainable Cities and Communities;12: Responsible Consumption and Production;13: Climate Action;15: Life on Land","","","","View","https://rebellionenergy.com/",
"ACR1146","N/A","Rebellion Energy Solutions, LLC","Heartland Methane Abatement and Land Restoration Project 6","Industrial Process Emissions","Plugging Orphan Oil and Gas Wells in the U.S. and Canada","10/01/2025","10/01/2025","01/01/2046","Listed","Not ARB or Ecology Eligible","03/07/2025","OKLAHOMA COUNTIES","OKLAHOMA","US","03: Good Health and Well-Being;06: Clean Water and Sanitation;09: Industry, Innovation and Infrastructure;11: Sustainable Cities and Communities;12: Responsible Consumption and Production;13: Climate Action;15: Life on Land","","","","View","https://rebellionenergy.com/",
"ACR675","CAMM5675","Keyrock Energy LLC","Heilwood Mine Methane Incineration Project","Coal Mine Methane","ARB Compliance Offset Protocol: Mine Methane Capture Projects","10/20/2020","10/20/2020","10/31/2030","N/A","Transferred ARB or Ecology Project","08/11/2025","Heilwood","PENNSYLVANIA","US","09: Industry, Innovation and Infrastructure;13: Climate Action","Dillon Consulting Limited","N/A","284712","View","",
"ACR1098","N/A","True Manufacturing Co., Inc.","HFC Drawdown in Foam Systems: 002D","Industrial Process Emissions","Transition to Advanced Formulation Blowing Agents in Foam Manufacturing and Use","01/01/2023","01/01/2023","12/31/2042","Completed","Not ARB or Ecology Eligible","01/13/2026","O'Fallon","MISSOURI","US","09: Industry, Innovation and Infrastructure;12: Responsible Consumption and Production;13: Climate Action","First Environment, Inc.","First Environment, Inc.","164752","View","",
"ACR1099","N/A","True Manufacturing Co., Inc.","HFC Drawdown in Foam Systems: 002E","Industrial Process Emissions","Transition to Advanced Formulation Blowing Agents in Foam Manufacturing and Use","01/01/2024","01/01/2024","12/31/2043","Completed","Not ARB or Ecology Eligible","05/12/2026","Missouri","MISSOURI","US","09: Industry, Innovation and Infrastructure;12: Responsible Consumption and Production;13: Climate Action","First Environment, Inc.","First Environment, Inc.","168770","View","",
"ACR365","N/A","318","HFC Emissions Reduction in Spray Foam by Replacement of HFC-245fa Blowing Agent with Solstice LBA (HFO-1233zd(E)) 2014 and 2015","Industrial Process Emissions","Transition to Advanced Formulation Blowing Agents in Foam Manufacturing and Use","08/01/2014","08/01/2014","04/30/2025","Completed","Not ARB or Ecology Eligible","07/28/2022","Houston, TX and Brantford, Ontario","TEXAS","US","03: Good Health and Well-Being;06: Clean Water and Sanitation;09: Industry, Innovation and Infrastructure;12: Responsible Consumption and Production;13: Climate Action","First Environment, Inc.","First Environment, Inc.","5967","View","",
"ACR366","N/A","318","HFC Emissions Reduction in Spray Foam by Replacement of HFC-245fa Blowing Agent with Solstice LBA (HFO-1233zd(E)) 2015","Industrial Process Emissions","Transition to Advanced Formulation Blowing Agents in Foam Manufacturing and Use","01/01/2015","01/01/2015","12/31/2025","Completed","Not ARB or Ecology Eligible","07/28/2022","Houston","TEXAS","US","03: Good Health and Well-Being;06: Clean Water and Sanitation;09: Industry, Innovation and Infrastructure;12: Responsible Consumption and Production;13: Climate Action","First Environment, Inc.","First Environment, Inc.","28770","View","",
"ACR491","N/A","318","HFC Emissions Reduction in Spray Foam by Replacement of HFC-245fa Blowing Agent with Solstice LBA® (HFO-1233zd(E)) 2016","Industrial Process Emissions","Transition to Advanced Formulation Blowing Agents in Foam Manufacturing and Use","01/01/2016","01/01/2016","12/31/2025","Completed","Not ARB or Ecology Eligible","07/28/2022","Brantford","ONTARIO","CA","03: Good Health and Well-Being;06: Clean Water and Sanitation;09: Industry, Innovation and Infrastructure;12: Responsible Consumption and Production;13: Climate Action","First Environment, Inc.","","25094","View","",
"ACR514","N/A","318","HFC Emissions Reduction in Spray Foam by Replacement of HFC-245fa Blowing Agent with Solstice LBA® (HFO-1233zd(E)) 2016b","Industrial Process Emissions","Transition to Advanced Formulation Blowing Agents in Foam Manufacturing and Use","01/01/2016","01/01/2016","12/31/2025","Completed","Not ARB or Ecology Eligible","07/28/2022","Houston","TEXAS","US","03: Good Health and Well-Being;06: Clean Water and Sanitation;09: Industry, Innovation and Infrastructure;12: Responsible Consumption and Production;13: Climate Action","First Environment, Inc.","First Environment, Inc.","55566","View","",
"ACR501","N/A","318","HFC Emissions Reduction in Spray Foam by Replacement of HFC-245fa Blowing Agent with Solstice LBA® (HFO-1233zd(E)) 2017","Industrial Process Emissions","Transition to Advanced Formulation Blowing Agents in Foam Manufacturing and Use","01/01/2017","01/01/2017","12/31/2026","Completed","Not ARB or Ecology Eligible","07/28/2022","Brantford","ONTARIO","CA","03: Good Health and Well-Being;06: Clean Water and Sanitation;09: Industry, Innovation and Infrastructure;12: Responsible Consumption and Production;13: Climate Action","First Environment, Inc.","First Environment, Inc.","22304","View","",
"ACR515","N/A","318","HFC Emissions Reduction in Spray Foam by Replacement of HFC-245fa Blowing Agent with Solstice LBA® (HFO-1233zd(E)) 2017b","Industrial Process Emissions","Transition to Advanced Formulation Blowing Agents in Foam Manufacturing and Use","01/01/2017","01/01/2017","12/31/2026","Completed","Not ARB or Ecology Eligible","07/28/2022","Houston","TEXAS; NORTH CAROLINA; UTAH","US","03: Good Health and Well-Being;06: Clean Water and Sanitation;09: Industry, Innovation and Infrastructure;12: Responsible Consumption and Production;13: Climate Action","First Environment, Inc.","First Environment, Inc.","121764","View","",
"ACR502","N/A","318","HFC Emissions Reduction in Spray Foam by Replacement of HFC-245fa Blowing Agent with Solstice LBA® (HFO-1233zd(E)) 2018","Industrial Process Emissions","Transition to Advanced Formulation Blowing Agents in Foam Manufacturing and Use","01/01/2018","01/01/2018","12/31/2027","Completed","Not ARB or Ecology Eligible","07/28/2022","Brantford","ONTARIO","CA","03: Good Health and Well-Being;06: Clean Water and Sanitation;09: Industry, Innovation and Infrastructure;12: Responsible Consumption and Production;13: Climate Action","First Environment, Inc.","","26208","View","",
"ACR516","N/A","318","HFC Emissions Reduction in Spray Foam by Replacement of HFC-245fa Blowing Agent with Solstice LBA® (HFO-1233zd(E)) 2018b","Industrial Process Emissions","Transition to Advanced Formulation Blowing Agents in Foam Manufacturing and Use","01/01/2018","01/01/2018","12/31/2027","Completed","Not ARB or Ecology Eligible","07/28/2022","Houston","TEXAS; UTAH; NORTH CAROLINA","US","03: Good Health and Well-Being;06: Clean Water and Sanitation;09: Industry, Innovation and Infrastructure;12: Responsible Consumption and Production;13: Climate Action","First Environment, Inc.","First Environment, Inc.","130336","View","",
"ACR394","N/A","The Nature Conservancy","Hiawatha Club Carbon Project","Forest Carbon","Improved Forest Management (IFM) on Non-Federal U.S. Forestlands","01/01/2016","01/01/2016","12/31/2035","Registered","Not ARB or Ecology Eligible","12/05/2017","East Stroudsburg","PENNSYLVANIA","US","03: Good Health and Well-Being;06: Clean Water and Sanitation;13: Climate Action;15: Life on Land","Aster Global Environmental Solutions","SCS Global Services (Scientific Certification Systems)","51395","View","",
"ACR313","CALS5263","Camco Offsets I, LLC","High Island Dairy","Livestock Waste Management","ARB Compliance Offset Protocol: Capturing and Destroying Methane from Manure Management Systems","05/01/2014","12/01/2024","11/30/2034","N/A","Listed - Active Registry Renewal","12/17/2015","Le Sueur","MINNESOTA","US","02: Zero Hunger;09: Industry, Innovation and Infrastructure;13: Climate Action","Agri-Waste Technology, Inc.","N/A","167115","View","",
"ACR883","CAMM5883","Environmental Commodities Corporation","HMMC1","Coal Mine Methane","ARB Compliance Offset Protocol: Mine Methane Capture Projects","04/20/2023","04/20/2023","04/19/2033","N/A","Listed - Active ARB Project","06/06/2023","Heilwood, PA","PENNSYLVANIA","US","09: Industry, Innovation and Infrastructure;13: Climate Action","SCS Global Services (Scientific Certification Systems)","N/A","140890","View","",
"ACR709","N/A","The Conservation Fund, A Non-Profit Corporation","Hodag Forest Project (HFP)","Forest Carbon","Improved Forest Management (IFM) on Non-Federal U.S. Forestlands","12/14/2021","12/14/2021","12/13/2041","Registered","Not ARB or Ecology Eligible","09/29/2025","Oneida County","WISCONSIN","US","03: Good Health and Well-Being;06: Clean Water and Sanitation;13: Climate Action;15: Life on Land","Aster Global Environmental Solutions","Aster Global Environmental Solutions","189680","View","",
"ACR259","CALS5289","3Degrees Group, Inc.","Homestead Green Energy","Livestock Waste Management","ARB Compliance Offset Protocol: Capturing and Destroying Methane from Manure Management Systems","08/12/2014","08/01/2025","07/31/2035","N/A","Listed - Active ARB Project","08/09/2016","Plymouth, Indiana","INDIANA","US","02: Zero Hunger;09: Industry, Innovation and Infrastructure;13: Climate Action","Agri-Waste Technology, Inc.","N/A","96351","View","",
"ACR958","N/A","The Climate Trust","Hood River County Tree Farm","Forest Carbon","Improved Forest Management (IFM) on Non-Federal U.S. Forestlands","10/26/2023","10/26/2023","10/25/2043","Listed","Not ARB or Ecology Eligible","01/23/2024","Hood River County","OREGON","US","03: Good Health and Well-Being;06: Clean Water and Sanitation;13: Climate Action;15: Life on Land","SCS Global Services (Scientific Certification Systems)","","","View","",
"ACR963","CAFR5963","Humboldt Redwood Company, LLC","HRC Oak Meadows IFM","Forest Carbon","ARB Compliance Offset Protocol: U.S. Forest Projects","02/14/2024","02/14/2024","08/13/2048","N/A","Listed - Active Registry Project","07/12/2024","Humboldt County","CALIFORNIA","US","06: Clean Water and Sanitation;13: Climate Action;15: Life on Land","SCS Global Services (Scientific Certification Systems)","N/A","677161","View","",
"ACR818","N/A","Hudson Technologies Company","HT HFC Reclamation Project Champaign 2021","Industrial Process Emissions","Certified Reclaimed HFC Refrigerants, Propellants, and Fire Suppressants","02/05/2021","02/05/2021","02/04/2036","Completed","Not ARB or Ecology Eligible","03/19/2023","Champaign","ILLINOIS","US","03: Good Health and Well-Being;09: Industry, Innovation and Infrastructure;12: Responsible Consumption and Production;13: Climate Action","First Environment, Inc.","First Environment, Inc.","1259253","View","www.hudsontech.com",
"ACR847","N/A","Hudson Technologies Company","HT HFC Reclamation Project Champaign 2022","Industrial Process Emissions","Certified Reclaimed HFC Refrigerants, Propellants, and Fire Suppressants","02/07/2022","02/07/2022","02/06/2037","Completed","Not ARB or Ecology Eligible","09/28/2023","Champaign","ILLINOIS","US","03: Good Health and Well-Being;09: Industry, Innovation and Infrastructure;12: Responsible Consumption and Production;13: Climate Action","First Environment, Inc.","First Environment, Inc.","1038402","View","www.hudsontech.com",
"ACR945","N/A","Hudson Technologies Company","HT HFC Reclamation Project Champaign 2022-2","Industrial Process Emissions","Certified Reclaimed HFC Refrigerants, Propellants, and Fire Suppressants","05/26/2022","05/26/2022","05/25/2037","Completed","Not ARB or Ecology Eligible","04/10/2024","Champaign","ILLINOIS","US","03: Good Health and Well-Being;09: Industry, Innovation and Infrastructure;12: Responsible Consumption and Production;13: Climate Action","First Environment, Inc.","First Environment, Inc.","205798","View","www.hudsontech.com",
"ACR992","N/A","Hudson Technologies Company","HT HFC Reclamation Project Champaign 2023","Industrial Process Emissions","Certified Reclaimed HFC Refrigerants, Propellants, and Fire Suppressants","01/03/2023","01/03/2023","01/02/2038","Completed","Not ARB or Ecology Eligible","07/03/2024","Champaign","ILLINOIS","US","03: Good Health and Well-Being;09: Industry, Innovation and Infrastructure;12: Responsible Consumption and Production;13: Climate Action","First Environment, Inc.","First Environment, Inc.","1198824","View","www.hudsontech.com",
"ACR1152","N/A","Hudson Technologies Company","HT HFC Reclamation Project Champaign 2024","Industrial Process Emissions","Certified Reclaimed HFC Refrigerants, Propellants, and Fire Suppressants","01/09/2024","01/09/2024","01/08/2039","Completed","Not ARB or Ecology Eligible","10/05/2025","Champaign","ILLINOIS","US","09: Industry, Innovation and Infrastructure;12: Responsible Consumption and Production;13: Climate Action","SCS Global Services (Scientific Certification Systems)","SCS Global Services (Scientific Certification Systems)","881920","View","www.hudsontech.com",
"ACR1199","N/A","Hudson Technologies Company","HT HFC Reclamation Project Champaign 2025-1","Industrial Process Emissions","Certified Reclaimed HFC Refrigerants, Propellants, and Fire Suppressants","01/09/2025","01/09/2025","01/08/2040","Completed","Not ARB or Ecology Eligible","05/20/2026","Champaign","ILLINOIS","US","09: Industry, Innovation and Infrastructure;12: Responsible Consumption and Production;13: Climate Action","SCS Global Services (Scientific Certification Systems)","SCS Global Services (Scientific Certification Systems)","541151","View","www.hudsontech.com",
"ACR819","N/A","Hudson Technologies Company","HT HFC Reclamation Project Georgia 2021","Industrial Process Emissions","Certified Reclaimed HFC Refrigerants, Propellants, and Fire Suppressants","02/05/2021","02/05/2021","02/04/2036","Completed","Not ARB or Ecology Eligible","08/28/2023","Atlanta","GEORGIA","US","03: Good Health and Well-Being;09: Industry, Innovation and Infrastructure;12: Responsible Consumption and Production;13: Climate Action","First Environment, Inc.","First Environment, Inc.","292094","View","www.hudsontech.com",
"ACR805","N/A","Hudson Technologies Company","HT HFC Reclamation Project Ontario 2021","Industrial Process Emissions","Certified Reclaimed HFC Refrigerants, Propellants, and Fire Suppressants","02/05/2021","02/05/2021","02/04/2036","Completed","Not ARB or Ecology Eligible","03/19/2023","Ontario","CALIFORNIA","US","03: Good Health and Well-Being;09: Industry, Innovation and Infrastructure;12: Responsible Consumption and Production;13: Climate Action","First Environment, Inc.","First Environment, Inc.","178538","View","www.hudsontech.com",
"ACR846","N/A","Hudson Technologies Company","HT HFC Reclamation Project Ontario 2022","Industrial Process Emissions","Certified Reclaimed HFC Refrigerants, Propellants, and Fire Suppressants","03/07/2022","03/07/2022","03/06/2037","Completed","Not ARB or Ecology Eligible","09/14/2023","Ontario","CALIFORNIA","US","03: Good Health and Well-Being;09: Industry, Innovation and Infrastructure;12: Responsible Consumption and Production;13: Climate Action","First Environment, Inc.","First Environment, Inc.","151019","View","www.hudsontech.com",
"ACR993","N/A","Hudson Technologies Company","HT HFC Reclamation Project Ontario 2023","Industrial Process Emissions","Certified Reclaimed HFC Refrigerants, Propellants, and Fire Suppressants","01/12/2023","01/12/2023","01/11/2038","Completed","Not ARB or Ecology Eligible","07/05/2024","Ontario","CALIFORNIA","US","03: Good Health and Well-Being;09: Industry, Innovation and Infrastructure;12: Responsible Consumption and Production;13: Climate Action","First Environment, Inc.","First Environment, Inc.","144031","View","www.hudsontech.com",
"ACR1134","N/A","Hudson Technologies Company","HT HFC Reclamation Project Ontario 2024","Industrial Process Emissions","Certified Reclaimed HFC Refrigerants, Propellants, and Fire Suppressants","01/08/2024","01/08/2024","01/07/2039","Listed","Not ARB or Ecology Eligible","04/10/2025","Ontario","CALIFORNIA","US","09: Industry, Innovation and Infrastructure;12: Responsible Consumption and Production;13: Climate Action","SCS Global Services (Scientific Certification Systems)","","","View","www.hudsontech.com",
"ACR544","CAMM5544","Hubbard Creek Coal Gas LLC","Hubbard Creek Coal Gas Incineration Project","Coal Mine Methane","ARB Compliance Offset Protocol: Mine Methane Capture Projects","08/12/2019","08/12/2019","01/31/2030","N/A","Listed - Active ARB Project","03/20/2020","Somerset","COLORADO","US","09: Industry, Innovation and Infrastructure;13: Climate Action","SCS Global Services (Scientific Certification Systems)","N/A","262192","View","",
"ACR386","N/A","Anew Carbon Development, LLC","Hudson Farm Forestry Project","Forest Carbon","Improved Forest Management (IFM) on Non-Federal U.S. Forestlands","06/30/2017","06/30/2017","06/29/2037","Registered","Not ARB or Ecology Eligible","07/31/2018","Andover, New Jersey","NEW JERSEY","US","03: Good Health and Well-Being;06: Clean Water and Sanitation;13: Climate Action;15: Life on Land","SCS Global Services (Scientific Certification Systems)","SCS Global Services (Scientific Certification Systems)","229664","View","",
"ACR432","CAOD5432","Hudson Technologies Company","Hudson Tech 2018-1","Ozone Depleting Substances","ARB Compliance Offset Protocol: Destruction of U.S. Ozone Depleting Substances Banks","11/08/2018","11/08/2018","11/07/2028","N/A","ARB Completed","01/05/2024","Bowling Green","OHIO","US","09: Industry, Innovation and Infrastructure;12: Responsible Consumption and Production;13: Climate Action","TÜV SÜD America, Inc.","N/A","21967","View","",
"ACR445","CAOD5445","Hudson Technologies Company","Hudson Tech 2019-1","Ozone Depleting Substances","ARB Compliance Offset Protocol: Destruction of U.S. Ozone Depleting Substances Banks","02/13/2019","02/13/2019","02/12/2029","N/A","ARB Completed","01/05/2024","East Liverpool","OHIO","US","09: Industry, Innovation and Infrastructure;12: Responsible Consumption and Production;13: Climate Action","TÜV SÜD America, Inc.","N/A","54157","View","",
"ACR469","CAOD5469","Hudson Technologies Company","Hudson Tech 2019-2","Ozone Depleting Substances","ARB Compliance Offset Protocol: Destruction of U.S. Ozone Depleting Substances Banks","03/07/2019","03/07/2019","03/06/2029","N/A","ARB Completed","01/05/2024","Bowling Green","OHIO","US","09: Industry, Innovation and Infrastructure;12: Responsible Consumption and Production;13: Climate Action","TÜV SÜD America, Inc.","N/A","44551","View","",
"ACR510","CAOD5510","Hudson Technologies Company","Hudson Tech 2019-6","Ozone Depleting Substances","ARB Compliance Offset Protocol: Destruction of U.S. Ozone Depleting Substances Banks","09/11/2019","09/11/2019","09/10/2029","N/A","ARB Completed","01/05/2024","East Liverpool","OHIO","US","09: Industry, Innovation and Infrastructure;12: Responsible Consumption and Production;13: Climate Action","SES, Inc.","N/A","70400","View","",
"ACR523","CAOD5523","Hudson Technologies Company","Hudson Tech 2019-7","Ozone Depleting Substances","ARB Compliance Offset Protocol: Destruction of U.S. Ozone Depleting Substances Banks","11/21/2019","11/21/2019","11/20/2029","N/A","ARB Completed","01/05/2024","Bowling Green","OHIO","US","09: Industry, Innovation and Infrastructure;12: Responsible Consumption and Production;13: Climate Action","SES, Inc.","N/A","118763","View","",
"ACR535","CAOD5535","Hudson Technologies Company","Hudson Tech 2020-1","Ozone Depleting Substances","ARB Compliance Offset Protocol: Destruction of U.S. Ozone Depleting Substances Banks","01/14/2020","01/14/2020","01/13/2030","N/A","ARB Completed","01/05/2024","East Liverpool","OHIO","US","09: Industry, Innovation and Infrastructure;12: Responsible Consumption and Production;13: Climate Action","GHD Limited","N/A","89632","View","",
"ACR538","CAOD5538","Hudson Technologies Company","Hudson Tech 2020-2","Ozone Depleting Substances","ARB Compliance Offset Protocol: Destruction of U.S. Ozone Depleting Substances Banks","03/13/2020","03/13/2020","03/12/2030","N/A","ARB Completed","01/05/2024","East Liverpool","OHIO","US","09: Industry, Innovation and Infrastructure;12: Responsible Consumption and Production;13: Climate Action","GHD Limited","N/A","58481","View","",
"ACR550","CAOD5550","Hudson Technologies Company","Hudson Tech 2020-3","Ozone Depleting Substances","ARB Compliance Offset Protocol: Destruction of U.S. Ozone Depleting Substances Banks","06/12/2020","06/12/2020","06/11/2030","N/A","ARB Completed","01/05/2024","Bowling Green","OHIO","US","09: Industry, Innovation and Infrastructure;12: Responsible Consumption and Production;13: Climate Action","SES, Inc.","N/A","59364","View","www.hudsontech.com",
"ACR582","CAOD5582","Hudson Technologies Company","Hudson Tech 2020-4","Ozone Depleting Substances","ARB Compliance Offset Protocol: Destruction of U.S. Ozone Depleting Substances Banks","09/18/2020","09/18/2020","09/17/2030","N/A","ARB Completed","01/05/2024","Bowling Green","OHIO","US","09: Industry, Innovation and Infrastructure;12: Responsible Consumption and Production;13: Climate Action","SES, Inc.","N/A","56334","View","www.hudsontech.com",
"ACR619","CAOD5619","Hudson Technologies Company","Hudson Tech 2021-1","Ozone Depleting Substances","ARB Compliance Offset Protocol: Destruction of U.S. Ozone Depleting Substances Banks","01/12/2021","01/12/2021","01/11/2031","N/A","ARB Completed","01/09/2025","East Liverpool","OHIO","US","09: Industry, Innovation and Infrastructure;12: Responsible Consumption and Production;13: Climate Action","TÜV SÜD America, Inc.","N/A","163910","View","www.hudsontech.com",
"ACR649","CAOD649","Hudson Technologies Company","Hudson Tech 2021-2","Ozone Depleting Substances","ARB Compliance Offset Protocol: Destruction of U.S. Ozone Depleting Substances Banks","06/14/2021","06/14/2021","06/13/2031","N/A","ARB Completed","02/10/2025","Bowling Green","OHIO","US","09: Industry, Innovation and Infrastructure;12: Responsible Consumption and Production;13: Climate Action","TÜV SÜD America, Inc.","N/A","85100","View","www.hudsontech.com",
"ACR692","CAOD5692","Hudson Technologies Company","Hudson Tech 2021-3","Ozone Depleting Substances","ARB Compliance Offset Protocol: Destruction of U.S. Ozone Depleting Substances Banks","10/14/2021","10/14/2021","10/13/2031","N/A","ARB Completed","12/15/2025","Bowling Green","OHIO","US","09: Industry, Innovation and Infrastructure;12: Responsible Consumption and Production;13: Climate Action","TÜV SÜD America, Inc.","N/A","58191","View","www.hudsontech.com",
"ACR755","CAOD5755","Hudson Technologies Company","Hudson Tech 2022-1","Ozone Depleting Substances","ARB Compliance Offset Protocol: Destruction of U.S. Ozone Depleting Substances Banks","04/22/2022","04/22/2022","04/21/2032","N/A","ARB Completed","12/15/2025","Pearl River","NEW YORK","US","09: Industry, Innovation and Infrastructure;12: Responsible Consumption and Production;13: Climate Action","SES, Inc.","N/A","76661","View","www.hudsontech.com",
"ACR810","CAOD5810","Hudson Technologies Company","Hudson Tech 2022-2","Ozone Depleting Substances","ARB Compliance Offset Protocol: Destruction of U.S. Ozone Depleting Substances Banks","09/19/2022","09/19/2022","09/18/2032","N/A","Listed - Active ARB Project","09/01/2022","Bowling Green","OHIO","US","09: Industry, Innovation and Infrastructure;12: Responsible Consumption and Production;13: Climate Action","SES, Inc.","N/A","52817","View","www.hudsontech.com",
"ACR877","CAOD5877","Hudson Technologies Company","Hudson Tech 2023-1","Ozone Depleting Substances","ARB Compliance Offset Protocol: Destruction of U.S. Ozone Depleting Substances Banks","03/09/2023","03/09/2023","03/08/2033","N/A","Listed - Active ARB Project","04/19/2023","Bowling Green","OHIO","US","09: Industry, Innovation and Infrastructure;12: Responsible Consumption and Production;13: Climate Action","SES, Inc.","N/A","71350","View","www.hudsontech.com",
"ACR921","CAOD5921","Hudson Technologies Company","Hudson Tech 2023-2","Ozone Depleting Substances","ARB Compliance Offset Protocol: Destruction of U.S. Ozone Depleting Substances Banks","07/17/2023","07/17/2023","07/16/2033","N/A","Listed - Active ARB Project","12/14/2023","Bowling Green","OHIO","US","09: Industry, Innovation and Infrastructure;12: Responsible Consumption and Production;13: Climate Action","SES, Inc.","N/A","41444","View","www.hudsontech.com",
"ACR947","CAOD5947","Hudson Technologies Company","Hudson Tech 2023-3","Ozone Depleting Substances","ARB Compliance Offset Protocol: Destruction of U.S. Ozone Depleting Substances Banks","10/12/2023","10/12/2023","10/11/2033","N/A","Listed - Active ARB Project","11/15/2023","Bowling Green","OHIO","US","09: Industry, Innovation and Infrastructure;12: Responsible Consumption and Production;13: Climate Action","SES, Inc.","N/A","29969","View","www.hudsontech.com",
"ACR1020","CAOD1020","Hudson Technologies Company","Hudson Tech 2024-1","Ozone Depleting Substances","ARB Compliance Offset Protocol: Destruction of U.S. Ozone Depleting Substances Banks","03/11/2024","03/11/2024","03/10/2034","N/A","Listed - Active ARB Project","03/28/2024","Bowling Green","OHIO","US","09: Industry, Innovation and Infrastructure;12: Responsible Consumption and Production;13: Climate Action","SES, Inc.","N/A","83176","View","www.hudsontech.com",
"ACR1076","CAOD1076","Hudson Technologies Company","Hudson Tech 2024-2","Ozone Depleting Substances","ARB Compliance Offset Protocol: Destruction of U.S. Ozone Depleting Substances Banks","07/09/2024","07/09/2024","07/08/2034","N/A","Listed - Active ARB Project","08/01/2024","Bowling Green","OHIO","US","09: Industry, Innovation and Infrastructure;12: Responsible Consumption and Production;13: Climate Action","First Environment of California, Inc.","N/A","120685","View","www.hudsontech.com",
"ACR1109","CAOD1109","Hudson Technologies Company","Hudson Tech 2024-3","Ozone Depleting Substances","ARB Compliance Offset Protocol: Destruction of U.S. Ozone Depleting Substances Banks","11/06/2024","11/06/2024","11/05/2034","N/A","Listed - Active ARB Project","11/26/2024","Bowling Green","OHIO","US","09: Industry, Innovation and Infrastructure;12: Responsible Consumption and Production;13: Climate Action","First Environment of California, Inc.","N/A","45693","View","https://www.hudsontech.com/",
"ACR1163","CAOD1163","Hudson Technologies Company","Hudson Tech 2025-1","Ozone Depleting Substances","ARB Compliance Offset Protocol: Destruction of U.S. Ozone Depleting Substances Banks","03/06/2025","03/06/2025","03/05/2035","N/A","Listed - Active ARB Project","04/02/2025","Bowling Green","OHIO","US","09: Industry, Innovation and Infrastructure;12: Responsible Consumption and Production;13: Climate Action","First Environment of California, Inc.","N/A","61040","View","www.hudsontech.com",
"ACR1176","ECYOD1176","Hudson Technologies Company","Hudson Tech 2025-2 Washington","Ozone Depleting Substances","ECY Compliance Offset Protocol: Ozone Depleting Substances Projects","06/15/2025","06/15/2025","06/14/2035","N/A","Listed - Active Registry Project","11/27/2025","Bowling Green","OHIO","US","09: Industry, Innovation and Infrastructure;12: Responsible Consumption and Production;13: Climate Action","SES, Inc.","","53739","View","www.hudsontech.com",
"ACR1221","ECYOD1221","Hudson Technologies Company","Hudson Tech 2025-3 Washington","Ozone Depleting Substances","ECY Compliance Offset Protocol: Ozone Depleting Substances Projects","09/11/2025","09/11/2025","09/10/2035","N/A","Listed - Active Ecology Project","10/27/2025","Bowling Green","OHIO","US","09: Industry, Innovation and Infrastructure;12: Responsible Consumption and Production;13: Climate Action","SES, Inc.","","81276","View","www.hudsontech.com",
"ACR1240","ECYOD1240","Hudson Technologies Company","Hudson Tech 2026-1 Washington","Ozone Depleting Substances","ECY Compliance Offset Protocol: Ozone Depleting Substances Projects","02/12/2026","02/12/2026","02/11/2036","N/A","Listed - Proposed Project","03/19/2026","Bowling Green","OHIO","US","09: Industry, Innovation and Infrastructure;12: Responsible Consumption and Production;13: Climate Action","SES, Inc.","","","View","www.hudsontech.com",
"ACR557","N/A","Hudson Technologies Company","Hudson Tech HFC Reclamation Project 2020-1","Industrial Process Emissions","Certified Reclaimed HFC Refrigerants, Propellants, and Fire Suppressants","01/02/2019","01/02/2019","01/01/2034","Completed","Not ARB or Ecology Eligible","10/11/2022","Champaign","ILLINOIS","US","03: Good Health and Well-Being;09: Industry, Innovation and Infrastructure;12: Responsible Consumption and Production;13: Climate Action","SCS Global Services (Scientific Certification Systems)","SCS Global Services (Scientific Certification Systems)","269803","View","www.hudsontech.com",
"ACR648","N/A","Hudson Technologies Company","Hudson Technologies HFC Reclamation Project 2020 - Georgia","Industrial Process Emissions","Certified Reclaimed HFC Refrigerants, Propellants, and Fire Suppressants","02/12/2020","02/12/2020","02/11/2035","Completed","Not ARB or Ecology Eligible","10/25/2022","Atlanta, GA","GEORGIA","US","03: Good Health and Well-Being;09: Industry, Innovation and Infrastructure;12: Responsible Consumption and Production;13: Climate Action","TÜV SÜD America, Inc.","TÜV SÜD America, Inc.","688636","View","www.hudsontech.com",
"ACR629","N/A","Hudson Technologies Company","Hudson Technologies HFC Reclamation Project Champaign 2020","Industrial Process Emissions","Certified Reclaimed HFC Refrigerants, Propellants, and Fire Suppressants","02/12/2020","02/12/2020","02/11/2035","Completed","Not ARB or Ecology Eligible","10/25/2022","Champaign, IL","ILLINOIS","US","03: Good Health and Well-Being;09: Industry, Innovation and Infrastructure;12: Responsible Consumption and Production;13: Climate Action","TÜV SÜD America, Inc.","TÜV SÜD America, Inc.","903568","View","www.hudsontech.com",
"ACR631","N/A","Hudson Technologies Company","Hudson Technologies HFC Reclamation Project Ontario 2020","Industrial Process Emissions","Certified Reclaimed HFC Refrigerants, Propellants, and Fire Suppressants","01/20/2020","01/20/2020","01/19/2035","Completed","Not ARB or Ecology Eligible","10/25/2022","Ontario","CALIFORNIA","US","03: Good Health and Well-Being;09: Industry, Innovation and Infrastructure;12: Responsible Consumption and Production;13: Climate Action","TÜV SÜD America, Inc.","TÜV SÜD America, Inc.","156893","View","www.hudsontech.com",
"ACR210","CAFR5093","Huron Mountain Club","Huron Mountain Club Forest Carbon Project","Forest Carbon","ARB Compliance Offset Protocol: U.S. Forest Projects","04/21/2016","04/21/2016","04/20/2041","N/A","Listed - Active ARB Project","09/04/2014","Marquette County, Michigan","MICHIGAN","US","06: Clean Water and Sanitation;13: Climate Action;15: Life on Land","TÜV SÜD America, Inc.","N/A","1507676","View","",
"ACR782","N/A","737","ILTF/NICC & Blackfeet Indian Nation Forest Carbon Project","Forest Carbon","Improved Forest Management (IFM) on Non-Federal U.S. Forestlands","11/16/2020","11/16/2020","11/15/2040","Registered","Not ARB or Ecology Eligible","07/18/2024","Browning","MONTANA","US","03: Good Health and Well-Being;06: Clean Water and Sanitation;13: Climate Action;15: Life on Land","TÜV SÜD America, Inc.","TÜV SÜD America, Inc.","665798","View","",
"ACR637","N/A","737","ILTF/NICC & SIG  Keweenaw Bay Indian Community Forest Carbon Project","Forest Carbon","Improved Forest Management (IFM) on Non-Federal U.S. Forestlands","02/13/2019","02/13/2019","02/12/2039","Registered","Not ARB or Ecology Eligible","04/25/2023","Baraga, MI","MICHIGAN","US","03: Good Health and Well-Being;06: Clean Water and Sanitation;13: Climate Action;15: Life on Land","Aster Global Environmental Solutions","TÜV SÜD America, Inc.","806567","View","",
"ACR634","N/A","737","ILTF/NICC & SIG Fond Du Lac Band Forest Carbon Project","Forest Carbon","Improved Forest Management (IFM) on Non-Federal U.S. Forestlands","01/09/2019","01/09/2019","01/08/2039","Registered","Not ARB or Ecology Eligible","06/10/2022","Cloquet","MINNESOTA","US","03: Good Health and Well-Being;06: Clean Water and Sanitation;13: Climate Action;15: Life on Land","Aster Global Environmental Solutions","TÜV SÜD America, Inc.","411500","View","",
"ACR207","N/A","Truckers Carbon Exchange, Inc.","Improvements in Vehicle Efficiency for Crete Carrier Corp","Transport / Fleet Efficiency","AMS-III.BC.: Emissions Reductions through Improved Efficiency of Vehicle Fleet","01/01/2008","01/01/2008","12/31/2014","Completed","Not ARB or Ecology Eligible","07/26/2022","US (48 States)","NEBRASKA","US","09: Industry, Innovation and Infrastructure;11: Sustainable Cities and Communities;13: Climate Action","SCS Global Services (Scientific Certification Systems)","SCS Global Services (Scientific Certification Systems)","267128","View","",
"ACR204","N/A","Truckers Carbon Exchange, Inc.","Improvements in Vehicle Efficiency for Marten Transport","Transport / Fleet Efficiency","AMS-III.BC.: Emissions Reductions through Improved Efficiency of Vehicle Fleet","01/01/2008","01/01/2008","12/31/2014","Completed","Not ARB or Ecology Eligible","07/26/2022","US (48 States)","WISCONSIN","US","09: Industry, Innovation and Infrastructure;11: Sustainable Cities and Communities;13: Climate Action","SCS Global Services (Scientific Certification Systems)","SCS Global Services (Scientific Certification Systems)","207509","View","",
"ACR103","N/A","Inland Empire Utilities Agency","Inland Empire Anaerobic Ag Digester","Livestock Waste Management","Anaerobic Digestion","01/01/2003","01/01/2003","12/31/2009","Completed","Not ARB or Ecology Eligible","05/01/2012","Chino","CALIFORNIA","US","","TÜV SÜD America, Inc.","","44202","View","",
"ACR1077","N/A","Galco SA","International Destruction - 2025001","Ozone Depleting Substances","Destruction of Ozone Depleting Substances (ODS) from International Sources","06/01/2025","06/01/2025","05/31/2035","Listed","Not ARB or Ecology Eligible","08/15/2024","St Vulbas, France","Saint-Vulbas","FR","03: Good Health and Well-Being;06: Clean Water and Sanitation;12: Responsible Consumption and Production;13: Climate Action;14: Life Below Water;15: Life on Land","","","","View","",
"ACR162","N/A","Anew Carbon Development, LLC","International Paper","Energy Efficiency","Monitoring, Reporting and Verification Protocol for Cogeneration","01/01/2003","01/01/2003","12/31/2005","Completed","Not ARB or Ecology Eligible","05/01/2012","Bucksport, ME","MAINE","US","","URS","","439035","View","",
"ACR349","CALS5349","3Degrees Group, Inc.","Kettle Butte Digester","Livestock Waste Management","ARB Compliance Offset Protocol: Capturing and Destroying Methane from Manure Management Systems","01/07/2016","10/01/2025","09/30/2035","N/A","Listed - Active ARB Project","07/15/2016","Roberts","IDAHO","US","02: Zero Hunger;09: Industry, Innovation and Infrastructure;13: Climate Action","Agri-Waste Technology, Inc.","N/A","103049","View","",
"ACR721","N/A","Weyerhaeuser NR Company","Kibby Skinner IFM Project","Forest Carbon","Improved Forest Management (IFM) on Non-Federal U.S. Forestlands","01/01/2022","01/01/2022","12/31/2041","Registered","Not ARB or Ecology Eligible","09/19/2023","Kibby and Skinner Townships of Franklin County","MAINE","US","03: Good Health and Well-Being;06: Clean Water and Sanitation;09: Industry, Innovation and Infrastructure;13: Climate Action;15: Life on Land","Aster Global Environmental Solutions","Aster Global Environmental Solutions","166375","View","",
"ACR931","CAMM5931","Keyrock Environment LLC","Kielty Abandoned Mine Methane Recovery Project","Coal Mine Methane","ARB Compliance Offset Protocol: Mine Methane Capture Projects","02/08/2023","02/08/2023","08/31/2033","N/A","Transferred ARB or Ecology Project","03/03/2025","192 Lick Rd, Delbarton, WV","WEST VIRGINIA","US","09: Industry, Innovation and Infrastructure;13: Climate Action","Agri-Waste Technology, Inc.","N/A","118530","View","",
"ACR509","N/A","Manulife Investment Management Timberland and Agriculture Inc","Kite Hammock IFM","Forest Carbon","Improved Forest Management (IFM) on Non-Federal U.S. Forestlands","09/09/2017","09/09/2017","09/08/2037","Registered","Not ARB or Ecology Eligible","01/13/2022","Levy County","FLORIDA","US","03: Good Health and Well-Being;06: Clean Water and Sanitation;13: Climate Action;15: Life on Land","S&A Carbon, LLC","S&A Carbon, LLC","275163","View","www.sfiprogram.org",
"ACR1220","N/A","910","LandYield Midwest Family Forest IFM Project I","Forest Carbon","Improved Forest Management (IFM) on Small Non-Industrial Private Forestlands","10/10/2025","10/10/2025","10/09/2045","Listed","Not ARB or Ecology Eligible","11/18/2025","Midwest USA","MINNESOTA; MISSOURI; MICHIGAN; ILLINOIS; WISCONSIN","US","03: Good Health and Well-Being;06: Clean Water and Sanitation;13: Climate Action;15: Life on Land","","","","View","https://landyield.com/",
"ACR1019","N/A","910","LandYield Northeast Family Forest IFM Project 1","Forest Carbon","Improved Forest Management (IFM) on Small Non-Industrial Private Forestlands","05/01/2024","05/01/2024","03/31/2044","Listed","Not ARB or Ecology Eligible","07/23/2024","Northeastern USA","PENNSYLVANIA; CONNECTICUT; DELAWARE; MAINE; MASSACHUSETTS; MARYLAND; NEW JERSEY; NEW HAMPSHIRE; NEW YORK; OHIO; WEST VIRGINIA; VERMONT; RHODE ISLAND","US","03: Good Health and Well-Being;06: Clean Water and Sanitation;13: Climate Action;15: Life on Land","TÜV SÜD America, Inc.","","","View","https://landyield.com/",
"ACR1186","N/A","910","LandYield SE Small Scale IFM Project II","Forest Carbon","Improved Forest Management (IFM) on Small Non-Industrial Private Forestlands","07/01/2025","07/01/2025","06/30/2045","Listed","Not ARB or Ecology Eligible","09/24/2025","Georgia","GEORGIA; VIRGINIA; TEXAS; SOUTH CAROLINA; TENNESSEE; OKLAHOMA; FLORIDA; KENTUCKY; ALABAMA; ARKANSAS; NORTH CAROLINA; MISSISSIPPI; LOUISIANA","US","03: Good Health and Well-Being;06: Clean Water and Sanitation;13: Climate Action;15: Life on Land","","","","View","www.landyield.com",
"ACR831","N/A","910","LandYield Small Scale IFM Project I","Forest Carbon","Improved Forest Management (IFM) on Small Non-Industrial Private Forestlands","01/01/2023","01/01/2023","12/31/2042","Listed","Not ARB or Ecology Eligible","04/17/2023","Southeastern USA","ALABAMA; LOUISIANA; NORTH CAROLINA; MISSISSIPPI; ARKANSAS; GEORGIA; FLORIDA; KENTUCKY; OKLAHOMA; TENNESSEE; SOUTH CAROLINA; TEXAS; VIRGINIA","US","03: Good Health and Well-Being;06: Clean Water and Sanitation;13: Climate Action;15: Life on Land","TÜV SÜD America, Inc.","","","View","",
"ACR923","N/A","Loci Controls, Inc.","Loess Hills Regional Sanitary Landfill","Landfill Gas Capture & Combustion","Landfill Gas Destruction and Beneficial Use Projects","04/01/2021","04/01/2021","03/31/2031","Registered","Not ARB or Ecology Eligible","07/25/2024","Malvern","IOWA","US","03: Good Health and Well-Being;09: Industry, Innovation and Infrastructure;11: Sustainable Cities and Communities;12: Responsible Consumption and Production;13: Climate Action","Agri-Waste Technology, Inc.","Agri-Waste Technology, Inc.","265998","View","https://www.iawaste.com/",
"ACR378","CAFR5378","277","Lord Ellis Improved Forest Management Project","Forest Carbon","ARB Compliance Offset Protocol: U.S. Forest Projects","09/16/2016","09/16/2016","03/16/2041","N/A","Listed - Active ARB Project","04/11/2017","Humboldt County","CALIFORNIA","US","06: Clean Water and Sanitation;13: Climate Action;15: Life on Land","SCS Global Services (Scientific Certification Systems)","N/A","391439","View","",
"ACR483","N/A","Hillsborough County/CELMD","Lower Green Swamp Preserve","Forest Carbon","Improved Forest Management (IFM) on Non-Federal U.S. Forestlands","01/01/2018","01/01/2018","12/31/2037","Registered","Not ARB or Ecology Eligible","04/22/2019","Hillsborough County","FLORIDA","US","03: Good Health and Well-Being;06: Clean Water and Sanitation;13: Climate Action;15: Life on Land","TÜV SÜD America, Inc.","Aster Global Environmental Solutions","186006","View","",
"ACR115","N/A","Entergy Services, Inc","Lower Mississippi Valley Reforestation","Forest Carbon","AR-ACM0001 Afforestation and Reforestation of Degraded Land","04/08/2002","04/08/2002","04/07/2042","Canceled","Not ARB or Ecology Eligible","08/30/2024","National Wildlife Refuges, Managed by USFWS in the Lower Mississippi Valley","LOUISIANA; ARKANSAS","US","06: Clean Water and Sanitation;13: Climate Action;15: Life on Land","Environmental Services, Inc.","Environmental Services, Inc.","14934","View","",
"ACR771","CAMM5771","Keyrock Energy LLC","Lowry Mine Methane Incineration Project","Coal Mine Methane","ARB Compliance Offset Protocol: Mine Methane Capture Projects","11/11/2021","11/11/2021","05/31/2031","N/A","Transferred ARB or Ecology Project","02/04/2025","Homer City","PENNSYLVANIA","US","09: Industry, Innovation and Infrastructure;13: Climate Action","First Environment of California, Inc.","N/A","162245","View","",
"ACR897","N/A","Solifor Timberlands inc.","Maine St. John River Carbon Project","Forest Carbon","Improved Forest Management (IFM) on Non-Federal U.S. Forestlands","03/17/2023","03/17/2023","03/16/2043","Registered","Not ARB or Ecology Eligible","01/30/2026","Aroostook and Somerset Counties","MAINE","US","03: Good Health and Well-Being;06: Clean Water and Sanitation;13: Climate Action;15: Life on Land","S&A Carbon, LLC","S&A Carbon, LLC","675206","View","",
"ACR392","CALS5392","3Degrees Group, Inc.","Majestic Crossing Dairy Digester","Livestock Waste Management","ARB Compliance Offset Protocol: Capturing and Destroying Methane from Manure Management Systems","10/01/2017","10/01/2017","09/30/2027","N/A","ARB Inactive","08/02/2025","N5854 Meadowlark Road, Sheboygan Falls","WISCONSIN","US","02: Zero Hunger;09: Industry, Innovation and Infrastructure;13: Climate Action","","N/A","","View","",
"ACR1229","ECYFR1229","1451","Makah Forest Carbon Project","Forest Carbon","ECY Compliance Offset Protocol: U.S. Forest Projects","12/15/2025","12/15/2025","12/14/2050","N/A","Listed - Proposed Project","02/18/2026","Makah Reservation","WASHINGTON","US","06: Clean Water and Sanitation;13: Climate Action;15: Life on Land","","","","View","",
"ACR165","N/A","Malhas Menegotti Industria Textil Ltda.","Malhas Menegotti Industria Textil Fuel Switch","Fuel Switching","AMS-I.C.: Thermal energy production with or without electricity","09/01/2006","09/01/2006","08/31/2013","Completed","Not ARB or Ecology Eligible","09/13/2021","Jaraguá do Sul, Santa Catarina, Brazil","SC","BR","07: Affordable and Clean Energy;09: Industry, Innovation and Infrastructure;13: Climate Action","Det Norske Veritas (U.S.A.), Inc.","Det Norske Veritas (U.S.A.), Inc.","253991","View","",
"ACR611","CAMM5611","NextEra Energy Marketing, LLC","Marion County Flare I","Coal Mine Methane","ARB Compliance Offset Protocol: Mine Methane Capture Projects","10/18/2020","10/18/2020","12/31/2030","N/A","Listed - Active ARB Project","12/14/2020","Metz","WEST VIRGINIA","US","09: Industry, Innovation and Infrastructure;13: Climate Action","SES, Inc.","N/A","176213","View","",
"ACR778","CAMM5778","NextEra Energy Marketing, LLC","Marion County Flare II","Coal Mine Methane","ARB Compliance Offset Protocol: Mine Methane Capture Projects","02/02/2022","02/02/2022","12/31/2031","N/A","Listed - Active ARB Project","07/06/2022","Mannington, WV","WEST VIRGINIA","US","09: Industry, Innovation and Infrastructure;13: Climate Action","SES, Inc.","N/A","361757","View","",
"ACR1217","CAMM1217","NextEra Energy Marketing, LLC","Marion County Flare III Project","Coal Mine Methane","ARB Compliance Offset Protocol: Mine Methane Capture Projects","03/03/2025","03/03/2025","09/30/2035","N/A","Listed - Active Registry Project","11/18/2025","Wetzel County","WEST VIRGINIA","US","09: Industry, Innovation and Infrastructure;13: Climate Action","TÜV SÜD America, Inc.","N/A","35216","View","",
"ACR1138","CAMM1138","NextEra Energy Marketing, LLC","Marshall County 6N6S District Flare Project I","Coal Mine Methane","ARB Compliance Offset Protocol: Mine Methane Capture Projects","02/16/2024","02/16/2024","06/30/2034","N/A","Listed - Active ARB Project","04/14/2025","Marshall County","WEST VIRGINIA; PENNSYLVANIA","US","09: Industry, Innovation and Infrastructure;13: Climate Action","SES, Inc.","N/A","29038","View","",
"ACR493","CAMM5493","NextEra Energy Marketing, LLC","Marshall County Flare I","Coal Mine Methane","ARB Compliance Offset Protocol: Mine Methane Capture Projects","06/05/2019","06/05/2019","12/31/2028","N/A","Listed - Active ARB Project","06/20/2019","Cameron","WEST VIRGINIA","US","09: Industry, Innovation and Infrastructure;13: Climate Action","SES, Inc.","N/A","430308","View","",
"ACR609","CAMM5609","NextEra Energy Marketing, LLC","Marshall County Flare II","Coal Mine Methane","ARB Compliance Offset Protocol: Mine Methane Capture Projects","02/26/2020","02/26/2020","12/31/2029","N/A","Listed - Active ARB Project","12/14/2020","Cameron","WEST VIRGINIA","US","09: Industry, Innovation and Infrastructure;13: Climate Action","SES, Inc.","N/A","278708","View","",
"ACR610","CAMM5610","NextEra Energy Marketing, LLC","Marshall County Flare III","Coal Mine Methane","ARB Compliance Offset Protocol: Mine Methane Capture Projects","07/27/2020","07/27/2020","02/28/2030","N/A","Listed - Active ARB Project","12/14/2020","Cameron","WEST VIRGINIA","US","09: Industry, Innovation and Infrastructure;13: Climate Action","SES, Inc.","N/A","136616","View","",
"ACR752","CAMM5752","NextEra Energy Marketing, LLC","Marshall County Flare IV","Coal Mine Methane","ARB Compliance Offset Protocol: Mine Methane Capture Projects","10/28/2021","10/28/2021","06/30/2032","N/A","Listed - Active ARB Project","07/06/2022","Glen Easton, WV 26039","WEST VIRGINIA","US","09: Industry, Innovation and Infrastructure;13: Climate Action","TÜV SÜD America, Inc.","N/A","147198","View","",
"ACR820","CAMM5820","NextEra Energy Marketing, LLC","Marshall County Flare V","Coal Mine Methane","ARB Compliance Offset Protocol: Mine Methane Capture Projects","03/14/2022","03/14/2022","03/13/2032","N/A","ARB Terminated","02/02/2024","Hog Run Road, Moundsville, WV 26041","WEST VIRGINIA","US","09: Industry, Innovation and Infrastructure;13: Climate Action","TÜV SÜD America, Inc.","N/A","26898","View","",
"ACR1011","CAMM1011","NextEra Energy Marketing, LLC","Marshall County Flare VI","Coal Mine Methane","ARB Compliance Offset Protocol: Mine Methane Capture Projects","04/10/2023","04/10/2023","04/09/2033","N/A","ARB Terminated","01/12/2026","Near Glen Easton","WEST VIRGINIA","US","09: Industry, Innovation and Infrastructure;13: Climate Action","First Environment of California, Inc.","N/A","6631","View","",
"ACR1248","1248","NextEra Energy Marketing, LLC","Marshall County Flare VII","Coal Mine Methane","ARB Compliance Offset Protocol: Mine Methane Capture Projects","07/11/2025","07/11/2025","03/31/2035","N/A","Listed - Proposed Project","05/13/2026","Marshall County","WEST VIRGINIA","US","09: Industry, Innovation and Infrastructure;13: Climate Action","","N/A","","View","",
"ACR226","CAMM5100","NextEra Energy Marketing, LLC","Marshall County VAM Abatement Project","Coal Mine Methane","ARB Compliance Offset Protocol: Mine Methane Capture Projects","11/01/2013","11/01/2013","12/31/2023","N/A","ARB Terminated","02/26/2024","Glen Easton, WV  26039","WEST VIRGINIA","US","09: Industry, Innovation and Infrastructure;13: Climate Action","SES, Inc.","N/A","1660307","View","",
"ACR117","N/A","Anew Carbon Development, LLC","Merit Energy Geo-Seq","Carbon Capture & Storage (CCS)","Emission Reductions from Enhanced Oil Recovery","01/01/2000","01/01/2000","12/31/2008","Completed","Not ARB or Ecology Eligible","05/01/2012","LaBarge","WYOMING","US","","TÜV SÜD America, Inc.","","7308664","View","",
"ACR546","CAMM5546","Keyrock Environment LLC","Middle Fork Abandoned Mine Methane Recovery Project","Coal Mine Methane","ARB Compliance Offset Protocol: Mine Methane Capture Projects","09/04/2019","09/04/2019","06/15/2029","N/A","Transferred ARB or Ecology Project","02/04/2025","Benton","ILLINOIS","US","09: Industry, Innovation and Infrastructure;13: Climate Action","First Environment of California, Inc.","N/A","78936","View","",
"ACR189","CAFR5016","Edward Miller Trust","Miller Forest","Forest Carbon","ARB Compliance Offset Protocol: U.S. Forest Projects","04/19/2012","04/19/2012","04/18/2037","N/A","Listed - Active ARB Project","09/05/2013","5 miles west of Willow Creek","CALIFORNIA","US","06: Clean Water and Sanitation;13: Climate Action;15: Life on Land","","N/A","354862","View","",
"ACR560","CAMM5560","Keyrock Environment LLC","Mine 84 Abandoned Mine Methane Recovery Project","Coal Mine Methane","ARB Compliance Offset Protocol: Mine Methane Capture Projects","04/22/2020","04/22/2020","03/31/2030","N/A","Transferred ARB or Ecology Project","12/31/2024","Bethlehem Township","PENNSYLVANIA","US","09: Industry, Innovation and Infrastructure;13: Climate Action","Dillon Consulting Limited","N/A","410590","View","",
"ACR1212","N/A","Manulife Investment Management Timberland and Agriculture Inc","Mississippi River Estates IFM Carbon Offset Project, Manulife IM","Forest Carbon","Improved Forest Management (IFM) on Non-Federal U.S. Forestlands","01/01/2025","01/01/2025","12/31/2044","Listed","Not ARB or Ecology Eligible","12/06/2025","Arkansas","ARKANSAS; MISSISSIPPI","US","03: Good Health and Well-Being;06: Clean Water and Sanitation;13: Climate Action;15: Life on Land","","","","View","https://www.manulifeim.com/timberland-agriculture/global/en/carbon-credit",
"ACR873","N/A","U.S. Venture, Inc.","Mississippi River Islands Forest Conservation Project","Forest Carbon","Improved Forest Management (IFM) on Non-Federal U.S. Forestlands","09/14/2022","09/14/2022","09/13/2042","Registered","Not ARB or Ecology Eligible","07/16/2024","Island 8, Wolf Island Bar, Burnham Island","KENTUCKY; ILLINOIS","US","03: Good Health and Well-Being;06: Clean Water and Sanitation;13: Climate Action;15: Life on Land","TÜV SÜD America, Inc.","TÜV SÜD America, Inc.","462802","View","",
"ACR118","N/A","Anadarko","Monell Geo-Seq","Carbon Capture & Storage (CCS)","Emission Reductions from Enhanced Oil Recovery","08/01/2003","08/01/2003","07/31/2010","Completed","Not ARB or Ecology Eligible","05/01/2012","Sweetwater County","WYOMING","US","","ICF International","","1748409","View","",
"ACR177","N/A","Statkraft Energias Renováveis S.A.","Monjolinho Energética S/A Hydropower Plant Project (Alzir dos Santos Antunes)","Renewable Energy","ACM0002: Consolidated baseline methodology for grid-connected electricity generation from renewable sources","09/03/2009","09/03/2009","09/02/2016","Completed","Not ARB or Ecology Eligible","07/26/2022","Faxinalzinho and Nonoai","Rio Grande do Sul","BR","07: Affordable and Clean Energy;11: Sustainable Cities and Communities;13: Climate Action","Det Norske Veritas (U.S.A.), Inc.","Det Norske Veritas (U.S.A.), Inc.","673609","View","",
"ACR1100","CAMM1100","NextEra Energy Marketing, LLC","Monongalia County Abandoned Mine Project","Coal Mine Methane","ARB Compliance Offset Protocol: Mine Methane Capture Projects","10/11/2023","10/11/2023","01/31/2034","N/A","Listed - Active ARB Project","01/31/2025","Greene County, PA","PENNSYLVANIA","US","09: Industry, Innovation and Infrastructure;13: Climate Action","First Environment of California, Inc.","N/A","153201","View","",
"ACR1144","N/A","The Climate Trust","Mountainy Pond Forests","Forest Carbon","Improved Forest Management (IFM) on Non-Federal U.S. Forestlands","01/28/2025","01/28/2025","01/27/2045","Listed","Not ARB or Ecology Eligible","04/09/2025","Dedham","MAINE","US","03: Good Health and Well-Being;06: Clean Water and Sanitation;13: Climate Action;15: Life on Land","","","","View","",
"ACR191","N/A","Auren Comercializadora de Energia LTDA. 2","MS Renovaveis Wind Power Complex: Mar e Terra, Areia Branca, Embuaca and  Icaraí","Renewable Energy","ACM0002: Consolidated baseline methodology for grid-connected electricity generation from renewable sources","06/29/2013","06/29/2013","06/28/2020","Completed","Not ARB or Ecology Eligible","09/15/2023","Ceará and Rio Grande do Norte States","Ceará and Rio Grande do Norte","BR","07: Affordable and Clean Energy;11: Sustainable Cities and Communities;13: Climate Action","TÜV SÜD America, Inc.","TÜV SÜD America, Inc.","610193","View","https://www.aesbrasil.com.br",
"ACR1063","N/A","Nativstate LLC","NativState - Bottomland Forests of the Louisiana Mississippi River Delta (PDA)","Forest Carbon","Improved Forest Management (IFM) on Non-Federal U.S. Forestlands","09/30/2023","09/30/2023","09/29/2043","Listed","Not ARB or Ecology Eligible","09/04/2024","Conway","ARKANSAS","US","03: Good Health and Well-Being;06: Clean Water and Sanitation;09: Industry, Innovation and Infrastructure;13: Climate Action;15: Life on Land","Earthood Services Limited","","","View","www.nativstate.com/projects/",
"ACR848","N/A","Nativstate LLC","NativState - Bottomland Forests of the Louisiana Plains (PDA)","Forest Carbon","Improved Forest Management (IFM) on Non-Federal U.S. Forestlands","04/19/2022","04/19/2022","04/18/2042","Registered","Not ARB or Ecology Eligible","06/26/2025","Louisiana","LOUISIANA","US","03: Good Health and Well-Being;06: Clean Water and Sanitation;13: Climate Action;15: Life on Land","TÜV SÜD America, Inc.","TÜV SÜD America, Inc.","823057","View","www.nativstate.com/project-acr-848/",
"ACR1074","N/A","Nativstate LLC","NativState - Bottomland Forests of the Lower Mississippi Valley (PDA)","Forest Carbon","Improved Forest Management (IFM) on Non-Federal U.S. Forestlands","12/12/2023","12/12/2023","12/11/2043","Listed","Not ARB or Ecology Eligible","08/07/2024","Conway","ARKANSAS","US","03: Good Health and Well-Being;06: Clean Water and Sanitation;09: Industry, Innovation and Infrastructure;13: Climate Action;15: Life on Land","SCS Global Services (Scientific Certification Systems)","","","View","",
"ACR954","N/A","Nativstate LLC","NativState - Bottomland Forests of the Mississippi Alluvial Plain (PDA)","Forest Carbon","Improved Forest Management (IFM) on Non-Federal U.S. Forestlands","04/04/2023","04/04/2023","04/03/2043","Listed","Not ARB or Ecology Eligible","01/23/2024","Lower Mississippi River Delta, US","ARKANSAS","US","03: Good Health and Well-Being;06: Clean Water and Sanitation;08: Decent Work and Economic Growth;09: Industry, Innovation and Infrastructure;13: Climate Action;14: Life Below Water;15: Life on Land","Earthood Services Limited","","","View","www.nativstate.com/projects/",
"ACR1015","N/A","Nativstate LLC","NativState - Bottomland Forests of the Mississippi Backswamps and Delta Mixed Forests (PDA)","Forest Carbon","Improved Forest Management (IFM) on Non-Federal U.S. Forestlands","01/30/2023","01/30/2023","01/29/2043","Registered","Not ARB or Ecology Eligible","01/01/2026","Mississippi Alluvial Plain","LOUISIANA; MISSISSIPPI; ARKANSAS","US","03: Good Health and Well-Being;06: Clean Water and Sanitation;13: Climate Action;15: Life on Land","TÜV SÜD America, Inc.","TÜV SÜD America, Inc.","1450608","View","www.nativstate.com/projects/",
"ACR802","N/A","Nativstate LLC","NativState - Bottomland Forests of the Mississippi Delta & Coastal Plains (PDA)","Forest Carbon","Improved Forest Management (IFM) on Non-Federal U.S. Forestlands","04/26/2022","04/26/2022","04/25/2042","Registered","Not ARB or Ecology Eligible","09/07/2022","Lower Mississippi River Delta","ARKANSAS","US","03: Good Health and Well-Being;06: Clean Water and Sanitation;13: Climate Action;15: Life on Land","","Earthood Services Limited","585214","View","www.nativstate.com/project-acr-802/",
"ACR913","N/A","Nativstate LLC","NativState - Bottomland Forests of the Mississippi Delta and Piedmont (PDA)","Forest Carbon","Improved Forest Management (IFM) on Non-Federal U.S. Forestlands","11/07/2022","11/07/2022","11/06/2042","Listed","Not ARB or Ecology Eligible","10/12/2023","Conway","ARKANSAS","US","03: Good Health and Well-Being;06: Clean Water and Sanitation;08: Decent Work and Economic Growth;13: Climate Action;15: Life on Land","Aster Global Environmental Solutions","","","View","www.nativstate.com/project-acr-913/",
"ACR914","N/A","Nativstate LLC","NativState - Bottomland Forests of the South-Central Plains (PDA)","Forest Carbon","Improved Forest Management (IFM) on Non-Federal U.S. Forestlands","01/30/2023","01/30/2023","01/29/2043","Listed","Not ARB or Ecology Eligible","10/12/2023","South-Central Plains, US","ARKANSAS","US","03: Good Health and Well-Being;06: Clean Water and Sanitation;08: Decent Work and Economic Growth;13: Climate Action;15: Life on Land","Aster Global Environmental Solutions","","","View","www.nativstate.com/bottomland-forests-of-the-south-central-plains-acr-914/",
"ACR900","N/A","Nativstate LLC","NativState - Calion Ouachita River Wilderness","Forest Carbon","Improved Forest Management (IFM) on Non-Federal U.S. Forestlands","05/17/2023","05/17/2023","05/16/2043","Registered","Not ARB or Ecology Eligible","11/27/2025","Arkansas, US","ARKANSAS","US","03: Good Health and Well-Being;06: Clean Water and Sanitation;13: Climate Action;15: Life on Land","SCS Global Services (Scientific Certification Systems)","SCS Global Services (Scientific Certification Systems)","673227","View","www.nativstate.com/project-acr-900/",
"ACR1136","N/A","Nativstate LLC","NativState - Central Interior Forests of the Boston Mountains and Ozark Hills (PDA)","Forest Carbon","Improved Forest Management (IFM) on Non-Federal U.S. Forestlands","05/24/2023","05/24/2023","05/23/2043","Listed","Not ARB or Ecology Eligible","04/10/2025","CONWAY","ARKANSAS; MISSOURI","US","03: Good Health and Well-Being;06: Clean Water and Sanitation;13: Climate Action;15: Life on Land","Earthood Services Limited","","","View","https://nativstate.com/projects/",
"ACR1137","N/A","Nativstate LLC","NativState - Forests of the Ozark Central Interior Highlands (PDA)","Forest Carbon","Improved Forest Management (IFM) on Non-Federal U.S. Forestlands","03/29/2024","03/29/2024","03/28/2044","Listed","Not ARB or Ecology Eligible","04/10/2025","CONWAY","ARKANSAS; MISSOURI","US","03: Good Health and Well-Being;06: Clean Water and Sanitation;13: Climate Action;15: Life on Land","","","","View","https://nativstate.com/projects/",
"ACR1135","N/A","Nativstate LLC","NativState - Middle Mixed Forests of the Arkansas Valley, Western Mid Coastal Plain, and Mississippi Delta (PDA)","Forest Carbon","Improved Forest Management (IFM) on Non-Federal U.S. Forestlands","07/16/2024","07/16/2024","07/15/2044","Listed","Not ARB or Ecology Eligible","04/10/2025","CONWAY","ARKANSAS; TEXAS; TENNESSEE; LOUISIANA; MISSISSIPPI","US","03: Good Health and Well-Being;06: Clean Water and Sanitation;13: Climate Action;15: Life on Land","SCS Global Services (Scientific Certification Systems)","","","View","https://nativstate.com/projects/",
"ACR1030","N/A","Nativstate LLC","NativState - Mississippi Delta Mixed Forests (PDA)","Forest Carbon","Improved Forest Management (IFM) on Non-Federal U.S. Forestlands","08/08/2023","08/08/2023","08/07/2043","Listed","Not ARB or Ecology Eligible","07/11/2024","Mississippi, US","MISSISSIPPI","US","03: Good Health and Well-Being;06: Clean Water and Sanitation;13: Climate Action;15: Life on Land","","","","View","www.nativstate.com/projects/",
"ACR1073","N/A","Nativstate LLC","NativState - Mixed and Broadleaf Forests of the Central Interior (PDA)","Forest Carbon","Improved Forest Management (IFM) on Non-Federal U.S. Forestlands","01/30/2024","01/30/2024","01/29/2044","Listed","Not ARB or Ecology Eligible","08/07/2024","Conway","ARKANSAS","US","03: Good Health and Well-Being;06: Clean Water and Sanitation;09: Industry, Innovation and Infrastructure;13: Climate Action;15: Life on Land","SCS Global Services (Scientific Certification Systems)","","","View","",
"ACR955","N/A","Nativstate LLC","NativState - Mixed Broadleaf Forests of the Ozark Central Hills and Plateau (PDA)","Forest Carbon","Improved Forest Management (IFM) on Non-Federal U.S. Forestlands","04/18/2023","04/18/2023","04/17/2043","Listed","Not ARB or Ecology Eligible","01/23/2024","Ozark Highlands, AR & MO","ARKANSAS","US","03: Good Health and Well-Being;06: Clean Water and Sanitation;13: Climate Action;15: Life on Land","TÜV SÜD America, Inc.","","","View","www.nativstate.com/projects/",
"ACR912","N/A","Nativstate LLC","NativState - Mixed Broadleaf Forests of the Ozark Highlands (PDA)","Forest Carbon","Improved Forest Management (IFM) on Non-Federal U.S. Forestlands","09/12/2022","09/12/2022","09/11/2042","Listed","Not ARB or Ecology Eligible","10/12/2023","Conway","ARKANSAS","US","03: Good Health and Well-Being;06: Clean Water and Sanitation;08: Decent Work and Economic Growth;13: Climate Action;15: Life on Land","SCS Global Services (Scientific Certification Systems)","","","View","www.nativstate.com/project-acr-912/",
"ACR956","N/A","Nativstate LLC","NativState - Mixed Broadleaf Forests of the Western Tennessee Plains to the Highland Rim (PDA)","Forest Carbon","Improved Forest Management (IFM) on Non-Federal U.S. Forestlands","05/23/2023","05/23/2023","05/22/2043","Listed","Not ARB or Ecology Eligible","01/04/2024","Western Tennessee, US","TENNESSEE","US","03: Good Health and Well-Being;06: Clean Water and Sanitation;13: Climate Action;15: Life on Land","TÜV SÜD America, Inc.","","","View","www.nativstate.com/projects/",
"ACR1139","N/A","Nativstate LLC","NativState - Mixed Forests of the Southeast Arkansas, Western Louisiana, and Eastern Texas Coastal Plains (PDA)","Forest Carbon","Improved Forest Management (IFM) on Non-Federal U.S. Forestlands","08/26/2024","08/26/2024","08/25/2044","Listed","Not ARB or Ecology Eligible","04/10/2025","Conway","ARKANSAS","US","03: Good Health and Well-Being;06: Clean Water and Sanitation;13: Climate Action;15: Life on Land","","","","View","https://nativstate.com/projects/",
"ACR801","N/A","Nativstate LLC","NativState - Mixed Upland Forests of the Ozarks & Ouachita Mountains (PDA)","Forest Carbon","Improved Forest Management (IFM) on Non-Federal U.S. Forestlands","02/21/2022","02/21/2022","02/20/2042","Registered","Not ARB or Ecology Eligible","04/28/2025","Ozark Mountains, AR","ARKANSAS","US","03: Good Health and Well-Being;06: Clean Water and Sanitation;13: Climate Action;15: Life on Land","Earthood Services Limited","Aster Global Environmental Solutions","262245","View","www.nativstate.com/project-acr-801/",
"ACR1249","N/A","Nativstate LLC","NativState - North Central Louisiana IFM Carbon Removal Project","Forest Carbon","Improved Forest Management (IFM) on Non-Federal U.S. Forestlands","09/03/2025","09/03/2025","09/02/2045","Listed","Not ARB or Ecology Eligible","05/20/2026","Louisiana","ARKANSAS","US","03: Good Health and Well-Being;06: Clean Water and Sanitation;13: Climate Action;15: Life on Land","","","","View","https://nativstate.com/projects/",
"ACR1214","N/A","Nativstate LLC","NativState – Alabama Gulf Coastal Plain and Mississippi Mixed Forests (PDA)","Forest Carbon","Improved Forest Management (IFM) on Non-Federal U.S. Forestlands","10/17/2024","10/17/2024","10/16/2044","Listed","Not ARB or Ecology Eligible","11/17/2025","Alabama","ALABAMA; MISSISSIPPI","US","03: Good Health and Well-Being;06: Clean Water and Sanitation;13: Climate Action;15: Life on Land","","","","View","",
"ACR804","N/A","Nativstate LLC","NativState – Broadleaf and Mixed Forests of the Arkansas Ozarks and Oklahoma Highlands (PDA)","Forest Carbon","Improved Forest Management (IFM) on Small Non-Industrial Private Forestlands","04/22/2025","04/22/2025","04/21/2045","Listed","Not ARB or Ecology Eligible","11/17/2025","Arkansas, Oklahoma","ARKANSAS; OKLAHOMA","US","03: Good Health and Well-Being;06: Clean Water and Sanitation;13: Climate Action;15: Life on Land","","","","View","https://nativstate.com/",
"ACR783","N/A","Nativstate LLC","NativState – S&J Taylor Forest Carbon Improved Forest Management Project","Forest Carbon","Improved Forest Management (IFM) on Non-Federal U.S. Forestlands","06/08/2022","06/08/2022","06/07/2042","Registered","Not ARB or Ecology Eligible","03/06/2024","Sheridan, AR","ARKANSAS","US","03: Good Health and Well-Being;06: Clean Water and Sanitation;13: Climate Action;15: Life on Land","TÜV SÜD America, Inc.","TÜV SÜD America, Inc.","1080474","View","www.nativstate.com/project-acr-783/",
"ACR803","N/A","Nativstate LLC","NativState – Tennessee Mixed Forests of the River Valley and Highlands (PDA)","Forest Carbon","Improved Forest Management (IFM) on Small Non-Industrial Private Forestlands","03/01/2024","03/01/2024","02/29/2044","Listed","Not ARB or Ecology Eligible","11/17/2025","Tennessee","ARKANSAS; ALABAMA; KENTUCKY; ILLINOIS; NORTH CAROLINA; MISSISSIPPI","US","03: Good Health and Well-Being;06: Clean Water and Sanitation;13: Climate Action;15: Life on Land","","","","View","https://nativstate.com/",
"ACR1016","N/A","Nativstate LLC","Neeley Forestry Services - Sustainable Forests of South-Central Arkansas","Forest Carbon","Improved Forest Management (IFM) on Non-Federal U.S. Forestlands","04/26/2023","04/26/2023","04/25/2043","Listed","Not ARB or Ecology Eligible","07/11/2024","Arkansas","ARKANSAS","US","03: Good Health and Well-Being;06: Clean Water and Sanitation;09: Industry, Innovation and Infrastructure;13: Climate Action;15: Life on Land","TÜV SÜD America, Inc.","","","View","www.nativstate.com/projects/",
"ACR578","CAMM5578","Keyrock Environment LLC","New Era Abandoned Mine Methane Recovery Project","Coal Mine Methane","ARB Compliance Offset Protocol: Mine Methane Capture Projects","07/22/2019","07/22/2019","05/31/2030","N/A","Transferred ARB or Ecology Project","02/04/2025","Galatia","ILLINOIS","US","09: Industry, Innovation and Infrastructure;13: Climate Action","First Environment of California, Inc.","N/A","461227","View","",
"ACR669","CAMM5669","Keyrock Environment LLC","New Future Abandoned Mine Methane Recovery Project","Coal Mine Methane","ARB Compliance Offset Protocol: Mine Methane Capture Projects","05/11/2021","05/11/2021","05/31/2031","N/A","Transferred ARB or Ecology Project","03/03/2025","Galatia","ILLINOIS","US","09: Industry, Innovation and Infrastructure;13: Climate Action","First Environment of California, Inc.","N/A","174700","View","",
"ACR167","N/A","DuPont","Nitrogen Oxide Abatement at the DuPont Sabine River Works Adipic Acid Facility","Industrial Process Emissions","Nitrous Oxide Abatement Protocol","01/01/1998","01/01/1998","12/31/2001","Completed","Not ARB or Ecology Eligible","05/01/2012","Orange, TX","TEXAS","US","","ICF International","","125000","View","",
"ACR171","N/A","Delta Institute","Nitrous Oxide Reduction in Corn","Agricultural Land Management","N2O Emission Reductions through Reduced Use of Fertilizer on Agricultural Crops","04/21/2011","04/21/2011","04/21/2018","Completed","Not ARB or Ecology Eligible","07/26/2022","Reese","MICHIGAN","US","02: Zero Hunger;06: Clean Water and Sanitation;13: Climate Action","Environmental Services, Inc.","","2","View","",
"ACR593","CAMM5593","Environmental Commodities Corporation","NMMC1","Coal Mine Methane","ARB Compliance Offset Protocol: Mine Methane Capture Projects","10/08/2019","10/08/2019","03/31/2030","N/A","Listed - Active ARB Project","10/07/2020","Cadiz","OHIO","US","09: Industry, Innovation and Infrastructure;13: Climate Action","First Environment of California, Inc.","N/A","46747","View","www.eccintl.com",
"ACR119","N/A","Commonwealth Resource Management Corporation","North Country LFG","Landfill Gas Capture & Combustion","Monitoring, Reporting and Verification Protocol for Landfill Gas Combustion","01/01/1998","01/01/1998","12/31/2011","Completed","Not ARB or Ecology Eligible","05/01/2012","Bethlehem","NEW HAMPSHIRE","US","","First Environment, Inc.","","1592397","View","",
"ACR722","N/A","412","North Florida Land Trust Forest Conservation","Forest Carbon","Improved Forest Management (IFM) on Non-Federal U.S. Forestlands","01/27/2020","01/27/2020","01/26/2040","Canceled","Not ARB or Ecology Eligible","07/29/2025","Northeast Florida","FLORIDA","US","03: Good Health and Well-Being;06: Clean Water and Sanitation;13: Climate Action;15: Life on Land","S&A Carbon, LLC","S&A Carbon, LLC","35713","View","",
"ACR1239","N/A","Allagash Timberlands LP","North Woods Carbon","Forest Carbon","Improved Forest Management (IFM) on Non-Federal U.S. Forestlands","01/01/2025","01/01/2025","12/31/2045","Listed","Not ARB or Ecology Eligible","04/30/2026","Aroostook County","MAINE","US","03: Good Health and Well-Being;06: Clean Water and Sanitation;09: Industry, Innovation and Infrastructure;13: Climate Action;15: Life on Land","","","","View","www.jdirving.com",
"ACR745","N/A","The Climate Trust","Northern Cheyenne Forest Carbon Project","Forest Carbon","Improved Forest Management (IFM) on Non-Federal U.S. Forestlands","08/16/2022","08/16/2022","08/15/2042","Registered","Not ARB or Ecology Eligible","01/09/2026","Northern Cheyenne Indian Reservation, Montana","MONTANA","US","03: Good Health and Well-Being;06: Clean Water and Sanitation;13: Climate Action;15: Life on Land","TÜV SÜD America, Inc.","TÜV SÜD America, Inc.","45218","View","",
"ACR1223","N/A","The Climate Trust","Northern Cheyenne Reforestation","Forest Carbon","Afforestation and Reforestation of Degraded Lands","04/07/2025","04/07/2025","03/31/2065","Listed","Not ARB or Ecology Eligible","12/18/2025","Northern Cheyenne Indian Reservation","MONTANA","US","03: Good Health and Well-Being;06: Clean Water and Sanitation;08: Decent Work and Economic Growth;13: Climate Action;15: Life on Land","","","","View","",
"ACR879","N/A","Northwest Arkansas IFM, LLC","Northwest Arkansas IFM","Forest Carbon","Improved Forest Management (IFM) on Non-Federal U.S. Forestlands","03/28/2023","03/28/2023","03/27/2043","Registered","Not ARB or Ecology Eligible","10/15/2024","Fayetteville","ARKANSAS; OKLAHOMA","US","03: Good Health and Well-Being;06: Clean Water and Sanitation;13: Climate Action;15: Life on Land","TÜV SÜD America, Inc.","TÜV SÜD America, Inc.","481247","View","",
"ACR781","N/A","Nuveen Natural Capital","Nuveen Upper Piedmont Conservation Area","Forest Carbon","Improved Forest Management (IFM) on Non-Federal U.S. Forestlands","01/19/2022","01/19/2022","01/18/2042","Registered","Not ARB or Ecology Eligible","08/13/2024","South Carolina, North Carolina","SOUTH CAROLINA; NORTH CAROLINA","US","03: Good Health and Well-Being;06: Clean Water and Sanitation;13: Climate Action;15: Life on Land","TÜV SÜD America, Inc.","TÜV SÜD America, Inc.","387266","View","https://www.nuveen.com/en-us/about-us/investment-specialists/natural-capital",
"ACR1213","N/A","Manulife Investment Management Timberland and Agriculture Inc","Oak Bluff IFM Forest Carbon Offset Project, Manulife IM","Forest Carbon","Improved Forest Management (IFM) on Non-Federal U.S. Forestlands","01/01/2025","01/01/2025","12/31/2044","Listed","Not ARB or Ecology Eligible","12/05/2025","Mississippi","MISSISSIPPI; LOUISIANA","US","03: Good Health and Well-Being;06: Clean Water and Sanitation;13: Climate Action;15: Life on Land","","","","View","https://www.manulifeim.com/timberland-agriculture/global/en/carbon-credit",
"ACR1244","1244","NextEra Energy Marketing, LLC","Oak Grove Flare 2 West","Coal Mine Methane","ARB Compliance Offset Protocol: Mine Methane Capture Projects","04/01/2025","04/01/2025","03/31/2035","N/A","Listed - Proposed Project","04/10/2026","Jefferson County","ALABAMA","US","09: Industry, Innovation and Infrastructure;13: Climate Action","","N/A","","View","",
"ACR1181","CAMM1181","NextEra Energy Marketing, LLC","Oak Grove Panel 50/51 Flare Project","Coal Mine Methane","ARB Compliance Offset Protocol: Mine Methane Capture Projects","06/04/2024","06/04/2024","06/30/2034","N/A","Listed - Active Registry Project","06/12/2025","Jefferson County","ALABAMA","US","09: Industry, Innovation and Infrastructure;13: Climate Action","SES, Inc.","N/A","30942","View","",
"ACR1218","CAMM1218","NextEra Energy Marketing, LLC","Oak Grove Panel 52 Flare Project","Coal Mine Methane","ARB Compliance Offset Protocol: Mine Methane Capture Projects","03/04/2025","03/04/2025","09/30/2035","N/A","Listed - Active Registry Project","11/18/2025","Jefferson County","ALABAMA","US","09: Industry, Innovation and Infrastructure;13: Climate Action","SES, Inc.","N/A","28062","View","",
"ACR1128","N/A","NextEra Energy Marketing, LLC","Oak Grove Voluntary Project I","Coal Mine Methane","Capturing and Destroying Methane from Coal and Trona Mines in North America","03/10/2023","03/10/2023","03/09/2033","Listed","Not ARB or Ecology Eligible","03/06/2025","Jefferson County","ALABAMA","US","03: Good Health and Well-Being;09: Industry, Innovation and Infrastructure;12: Responsible Consumption and Production;13: Climate Action","First Environment, Inc.","First Environment, Inc.","26915","View","",
"ACR694","CAMM5694","Keyrock Energy LLC","Oaktown Fuel 1 Mine Methane Incineration Project","Coal Mine Methane","ARB Compliance Offset Protocol: Mine Methane Capture Projects","06/28/2021","06/28/2021","12/31/2030","N/A","Transferred ARB or Ecology Project","09/12/2025","Oaktown","INDIANA","US","09: Industry, Innovation and Infrastructure;13: Climate Action","Agri-Waste Technology, Inc.","N/A","50238","View","",
"ACR695","CAMM5695","Keyrock Energy LLC","Oaktown Fuel 2 Mine Methane Incineration Project","Coal Mine Methane","ARB Compliance Offset Protocol: Mine Methane Capture Projects","04/09/2021","04/09/2021","12/31/2030","N/A","Listed - Active ARB Project","11/22/2021","Oaktown","INDIANA","US","09: Industry, Innovation and Infrastructure;13: Climate Action","Agri-Waste Technology, Inc.","N/A","41281","View","",
"ACR1095","CAMM1095","Sunrise Energy, LLC","Oaktown Mine #1 CMM Project","Coal Mine Methane","ARB Compliance Offset Protocol: Mine Methane Capture Projects","07/02/2024","07/02/2024","07/01/2035","N/A","Listed - Proposed Project","06/04/2025","7195-6981N Davis Rd, Bicknell, Indiana 47512","INDIANA","US","09: Industry, Innovation and Infrastructure;13: Climate Action","First Environment of California, Inc.","N/A","","View","",
"ACR1175","ECYFR1175","Carbon Informatics LLC d/b/a/ Greenline Climate","Ochoco Preserve Forest Carbon Project","Forest Carbon","ECY Compliance Offset Protocol: U.S. Forest Projects","05/15/2025","05/15/2025","05/14/2050","N/A","Listed - Proposed Project","07/08/2025","Crook County","OREGON","US","06: Clean Water and Sanitation;13: Climate Action;15: Life on Land","TÜV SÜD America, Inc.","","","View","",
"ACR1142","N/A","EFM Investments & Advisory, Inc.","Olympic Rainforest Improved Forest Management Project","Forest Carbon","Improved Forest Management (IFM) on Non-Federal U.S. Forestlands","11/21/2024","11/21/2024","11/21/2044","Listed","Not ARB or Ecology Eligible","03/21/2025","Olympic Peninsula - Clallam and Jefferson counties","WASHINGTON","US","03: Good Health and Well-Being;06: Clean Water and Sanitation;09: Industry, Innovation and Infrastructure;13: Climate Action;15: Life on Land","S&A Carbon, LLC","","","View","",
"ACR812","N/A","Environmental Commodities Corporation","OMMC1","Coal Mine Methane","Capturing and Destroying Methane from Coal and Trona Mines in North America","02/28/2022","02/28/2022","02/27/2032","Registered","Not ARB or Ecology Eligible","10/25/2023","Cadiz","OHIO","US","03: Good Health and Well-Being;09: Industry, Innovation and Infrastructure;12: Responsible Consumption and Production;13: Climate Action","GHD Limited","GHD Limited","5016","View","",
"ACR542","CAMM5542","Keyrock Environment LLC","Orient 6 Abandoned Mine Methane Recovery Project","Coal Mine Methane","ARB Compliance Offset Protocol: Mine Methane Capture Projects","09/16/2019","09/16/2019","06/15/2029","N/A","Transferred ARB or Ecology Project","02/04/2025","Waltonville","ILLINOIS","US","09: Industry, Innovation and Infrastructure;13: Climate Action","First Environment of California, Inc.","N/A","85622","View","",
"ACR1156","N/A","Loci Controls, Inc.","Ostrom Road Landfill, Wheatland, CA: GHG Emission Reduction Automation Collection of Landfill Gas","Landfill Gas Capture & Combustion","Landfill Gas Destruction and Beneficial Use Projects","07/01/2024","07/01/2024","06/30/2034","Registered","Not ARB or Ecology Eligible","05/18/2026","Wheatland, CA","CALIFORNIA","US","03: Good Health and Well-Being;07: Affordable and Clean Energy;09: Industry, Innovation and Infrastructure;11: Sustainable Cities and Communities;12: Responsible Consumption and Production;13: Climate Action","Agri-Waste Technology, Inc.","Agri-Waste Technology, Inc.","39684","View","",
"ACR508","N/A","Manulife Investment Management Timberland and Agriculture Inc","Otter Creek IFM","Forest Carbon","Improved Forest Management (IFM) on Non-Federal U.S. Forestlands","09/09/2017","09/09/2017","09/08/2037","Registered","Not ARB or Ecology Eligible","01/11/2022","Levy County","FLORIDA","US","03: Good Health and Well-Being;06: Clean Water and Sanitation;13: Climate Action;15: Life on Land","S&A Carbon, LLC","S&A Carbon, LLC","195292","View","www.sfiprogram.org",
"ACR1119","N/A","Weyerhaeuser NR Company","Pamlico Point IFM Project","Forest Carbon","Improved Forest Management (IFM) on Non-Federal U.S. Forestlands","02/01/2025","02/01/2025","01/31/2045","Listed","Not ARB or Ecology Eligible","01/27/2025","Eastern North Carolina","NORTH CAROLINA","US","03: Good Health and Well-Being;06: Clean Water and Sanitation;13: Climate Action;15: Life on Land","SCS Global Services (Scientific Certification Systems)","","","View","",
"ACR572","CAMM5572","Keyrock Environment LLC","Pattiki 2 Abandoned Mine Methane Recovery Project","Coal Mine Methane","ARB Compliance Offset Protocol: Mine Methane Capture Projects","03/20/2020","03/20/2020","11/15/2029","N/A","Transferred ARB or Ecology Project","10/30/2025","Crossville","ILLINOIS","US","09: Industry, Innovation and Infrastructure;13: Climate Action","Dillon Consulting Limited","N/A","179064","View","",
"ACR842","CAMM5842","Perennial CMM LLC","Perennial CMM CMB10-4 Flare Project","Coal Mine Methane","ARB Compliance Offset Protocol: Mine Methane Capture Projects","01/27/2023","01/27/2023","02/28/2033","N/A","Listed - Active ARB Project","02/23/2023","WAYNESBURG","PENNSYLVANIA","US","09: Industry, Innovation and Infrastructure;13: Climate Action","First Environment of California, Inc.","N/A","139660","View","WWW.PERENNIALCMM.COM",
"ACR906","CAMM5906","Perennial CMM LLC","Perennial CMM CMB3-5 Flare Project","Coal Mine Methane","ARB Compliance Offset Protocol: Mine Methane Capture Projects","07/05/2023","07/05/2023","07/31/2033","N/A","Listed - Active ARB Project","07/25/2023","Waynesburg","PENNSYLVANIA","US","09: Industry, Innovation and Infrastructure;13: Climate Action","SES, Inc.","N/A","126605","View","www.perennialcmm.com",
"ACR1195","CAMM1195","Perennial CMM LLC","Perennial CMM CMB32-8 Flare Project","Coal Mine Methane","ARB Compliance Offset Protocol: Mine Methane Capture Projects","07/17/2025","07/17/2025","07/31/2035","N/A","Listed - Proposed Project","07/18/2025","Waynesburg","PENNSYLVANIA","US","09: Industry, Innovation and Infrastructure;13: Climate Action","","N/A","","View","www.perennialcmm.com",
"ACR731","CAMM5731","Perennial CMM LLC","Perennial CMM CMB7-1 Flare Project","Coal Mine Methane","ARB Compliance Offset Protocol: Mine Methane Capture Projects","01/19/2022","01/19/2022","01/18/2032","N/A","Listed - Active ARB Project","07/18/2022","Waynesburg, pa","PENNSYLVANIA","US","09: Industry, Innovation and Infrastructure;13: Climate Action","Agri-Waste Technology, Inc.","N/A","264589","View","www.Perennialcmm.com",
"ACR1159","CAMM1159","Perennial CMM LLC","Perennial CMM CMB72-2-7 Flare Project","Coal Mine Methane","ARB Compliance Offset Protocol: Mine Methane Capture Projects","03/26/2025","03/26/2025","03/31/2035","N/A","Listed - Proposed Project","04/17/2025","Waynesburg","PENNSYLVANIA","US","09: Industry, Innovation and Infrastructure;13: Climate Action","Agri-Waste Technology, Inc.","N/A","","View","www.perennialcmm.com",
"ACR972","CAMM5972","Perennial CMM LLC","Perennial CMM CMB8-6 Flare Project","Coal Mine Methane","ARB Compliance Offset Protocol: Mine Methane Capture Projects","01/08/2024","01/08/2024","01/31/2034","N/A","Listed - Active ARB Project","01/26/2024","Waynesburg","PENNSYLVANIA","US","09: Industry, Innovation and Infrastructure;13: Climate Action","SES, Inc.","N/A","68038","View","www.perennialcmm.com",
"ACR811","CAMM5811","Perennial CMM LLC","Perennial CMM Emerald Mine AMM Flare Project","Coal Mine Methane","ARB Compliance Offset Protocol: Mine Methane Capture Projects","09/15/2022","09/15/2022","10/14/2032","N/A","Listed - Active ARB Project","09/21/2022","Waynesburg PA","PENNSYLVANIA","US","09: Industry, Innovation and Infrastructure;13: Climate Action","First Environment of California, Inc.","N/A","355344","View","www.Perennialcmm.com",
"ACR850","CAMM5850","Perennial CMM LLC","Perennial CMM HRS Dent's Run Flare Project","Coal Mine Methane","ARB Compliance Offset Protocol: Mine Methane Capture Projects","03/02/2023","03/02/2023","03/01/2033","N/A","Listed - Active ARB Project","04/11/2023","5 Dent's Run, Mannington","WEST VIRGINIA","US","09: Industry, Innovation and Infrastructure;13: Climate Action","First Environment of California, Inc.","N/A","224443","View","www.perennialcmm.com",
"ACR470","CAMM5470","Perennial CMM LLC","PERENNIAL CN9-1 AMM FLARE PROJECT","Coal Mine Methane","ARB Compliance Offset Protocol: Mine Methane Capture Projects","03/01/2019","03/01/2019","08/31/2028","N/A","Listed - Active ARB Project","02/14/2019","Fairview","WEST VIRGINIA","US","09: Industry, Innovation and Infrastructure;13: Climate Action","SES, Inc.","N/A","81997","View","",
"ACR548","CAMM5548","Perennial CMM LLC","Perennial CN9-2 AMM FLARE PROJECT","Coal Mine Methane","ARB Compliance Offset Protocol: Mine Methane Capture Projects","05/01/2020","05/01/2020","11/01/2029","N/A","ARB Inactive","01/20/2022","Fairview","WEST VIRGINIA","US","09: Industry, Innovation and Infrastructure;13: Climate Action","SCS Engineers","N/A","","View","",
"ACR400","CAMM5400","Perennial CMM LLC","Perennial OSG-1 AMM Flare Project","Coal Mine Methane","ARB Compliance Offset Protocol: Mine Methane Capture Projects","01/15/2018","01/15/2018","01/14/2028","N/A","ARB Inactive","01/20/2022","Morgantown","WEST VIRGINIA","US","09: Industry, Innovation and Infrastructure;13: Climate Action","","N/A","","View","",
"ACR402","CAMM5402","Perennial CMM LLC","Perennial PRS-1 AMM Flare Project","Coal Mine Methane","ARB Compliance Offset Protocol: Mine Methane Capture Projects","01/15/2018","01/15/2018","07/22/2027","N/A","ARB Inactive","01/20/2022","Morgantown","WEST VIRGINIA","US","09: Industry, Innovation and Infrastructure;13: Climate Action","","N/A","","View","",
"ACR934","N/A","PermCap-GHG, LLC","PermCap Louisiana Methane Abatement Project 001","Industrial Process Emissions","Plugging Orphan Oil and Gas Wells in the U.S. and Canada","08/25/2024","08/25/2024","08/24/2044","Completed","Not ARB or Ecology Eligible","05/28/2025","Caddo Parish","LOUISIANA","US","03: Good Health and Well-Being;09: Industry, Innovation and Infrastructure;12: Responsible Consumption and Production;13: Climate Action;15: Life on Land","Agri-Waste Technology, Inc.","Agri-Waste Technology, Inc.","59517","View","www.permcap-ghg.com",
"ACR1126","N/A","PermCap-GHG, LLC","PermCap Louisiana Methane Abatement Project 002","Industrial Process Emissions","Plugging Orphan Oil and Gas Wells in the U.S. and Canada","05/01/2025","05/01/2025","05/01/2045","Listed","Not ARB or Ecology Eligible","02/03/2025","Caddo Parish","LOUISIANA","US","03: Good Health and Well-Being;06: Clean Water and Sanitation;09: Industry, Innovation and Infrastructure;12: Responsible Consumption and Production;13: Climate Action","","","","View","www.permcap-ghg.com",
"ACR1131","N/A","PermCap-GHG, LLC","PermCap Louisiana Methane Abatement Project 003","Industrial Process Emissions","Plugging Orphan Oil and Gas Wells in the U.S. and Canada","08/01/2025","08/01/2025","08/01/2045","Listed","Not ARB or Ecology Eligible","02/17/2025","Caddo Parish","LOUISIANA","US","03: Good Health and Well-Being;06: Clean Water and Sanitation;09: Industry, Innovation and Infrastructure;12: Responsible Consumption and Production;13: Climate Action","","","","View","www.permcap-ghg.com",
"ACR120","N/A","Anew Carbon Development, LLC","Petrosource Geo-Seq","Carbon Capture & Storage (CCS)","Emission Reductions from Enhanced Oil Recovery","08/01/1998","08/01/1998","09/30/2007","Completed","Not ARB or Ecology Eligible","05/01/2012","Crocket County","TEXAS","US","","TÜV SÜD America, Inc.","","2181419","View","",
"ACR121","N/A","Anew Carbon Development, LLC","Pike's Peak Geo-Seq","Carbon Capture & Storage (CCS)","Emission Reductions from Enhanced Oil Recovery","10/01/2004","10/01/2004","09/30/2008","Completed","Not ARB or Ecology Eligible","05/01/2012","Pecos County","TEXAS","US","","TÜV SÜD America, Inc.","","2866515","View","",
"ACR540","CAMM5540","Keyrock Environment LLC","Pinnacle Mine Methane Incineration Project","Coal Mine Methane","ARB Compliance Offset Protocol: Mine Methane Capture Projects","05/13/2020","05/13/2020","11/15/2029","N/A","Listed - Active ARB Project","03/23/2020","Pineville","WEST VIRGINIA","US","09: Industry, Innovation and Infrastructure;13: Climate Action","","N/A","15657","View","",
"ACR580","CAMM5580","Keyrock Environment LLC","Pleasant Hill Abandoned Mine Methane Recovery Project","Coal Mine Methane","ARB Compliance Offset Protocol: Mine Methane Capture Projects","01/23/2020","01/23/2020","07/31/2029","N/A","Listed - Active ARB Project","08/28/2020","Upshur County","WEST VIRGINIA","US","09: Industry, Innovation and Infrastructure;13: Climate Action","","N/A","7471","View","",
"ACR1118","CAMM1118","Environmental Commodities Corporation","PMMC1","Coal Mine Methane","ARB Compliance Offset Protocol: Mine Methane Capture Projects","11/04/2024","11/04/2024","06/30/2034","N/A","Listed - Active ARB Project","02/25/2025","Clarington","OHIO","US","09: Industry, Innovation and Infrastructure;13: Climate Action","SES, Inc.","N/A","14773","View","https://www.eccintl.com/",
"ACR650","CAMM5650","Pine Mountain Resources, LLC","PMR #3","Coal Mine Methane","ARB Compliance Offset Protocol: Mine Methane Capture Projects","07/29/2021","07/29/2021","07/28/2032","N/A","Listed - Active ARB Project","08/18/2021","Varney","KENTUCKY","US","09: Industry, Innovation and Infrastructure;13: Climate Action","SES, Inc.","N/A","117974","View","",
"ACR1189","CAMM1189","Pine Mountain Resources, LLC","PMR #4","Coal Mine Methane","ARB Compliance Offset Protocol: Mine Methane Capture Projects","09/17/2025","09/17/2025","09/16/2036","N/A","Listed - Proposed Project","07/11/2025","Pikeville","KENTUCKY","US","09: Industry, Innovation and Infrastructure;13: Climate Action","First Environment of California, Inc.","N/A","","View","",
"ACR917","CAMM5917","Pine Mountain Resources, LLC","PMR VT2","Coal Mine Methane","ARB Compliance Offset Protocol: Mine Methane Capture Projects","12/14/2023","12/14/2023","12/13/2034","N/A","Listed - Active ARB Project","09/12/2023","VARNEY","KENTUCKY","US","09: Industry, Innovation and Infrastructure;13: Climate Action","First Environment of California, Inc.","N/A","43708","View","",
"ACR1061","N/A","Pocosin Restoration Group LLC","Pocosin Ecological Reserve I","Wetland Restoration","Restoration of Pocosin Wetlands","03/15/2025","03/15/2025","03/15/2045","Listed","Not ARB or Ecology Eligible","07/16/2024","1557 Gall Rd. Belhaven, NC 27810","NORTH CAROLINA","US","03: Good Health and Well-Being;06: Clean Water and Sanitation;09: Industry, Innovation and Infrastructure;13: Climate Action;15: Life on Land","","","","View","",
"ACR430","N/A","The Nature Conservancy","Pocosin Lakes National Wildlife Refuge Clayton Blocks Pocosin Restoration","Wetland Restoration","Restoration of Pocosin Wetlands","07/11/2016","07/11/2016","07/10/2056","Listed","Not ARB or Ecology Eligible","09/07/2018","Pocosin Lakes National Wildlife Refuge","NORTH CAROLINA","US","03: Good Health and Well-Being;06: Clean Water and Sanitation;13: Climate Action;15: Life on Land","Aster Global Environmental Solutions","","","View","",
"ACR222","N/A","Ducks Unlimited, Inc.","Prairie Pothole Avoided Conversion of Grasslands and Shrublands","Agricultural Land Management","Avoided Conversion of Grasslands and Shrublands to Crop Production","01/01/2010","01/01/2010","12/31/2049","Registered","Not ARB or Ecology Eligible","07/31/2014","Missouri Coteau","NORTH DAKOTA","US","03: Good Health and Well-Being;06: Clean Water and Sanitation;13: Climate Action;15: Life on Land","SCS Global Services (Scientific Certification Systems)","TÜV SÜD America, Inc.","217024","View","",
"ACR539","N/A","420","Puget Sound Energy Baker-White River Forest Carbon Project","Forest Carbon","Improved Forest Management (IFM) on Non-Federal U.S. Forestlands","02/26/2020","02/26/2020","02/25/2040","Registered","Not ARB or Ecology Eligible","03/17/2020","Baker complex is in the vicinity of Concrete, WA and the White River complex is about 25 miles east of Puyallup, WA.","WASHINGTON","US","03: Good Health and Well-Being;06: Clean Water and Sanitation;13: Climate Action;15: Life on Land","SCS Global Services (Scientific Certification Systems)","SCS Global Services (Scientific Certification Systems)","334269","View","",
"ACR1055","N/A","EFM Investments & Advisory, Inc.","Quillayute IFM Project","Forest Carbon","Improved Forest Management (IFM) on Non-Federal U.S. Forestlands","06/01/2022","06/01/2022","05/31/2042","Listed","Not ARB or Ecology Eligible","10/01/2024","Clallam County","WASHINGTON","US","03: Good Health and Well-Being;06: Clean Water and Sanitation;13: Climate Action;15: Life on Land","SCS Global Services (Scientific Certification Systems)","","","View","",
"ACR1177","ECYFR1177","Quinault Indian Nation","Quinault Forest Carbon Project","Forest Carbon","ECY Compliance Offset Protocol: U.S. Forest Projects","05/19/2025","05/19/2025","05/18/2050","N/A","Listed - Proposed Project","05/29/2025","Quinault Indian Reservation","WASHINGTON","US","06: Clean Water and Sanitation;13: Climate Action;15: Life on Land","TÜV SÜD America, Inc.","","","View","",
"ACR885","N/A","Weyerhaeuser NR Company","Razorback IFM Project","Forest Carbon","Improved Forest Management (IFM) on Non-Federal U.S. Forestlands","02/01/2023","02/01/2023","01/31/2043","Registered","Not ARB or Ecology Eligible","07/22/2025","Southeast Arkansas","ARKANSAS","US","03: Good Health and Well-Being;06: Clean Water and Sanitation;09: Industry, Innovation and Infrastructure;13: Climate Action;15: Life on Land","S&A Carbon, LLC","S&A Carbon, LLC","433300","View","",
"ACR382","N/A","Environmental Management of KC, LLC","Re-Refining of Used Transformer Oil","Industrial Process Emissions","Reduction in Emissions from the Recycling of Transformer Oil","08/12/2013","08/12/2020","08/11/2027","Registered","Not ARB or Ecology Eligible","06/08/2017","Kansas City, KS","KANSAS","US","09: Industry, Innovation and Infrastructure;13: Climate Action","TÜV SÜD America, Inc.","First Environment, Inc.","259977","View","http://www.emiofkc.com/",
"ACR928","N/A","ClimeCo LLC","Reclamation Technologies: HFC Reclamation Project 1","Industrial Process Emissions","Certified Reclaimed HFC Refrigerants, Propellants, and Fire Suppressants","07/12/2022","07/12/2022","07/11/2037","Completed","Not ARB or Ecology Eligible","07/02/2024","10005 Flanders Ct. NE, Blaine, MN 55449","MINNESOTA; FLORIDA","US","03: Good Health and Well-Being;09: Industry, Innovation and Infrastructure;12: Responsible Consumption and Production;13: Climate Action","SCS Global Services (Scientific Certification Systems)","SCS Global Services (Scientific Certification Systems)","1974","View","https://www.reclamationtech.com/",
"ACR702","N/A","Anew Carbon Development, LLC","Refrigerant Management Canada Ozone Depleting Substance Destruction Project","Ozone Depleting Substances","Destruction of Ozone Depleting Substances (ODS) from International Sources","06/05/2020","06/05/2020","06/04/2030","Completed","Not ARB or Ecology Eligible","02/16/2023","Mississauga, ON","ONTARIO","CA","03: Good Health and Well-Being;06: Clean Water and Sanitation;09: Industry, Innovation and Infrastructure;12: Responsible Consumption and Production;13: Climate Action;14: Life Below Water;15: Life on Land","TÜV SÜD America, Inc.","TÜV SÜD America, Inc.","30331","View","",
"ACR772","N/A","Anew Carbon Development, LLC","Refrigerant Management Canada Ozone Depleting Substance Destruction Project - 2019","Ozone Depleting Substances","Destruction of Ozone Depleting Substances (ODS) and High-Global Warming Potential (GWP) Foam","04/25/2019","04/25/2019","05/05/2020","Completed","Not ARB or Ecology Eligible","02/02/2024","Mississauga, ON","ONTARIO","CA","03: Good Health and Well-Being;06: Clean Water and Sanitation;09: Industry, Innovation and Infrastructure;12: Responsible Consumption and Production;13: Climate Action;14: Life Below Water;15: Life on Land","TÜV SÜD America, Inc.","TÜV SÜD America, Inc.","110016","View","",
"ACR1097","N/A","Anew Environmental, LLC","Refrigerants Inc HFC Reclaim 2023","Industrial Process Emissions","Certified Reclaimed HFC Refrigerants, Propellants, and Fire Suppressants","01/18/2023","01/18/2023","01/17/2038","Completed","Not ARB or Ecology Eligible","03/04/2025","2575 W Barberry Pl, Denver, CO 80204","COLORADO","US","03: Good Health and Well-Being;09: Industry, Innovation and Infrastructure;12: Responsible Consumption and Production;13: Climate Action","First Environment, Inc.","First Environment, Inc.","38162","View","https://www.refrigerantsinc.com/",
"ACR1209","N/A","Anew Environmental, LLC","Refrigerants Inc HFC Reclaim 2024","Industrial Process Emissions","Certified Reclaimed HFC Refrigerants, Propellants, and Fire Suppressants","01/01/2024","01/01/2024","12/31/2038","Listed","Not ARB or Ecology Eligible","10/20/2025","2575 W Barberry Pl, Denver, CO 80204","COLORADO","US","03: Good Health and Well-Being;09: Industry, Innovation and Infrastructure;12: Responsible Consumption and Production;13: Climate Action","First Environment, Inc.","","","View","https://www.refrigerantsinc.com/",
"ACR1242","N/A","Anew Environmental, LLC","Refrigerants Inc HFC Reclaim 2025","Industrial Process Emissions","Certified Reclaimed HFC Refrigerants, Propellants, and Fire Suppressants","01/01/2025","01/01/2025","12/31/2039","Listed","Not ARB or Ecology Eligible","04/06/2026","2575 W Barberry Pl, Denver, CO 80204","COLORADO","US","09: Industry, Innovation and Infrastructure;12: Responsible Consumption and Production;13: Climate Action","","","","View","https://www.refrigerantsinc.com/",
"ACR808","CAMM5808","Keyrock Environment LLC","Rend Lake Abandoned Mine Methane Recovery Project","Coal Mine Methane","ARB Compliance Offset Protocol: Mine Methane Capture Projects","03/25/2022","03/25/2022","11/30/2032","N/A","Transferred ARB or Ecology Project","09/12/2025","Bonnie","ILLINOIS","US","09: Industry, Innovation and Infrastructure;13: Climate Action","Dillon Consulting Limited","N/A","152429","View","",
"ACR261","N/A","US Magnesium, LLC","Replacement of SF6 as a Cover Gas at US Magnesium","Industrial Process Emissions","AM0065: Replacement of SF6 with Alternate Cover Gas in the Magnesium Industry","03/18/2013","03/18/2013","03/17/2023","Completed","Not ARB or Ecology Eligible","10/12/2022","60 miles west of Salt Lake City, UT","UTAH","US","09: Industry, Innovation and Infrastructure;13: Climate Action","SCS Global Services (Scientific Certification Systems)","SCS Global Services (Scientific Certification Systems)","152040","View","",
"ACR410","N/A","California Department of Water Resources","Restoring Wetlands on California Department of Water Resources-Owned Areas of Twitchell and Sherman Islands","Wetland Restoration","Restoration of California Deltaic and Coastal Wetlands","06/01/2010","06/01/2010","05/31/2050","Registered","Not ARB or Ecology Eligible","06/10/2019","Western Sacramento San-Joaquin Detla","CALIFORNIA","US","03: Good Health and Well-Being;06: Clean Water and Sanitation;13: Climate Action;15: Life on Land","SCS Global Services (Scientific Certification Systems)","SCS Global Services (Scientific Certification Systems)","59552","View","",
"ACR777","N/A","Anew Environmental, LLC","RHI HFC Reclaim 2021","Industrial Process Emissions","Certified Reclaimed HFC Refrigerants, Propellants, and Fire Suppressants","01/19/2021","01/19/2021","01/18/2036","Completed","Not ARB or Ecology Eligible","11/13/2023","5016 Calmview Avenue Baldwin Park, CA 91706","CALIFORNIA","US","03: Good Health and Well-Being;09: Industry, Innovation and Infrastructure;12: Responsible Consumption and Production;13: Climate Action","First Environment, Inc.","First Environment, Inc.","51793","View","",
"ACR1048","N/A","Anew Environmental, LLC","RHI HFC Reclaim 2022","Industrial Process Emissions","Certified Reclaimed HFC Refrigerants, Propellants, and Fire Suppressants","01/03/2022","01/03/2022","01/02/2037","Completed","Not ARB or Ecology Eligible","01/21/2025","5016 Calmview Avenue Baldwin Park, CA 91706","CALIFORNIA","US","03: Good Health and Well-Being;09: Industry, Innovation and Infrastructure;12: Responsible Consumption and Production;13: Climate Action","First Environment, Inc.","First Environment, Inc.","59991","View","",
"ACR1164","N/A","Anew Environmental, LLC","RHI HFC Reclaim 2023","Industrial Process Emissions","Certified Reclaimed HFC Refrigerants, Propellants, and Fire Suppressants","01/03/2023","01/03/2023","01/02/2038","Completed","Not ARB or Ecology Eligible","12/20/2025","5016 Calmview Avenue Baldwin Park, CA 91706","CALIFORNIA","US","09: Industry, Innovation and Infrastructure;12: Responsible Consumption and Production;13: Climate Action","First Environment, Inc.","First Environment, Inc.","35871","View","https://www.refrigeranthandling.com/about-us/",
"ACR1165","N/A","Anew Environmental, LLC","RHI HFC Reclaim 2024","Industrial Process Emissions","Certified Reclaimed HFC Refrigerants, Propellants, and Fire Suppressants","01/03/2024","01/03/2024","01/02/2039","Completed","Not ARB or Ecology Eligible","12/20/2025","5016 Calmview Avenue Baldwin Park, CA 91706","CALIFORNIA","US","09: Industry, Innovation and Infrastructure;12: Responsible Consumption and Production;13: Climate Action","First Environment, Inc.","First Environment, Inc.","161985","View","https://www.refrigeranthandling.com/about-us/",
"ACR1241","N/A","Anew Environmental, LLC","RHI HFC Reclaim 2025","Industrial Process Emissions","Certified Reclaimed HFC Refrigerants, Propellants, and Fire Suppressants","01/01/2025","01/01/2025","12/31/2039","Listed","Not ARB or Ecology Eligible","04/06/2026","5016 Calmview Avenue Baldwin Park, CA 91706","CALIFORNIA","US","09: Industry, Innovation and Infrastructure;12: Responsible Consumption and Production;13: Climate Action","","","","View","https://www.refrigeranthandling.com/about-us/",
"ACR1094","CAMM1094","Rocklick Environment LLC","RMMC1","Coal Mine Methane","ARB Compliance Offset Protocol: Mine Methane Capture Projects","12/15/2023","12/15/2023","01/31/2034","N/A","Listed - Active ARB Project","01/31/2025","Wind Ridge, PA","PENNSYLVANIA; WEST VIRGINIA","US","09: Industry, Innovation and Infrastructure;13: Climate Action","First Environment of California, Inc.","N/A","65523","View","",
"ACR1178","CAMM1178","Rocklick Environment LLC","RMMC2","Coal Mine Methane","ARB Compliance Offset Protocol: Mine Methane Capture Projects","10/08/2024","10/08/2024","07/31/2034","N/A","Listed - Active Registry Project","07/18/2025","Sycamore, PA","PENNSYLVANIA","US","09: Industry, Innovation and Infrastructure;13: Climate Action","SES, Inc.","N/A","77915","View","",
"ACR122","N/A","Biogas Energy Solutions","Romeoville LFG to Energy","Landfill Gas Capture & Combustion","Monitoring, Reporting and Verification Protocol for Landfill Gas Combustion","01/01/1998","01/01/1998","07/01/2007","Completed","Not ARB or Ecology Eligible","05/01/2012","Romeoville","ILLINOIS","US","","ERT","","52496","View","",
"ACR895","N/A","Loci Controls, Inc.","Roosevelt Regional Landfill, Roosevelt, WA: GHG Emissions Reduction Automated Collection of Landfill Gas","Landfill Gas Capture & Combustion","Landfill Gas Destruction and Beneficial Use Projects","01/01/2022","01/01/2022","12/31/2031","Registered","Not ARB or Ecology Eligible","06/28/2024","Roosevelt, WA","WASHINGTON","US","03: Good Health and Well-Being;07: Affordable and Clean Energy;09: Industry, Innovation and Infrastructure;11: Sustainable Cities and Communities;12: Responsible Consumption and Production;13: Climate Action","TÜV SÜD America, Inc.","TÜV SÜD America, Inc.","168972","View","",
"ACR283","CALS5223","Camco Offsets I, LLC","Rosendale Anaerobic Digester","Livestock Waste Management","ARB Compliance Offset Protocol: Capturing and Destroying Methane from Manure Management Systems","09/16/2014","09/16/2014","09/15/2024","N/A","Transferred ARB or Ecology Project","09/15/2025","Pickett","WISCONSIN","US","02: Zero Hunger;09: Industry, Innovation and Infrastructure;13: Climate Action","","N/A","94701","View","",
"ACR878","N/A","Weyerhaeuser NR Company","Rosetta IFM Project","Forest Carbon","Improved Forest Management (IFM) on Non-Federal U.S. Forestlands","01/01/2023","01/01/2023","12/31/2042","Registered","Not ARB or Ecology Eligible","11/07/2024","Southwest Mississippi","MISSISSIPPI","US","03: Good Health and Well-Being;06: Clean Water and Sanitation;09: Industry, Innovation and Infrastructure;13: Climate Action;15: Life on Land","S&A Carbon, LLC","S&A Carbon, LLC","201719","View","",
"ACR173","CAFR5028","Round Valley Indian Tribes","Round Valley Indian Tribes Improved Forest Management Project","Forest Carbon","ARB Compliance Offset Protocol: U.S. Forest Projects","07/29/2012","07/29/2012","07/28/2037","N/A","Listed - Active ARB Project","11/14/2013","Mendocino County","CALIFORNIA","US","06: Clean Water and Sanitation;13: Climate Action;15: Life on Land","S&A Carbon, LLC","N/A","604389","View","",
"ACR196","CAOD5027","RapRec Refrigerants, Inc.","RR ACR 2013","Ozone Depleting Substances","ARB Compliance Offset Protocol: Destruction of U.S. Ozone Depleting Substances Banks","12/19/2012","12/19/2012","12/18/2022","N/A","ARB Completed","01/27/2020","Bowling Green","OHIO","US","09: Industry, Innovation and Infrastructure;12: Responsible Consumption and Production;13: Climate Action","First Environment of California, Inc.","N/A","56124","View","www.raprec.com",
"ACR208","CAOD5056","RapRec Refrigerants, Inc.","RR ACR 2014","Ozone Depleting Substances","ARB Compliance Offset Protocol: Destruction of U.S. Ozone Depleting Substances Banks","01/02/2014","01/02/2014","01/01/2024","N/A","ARB Completed","01/27/2020","Bowling Green","OHIO","US","09: Industry, Innovation and Infrastructure;12: Responsible Consumption and Production;13: Climate Action","First Environment of California, Inc.","N/A","315794","View","www.raprec.com",
"ACR227","CAOD5102","RapRec Refrigerants, Inc.","RR ACR 2014 756","Ozone Depleting Substances","ARB Compliance Offset Protocol: Destruction of U.S. Ozone Depleting Substances Banks","02/04/2014","02/04/2014","02/03/2024","N/A","ARB Inactive","01/19/2022","Bowling Green","OHIO","US","09: Industry, Innovation and Infrastructure;12: Responsible Consumption and Production;13: Climate Action","","N/A","","View","www.raprec.com",
"ACR228","CAOD5103","RapRec Refrigerants, Inc.","RR ACR 2014 758","Ozone Depleting Substances","ARB Compliance Offset Protocol: Destruction of U.S. Ozone Depleting Substances Banks","03/03/2014","03/03/2014","03/02/2024","N/A","ARB Inactive","01/19/2022","Bowling Green","OHIO","US","09: Industry, Innovation and Infrastructure;12: Responsible Consumption and Production;13: Climate Action","","N/A","","View","www.raprec.com",
"ACR229","CAOD5104","RapRec Refrigerants, Inc.","RR ACR 2014 768","Ozone Depleting Substances","ARB Compliance Offset Protocol: Destruction of U.S. Ozone Depleting Substances Banks","05/06/2014","05/06/2014","05/05/2024","N/A","ARB Inactive","01/19/2022","Bowling Green","OHIO","US","09: Industry, Innovation and Infrastructure;12: Responsible Consumption and Production;13: Climate Action","","N/A","","View","www.raprec.com",
"ACR1053","ECYFR1053","Opal Mountain LLC","Rudio Mountain Forest Carbon Project","Forest Carbon","ECY Compliance Offset Protocol: U.S. Forest Projects","12/07/2023","12/07/2023","12/06/2049","N/A","Listed - Active Ecology Project","07/03/2024","Dayville","OREGON","US","06: Clean Water and Sanitation;13: Climate Action;15: Life on Land","TÜV SÜD America, Inc.","","481052","View","",
"ACR123","N/A","Anadarko","Salt Creek Geo-Seq","Carbon Capture & Storage (CCS)","Emission Reductions from Enhanced Oil Recovery","01/01/2004","01/01/2004","12/31/2008","Completed","Not ARB or Ecology Eligible","05/01/2012","Salt Creek Field, Natrona Co.","WYOMING","US","","ICF International","","7675073","View","",
"ACR224","N/A","Auren Comercializadora de Energia LTDA.","SANTOS ENERGIA WIND POWER COMPLEX: SANTO ANTÔNIO DE PÁDUA, SÃO CRISTÓVÃO AND SÃO JORGE","Renewable Energy","ACM0002: Consolidated baseline methodology for grid-connected electricity generation from renewable sources","11/11/2014","11/11/2014","11/10/2021","Completed","Not ARB or Ecology Eligible","09/15/2023","Trairí","Ceará","BR","07: Affordable and Clean Energy;11: Sustainable Cities and Communities;13: Climate Action","TÜV SÜD America, Inc.","TÜV SÜD America, Inc.","468053","View","https://www.aesbrasil.com.br",
"ACR124","N/A","Anew Carbon Development, LLC","Schneider Anti-Idling","Transport / Fleet Efficiency","Emissions Reductions through Anti-Idling Technologies","01/01/2006","01/01/2006","12/31/2011","Completed","Not ARB or Ecology Eligible","05/01/2012","","WISCONSIN","US","","TÜV SÜD America, Inc.","","42916","View","",
"ACR732","N/A","EFM Investments & Advisory, Inc.","Scott River Shackleford IFM Project","Forest Carbon","Improved Forest Management (IFM) on Non-Federal U.S. Forestlands","06/07/2021","06/07/2021","06/06/2041","Registered","Not ARB or Ecology Eligible","04/06/2023","Etna","CALIFORNIA","US","03: Good Health and Well-Being;06: Clean Water and Sanitation;13: Climate Action;15: Life on Land","S&A Carbon, LLC","S&A Carbon, LLC","123651","View","www.efmi.com",
"ACR733","N/A","EFM Investments & Advisory, Inc.","Scott River Whiskey IFM Project","Forest Carbon","Improved Forest Management (IFM) on Non-Federal U.S. Forestlands","06/07/2021","06/07/2021","06/06/2041","Registered","Not ARB or Ecology Eligible","05/02/2023","Etna","CALIFORNIA","US","03: Good Health and Well-Being;06: Clean Water and Sanitation;13: Climate Action;15: Life on Land","S&A Carbon, LLC","S&A Carbon, LLC","229288","View","www.efmi.com",
"ACR734","N/A","EFM Investments & Advisory, Inc.","Scott River Wildcat IFM Project","Forest Carbon","Improved Forest Management (IFM) on Non-Federal U.S. Forestlands","06/07/2021","06/07/2021","06/06/2041","Registered","Not ARB or Ecology Eligible","05/19/2023","Etna","CALIFORNIA","US","03: Good Health and Well-Being;06: Clean Water and Sanitation;13: Climate Action;15: Life on Land","S&A Carbon, LLC","S&A Carbon, LLC","97490","View","www.efmi.com",
"ACR125","N/A","E+Co","SEESA Solar Electrification","Renewable Energy","Electricity generation by the user","01/01/2004","01/01/2004","12/31/2010","Completed","Not ARB or Ecology Eligible","05/01/2012","El Salvador","","SV","","ERT","","169","View","",
"ACR126","N/A","Seneca Meadows","Seneca Meadows LFG","Landfill Gas Capture & Combustion","Offset Project Methodology for Landfill Methane Collection and Combustion","04/01/2010","04/01/2010","03/31/2013","Completed","Not ARB or Ecology Eligible","08/29/2022","Waterloo","NEW YORK","US","09: Industry, Innovation and Infrastructure;11: Sustainable Cities and Communities;13: Climate Action","First Environment, Inc.","","2470626","View","",
"ACR816","N/A","W. M. Beaty & Associates, Inc.","Sheep and Dixie Fire Project","Forest Carbon","Afforestation and Reforestation of Degraded Lands","03/01/2021","03/01/2021","02/28/2061","Listed","Not ARB or Ecology Eligible","11/16/2022","Lassen and Plumas Counties, California","CALIFORNIA","US","03: Good Health and Well-Being;06: Clean Water and Sanitation;13: Climate Action;15: Life on Land","","","","View","",
"ACR807","CAMM5807","Keyrock Energy LLC","Shoal Creek Mine Methane Incineration Project","Coal Mine Methane","ARB Compliance Offset Protocol: Mine Methane Capture Projects","11/23/2021","11/23/2021","03/31/2032","N/A","Transferred ARB or Ecology Project","12/31/2024","Northport","ALABAMA","US","09: Industry, Innovation and Infrastructure;13: Climate Action","Dillon Consulting Limited","N/A","120166","View","",
"ACR964","N/A","Weyerhaeuser NR Company","Shumaker IFM Project","Forest Carbon","Improved Forest Management (IFM) on Non-Federal U.S. Forestlands","01/01/2024","01/01/2024","12/31/2043","Listed","Not ARB or Ecology Eligible","01/23/2024","Southeast Arkansas","ARKANSAS","US","03: Good Health and Well-Being;06: Clean Water and Sanitation;13: Climate Action;15: Life on Land","S&A Carbon, LLC","","","View","",
"ACR1052","N/A","Pingree Associates, Inc.","Silva Fortis","Forest Carbon","Improved Forest Management (IFM) on Non-Federal U.S. Forestlands","07/14/2022","07/14/2022","07/13/2042","Listed","Not ARB or Ecology Eligible","06/25/2024","Aroostook, Franklin, Oxford, Piscataquis, and Somerset Counties","MAINE","US","03: Good Health and Well-Being;06: Clean Water and Sanitation;13: Climate Action;15: Life on Land","TÜV SÜD America, Inc.","","","View","",
"ACR1058","N/A","1260","Silver Butte Family Forest Carbon Project","Forest Carbon","Improved Forest Management (IFM) on Non-Federal U.S. Forestlands","05/01/2024","05/01/2024","04/30/2044","Listed","Not ARB or Ecology Eligible","07/24/2024","Riddle, OR","OREGON","US","03: Good Health and Well-Being;06: Clean Water and Sanitation;13: Climate Action;15: Life on Land","","","","View","",
"ACR1208","N/A","Manulife Investment Management Timberland and Agriculture Inc","Siscowet IFM Carbon offset Project, Manulife IM","Forest Carbon","Improved Forest Management (IFM) on Non-Federal U.S. Forestlands","10/24/2024","10/24/2024","10/23/2044","Listed","Not ARB or Ecology Eligible","09/25/2025","Marquette, Michigan","MICHIGAN","US","03: Good Health and Well-Being;06: Clean Water and Sanitation;13: Climate Action;15: Life on Land","","","","View","https://www.manulifeim.com/timberland-agriculture/global/en/carbon-credit",
"ACR1157","N/A","Loci Controls, Inc.","Sonoma County Central Disposal Site, Petaluma, CA: GHG Emission Reduction Automation Collection of Landfill Gas","Landfill Gas Capture & Combustion","Landfill Gas Destruction and Beneficial Use Projects","12/01/2023","12/01/2023","11/30/2033","Listed","Not ARB or Ecology Eligible","06/11/2025","Petaluma, CA","CALIFORNIA","US","03: Good Health and Well-Being;07: Affordable and Clean Energy;09: Industry, Innovation and Infrastructure;11: Sustainable Cities and Communities;12: Responsible Consumption and Production;13: Climate Action","TÜV SÜD America, Inc.","TÜV SÜD America, Inc.","","View","",
"ACR1054","N/A","EFM Investments & Advisory, Inc.","Sooes Dickey IFM Project","Forest Carbon","Improved Forest Management (IFM) on Non-Federal U.S. Forestlands","01/01/2023","01/01/2023","12/31/2042","Registered","Not ARB or Ecology Eligible","10/17/2025","Clallam County","WASHINGTON","US","03: Good Health and Well-Being;06: Clean Water and Sanitation;13: Climate Action;15: Life on Land","S&A Carbon, LLC","S&A Carbon, LLC","187061","View","",
"ACR730","N/A","Loci Controls, Inc.","South Wake Landfill, Apex, Wake County NC: GHG Emissions Reduction Automated Collection of Landfill Gas","Landfill Gas Capture & Combustion","Landfill Gas Destruction and Beneficial Use Projects","01/01/2022","01/01/2022","12/31/2031","Registered","Not ARB or Ecology Eligible","06/21/2023","Apex, NC","NORTH CAROLINA","US","03: Good Health and Well-Being;07: Affordable and Clean Energy;09: Industry, Innovation and Infrastructure;11: Sustainable Cities and Communities;12: Responsible Consumption and Production;13: Climate Action","TÜV SÜD America, Inc.","TÜV SÜD America, Inc.","22161","View","",
"ACR1084","N/A","Sparq Renewables, LLC","Sparq Renewables Okmulgee Orphaned Well Restoration","Industrial Process Emissions","Plugging Orphan Oil and Gas Wells in the U.S. and Canada","01/10/2025","01/10/2025","01/09/2045","Listed","Not ARB or Ecology Eligible","08/30/2024","Okmulgee County","OKLAHOMA","US","03: Good Health and Well-Being;09: Industry, Innovation and Infrastructure;12: Responsible Consumption and Production;13: Climate Action","SES, Inc.","","","View","http://sparqrenew.com/",
"ACR1153","N/A","Zefiro Methane Corp.","Spindletop","Industrial Process Emissions","Plugging Orphan Oil and Gas Wells in the U.S. and Canada","07/14/2025","07/14/2025","08/31/2045","Listed","Not ARB or Ecology Eligible","04/16/2025","Custer County, OK","OKLAHOMA","US","03: Good Health and Well-Being;08: Decent Work and Economic Growth;09: Industry, Innovation and Infrastructure;12: Responsible Consumption and Production;13: Climate Action","","","","View","",
"ACR1029","N/A","SPP Montana, LLC","SPP Lost Trail IFM","Forest Carbon","Improved Forest Management (IFM) on Non-Federal U.S. Forestlands","02/10/2023","02/10/2023","02/09/2043","Registered","Not ARB or Ecology Eligible","01/08/2026","Flathead County","MONTANA","US","03: Good Health and Well-Being;06: Clean Water and Sanitation;13: Climate Action;15: Life on Land","TÜV SÜD America, Inc.","TÜV SÜD America, Inc.","57589","View","",
"ACR591","N/A","Brian R. Anderson, Inc. DBA 1st Climate Solutions","Spray Foam Alpha","Industrial Process Emissions","Transition to Advanced Formulation Blowing Agents in Foam Manufacturing and Use","01/01/2019","01/01/2019","12/31/2068","Completed","Not ARB or Ecology Eligible","07/26/2022","Mesa","ARIZONA","US","03: Good Health and Well-Being;06: Clean Water and Sanitation;09: Industry, Innovation and Infrastructure;12: Responsible Consumption and Production;13: Climate Action","First Environment, Inc.","First Environment, Inc.","200854","View","",
"ACR620","N/A","Brian R. Anderson, Inc. DBA 1st Climate Solutions","Spray Foam Alpha 2","Industrial Process Emissions","Transition to Advanced Formulation Blowing Agents in Foam Manufacturing and Use","01/01/2020","01/01/2020","12/31/2069","Completed","Not ARB or Ecology Eligible","07/26/2022","Mesa, AZ","ARIZONA","US","03: Good Health and Well-Being;06: Clean Water and Sanitation;09: Industry, Innovation and Infrastructure;12: Responsible Consumption and Production;13: Climate Action","First Environment, Inc.","First Environment, Inc.","306412","View","",
"ACR768","N/A","Brian R. Anderson, Inc. DBA 1st Climate Solutions","Spray Foam Alpha 3","Industrial Process Emissions","Transition to Advanced Formulation Blowing Agents in Foam Manufacturing and Use","01/01/2021","01/01/2021","12/31/2070","Completed","Not ARB or Ecology Eligible","12/27/2022","Mesa","ARIZONA","US","03: Good Health and Well-Being;06: Clean Water and Sanitation;09: Industry, Innovation and Infrastructure;12: Responsible Consumption and Production;13: Climate Action","First Environment, Inc.","First Environment, Inc.","212324","View","",
"ACR835","N/A","Brian R. Anderson, Inc. DBA 1st Climate Solutions","Spray Foam Alpha 4","Industrial Process Emissions","Transition to Advanced Formulation Blowing Agents in Foam Manufacturing and Use","01/01/2022","01/01/2022","12/31/2071","Completed","Not ARB or Ecology Eligible","08/29/2023","Mesa","ARIZONA","US","06: Clean Water and Sanitation;09: Industry, Innovation and Infrastructure;12: Responsible Consumption and Production;13: Climate Action","First Environment, Inc.","First Environment, Inc.","239150","View","https://swdurethane.com/",
"ACR568","N/A","Brian R. Anderson, Inc. DBA 1st Climate Solutions","Spray Foam Omega 2","Industrial Process Emissions","Transition to Advanced Formulation Blowing Agents in Foam Manufacturing and Use","01/01/2019","01/01/2019","12/31/2068","Completed","Not ARB or Ecology Eligible","07/26/2022","Arlington, Texas and Boisbriand, Quebec","TEXAS","US","03: Good Health and Well-Being;06: Clean Water and Sanitation;09: Industry, Innovation and Infrastructure;12: Responsible Consumption and Production;13: Climate Action","First Environment, Inc.","First Environment, Inc.","730969","View","",
"ACR976","N/A","Brian R. Anderson, Inc. DBA 1st Climate Solutions","Spray Foam Omega 2023","Industrial Process Emissions","Transition to Advanced Formulation Blowing Agents in Foam Manufacturing and Use","01/01/2023","01/01/2023","12/31/2072","Completed","Not ARB or Ecology Eligible","10/18/2024","Arlington","TEXAS","US","03: Good Health and Well-Being;06: Clean Water and Sanitation;09: Industry, Innovation and Infrastructure;12: Responsible Consumption and Production;13: Climate Action","First Environment, Inc.","First Environment, Inc.","1304139","View","www.1stclimatesolutions.com",
"ACR977","N/A","Brian R. Anderson, Inc. DBA 1st Climate Solutions","Spray Foam Omega 2023C","Industrial Process Emissions","Transition to Advanced Formulation Blowing Agents in Foam Manufacturing and Use","01/01/2023","01/01/2023","12/31/2072","Completed","Not ARB or Ecology Eligible","10/18/2024","870 Boulevard du Cure-Boivin Boisbriand QC J7G 2A7 Canada","QUEBEC","CA","03: Good Health and Well-Being;06: Clean Water and Sanitation;09: Industry, Innovation and Infrastructure;12: Responsible Consumption and Production;13: Climate Action","First Environment, Inc.","First Environment, Inc.","131409","View","www.1stclimatesolutions.com",
"ACR621","N/A","Brian R. Anderson, Inc. DBA 1st Climate Solutions","Spray Foam Omega 3","Industrial Process Emissions","Transition to Advanced Formulation Blowing Agents in Foam Manufacturing and Use","01/01/2020","01/01/2020","12/31/2069","Completed","Not ARB or Ecology Eligible","07/26/2022","Arlington","TEXAS","US","03: Good Health and Well-Being;06: Clean Water and Sanitation;09: Industry, Innovation and Infrastructure;12: Responsible Consumption and Production;13: Climate Action","First Environment, Inc.","First Environment, Inc.","1610884","View","",
"ACR767","N/A","Brian R. Anderson, Inc. DBA 1st Climate Solutions","Spray Foam Omega 4","Industrial Process Emissions","Transition to Advanced Formulation Blowing Agents in Foam Manufacturing and Use","01/01/2021","01/01/2021","12/31/2070","Completed","Not ARB or Ecology Eligible","05/31/2023","3315 E. Division St., Arlington","TEXAS","US","03: Good Health and Well-Being;06: Clean Water and Sanitation;09: Industry, Innovation and Infrastructure;12: Responsible Consumption and Production;13: Climate Action","First Environment, Inc.","First Environment, Inc.","804831","View","https://huntsmanbuildingsolutions.com/en-US/",
"ACR886","N/A","Brian R. Anderson, Inc. DBA 1st Climate Solutions","Spray Foam Omega 4C","Industrial Process Emissions","Transition to Advanced Formulation Blowing Agents in Foam Manufacturing and Use","01/01/2021","01/01/2021","12/31/2070","Completed","Not ARB or Ecology Eligible","05/31/2023","870 Boulevard du Cure-Boisbriand QC J7G 2A7 Canada","QUEBEC","CA","03: Good Health and Well-Being;06: Clean Water and Sanitation;09: Industry, Innovation and Infrastructure;12: Responsible Consumption and Production;13: Climate Action","First Environment, Inc.","First Environment, Inc.","189460","View","www.1stclimatesolutions.com",
"ACR836","N/A","Brian R. Anderson, Inc. DBA 1st Climate Solutions","Spray Foam Omega 5","Industrial Process Emissions","Transition to Advanced Formulation Blowing Agents in Foam Manufacturing and Use","01/01/2022","01/01/2022","12/31/2071","Completed","Not ARB or Ecology Eligible","12/01/2023","Arlington","TEXAS","US","03: Good Health and Well-Being;06: Clean Water and Sanitation;09: Industry, Innovation and Infrastructure;12: Responsible Consumption and Production;13: Climate Action","First Environment, Inc.","First Environment, Inc.","675572","View","",
"ACR887","N/A","Brian R. Anderson, Inc. DBA 1st Climate Solutions","Spray Foam Omega 5C","Industrial Process Emissions","Transition to Advanced Formulation Blowing Agents in Foam Manufacturing and Use","01/01/2022","01/01/2022","12/31/2071","Completed","Not ARB or Ecology Eligible","12/01/2023","870 Boulevard du Cure-Boisbriand QC J7G 2A7 Canada","QUEBEC","CA","03: Good Health and Well-Being;06: Clean Water and Sanitation;09: Industry, Innovation and Infrastructure;12: Responsible Consumption and Production;13: Climate Action","First Environment, Inc.","First Environment, Inc.","154417","View","www.1stclimatesolutions.com",
"ACR581","N/A","The Nature Conservancy","Staten Island CA","Wetland Restoration","Restoration of California Deltaic and Coastal Wetlands","04/27/2019","04/27/2019","04/26/2059","Listed","Not ARB or Ecology Eligible","03/07/2022","San Joaquin County CA","CALIFORNIA","US","03: Good Health and Well-Being;06: Clean Water and Sanitation;13: Climate Action;15: Life on Land","SCS Global Services (Scientific Certification Systems)","","","View","",
"ACR323","CALS5323","3Degrees Group, Inc.","Statz B Farm Anaerobic Digester","Livestock Waste Management","ARB Compliance Offset Protocol: Capturing and Destroying Methane from Manure Management Systems","03/01/2016","03/01/2016","06/30/2026","N/A","ARB Terminated","01/09/2025","5707 County Road Vv","WISCONSIN","US","02: Zero Hunger;09: Industry, Innovation and Infrastructure;13: Climate Action","","N/A","35235","View","",
"ACR322","CALS5322","3Degrees Group, Inc.","Statz Bros. Home Farm Anaerobic Digester","Livestock Waste Management","ARB Compliance Offset Protocol: Capturing and Destroying Methane from Manure Management Systems","06/14/2016","06/14/2016","06/30/2026","N/A","ARB Terminated","01/09/2025","Sun Prairie","WISCONSIN","US","02: Zero Hunger;09: Industry, Innovation and Infrastructure;13: Climate Action","","N/A","20122","View","",
"ACR411","N/A","Steuben County DPW, Solid Waste Division","Steuben County Bath Landfill GHG Offset Project","Landfill Gas Capture & Combustion","Landfill Gas Destruction and Beneficial Use Projects","06/01/2018","06/01/2018","05/31/2028","Registered","Not ARB or Ecology Eligible","04/10/2018","The project is located in a rural area on 5642 Turnpike Road in the Town of Bath, New York in Steuben County.","NEW YORK","US","03: Good Health and Well-Being;09: Industry, Innovation and Infrastructure;11: Sustainable Cities and Communities;12: Responsible Consumption and Production;13: Climate Action","TÜV SÜD America, Inc.","First Environment, Inc.","348869","View","https://www.steubencountyny.gov/",
"ACR127","N/A","Environmental Capital LLC","Steuben County DPW LFG","Landfill Gas Capture & Combustion","Monitoring, Reporting and Verification Protocol for Landfill Gas Combustion","06/01/2005","06/01/2005","05/31/2012","Completed","Not ARB or Ecology Eligible","05/01/2012","Bath","NEW YORK","US","","First Environment, Inc.","","129180","View","",
"ACR981","N/A","1160","Stimson Montana Forestlands Carbon Project","Forest Carbon","Improved Forest Management (IFM) on Non-Federal U.S. Forestlands","04/08/2024","04/08/2024","04/07/2044","Listed","Not ARB or Ecology Eligible","03/05/2024","Montana","MONTANA","US","03: Good Health and Well-Being;06: Clean Water and Sanitation;13: Climate Action;15: Life on Land","SCS Global Services (Scientific Certification Systems)","","","View","www.stimsonlumber.com",
"ACR187","N/A","W. M. Beaty & Associates, Inc.","Storrie Fire Reforestation","Forest Carbon","Climate Action Reserve Forest Project Protocol","05/01/2001","05/01/2001","04/30/2101","Inactive","Not ARB or Ecology Eligible","12/14/2018","Chester","CALIFORNIA","US","06: Clean Water and Sanitation;13: Climate Action;15: Life on Land","","","","View","www.wmbeaty.com",
"ACR245","CAFR5187","W. M. Beaty & Associates, Inc.","Storrie Fire Reforestation Compliance Project","Forest Carbon","ARB Compliance Offset Protocol: U.S. Forest Projects","01/01/2015","01/01/2015","12/31/2039","N/A","ARB Inactive","09/13/2023","Chester","CALIFORNIA","US","06: Clean Water and Sanitation;13: Climate Action;15: Life on Land","TÜV SÜD America, Inc.","N/A","","View","www.wmbeaty.com",
"ACR128","N/A","Biogas Energy Solutions","Streator LFG to Energy","Landfill Gas Capture & Combustion","Monitoring, Reporting and Verification Protocol for Landfill Gas Combustion","12/01/1999","12/01/1999","07/01/2007","Completed","Not ARB or Ecology Eligible","05/01/2012","Streator","ILLINOIS","US","","ERT","","47150","View","",
"ACR776","N/A","Anew Environmental, LLC","Summit HFC Reclaim 2020","Industrial Process Emissions","Certified Reclaimed HFC Refrigerants, Propellants, and Fire Suppressants","07/01/2020","07/01/2020","06/30/2035","Completed","Not ARB or Ecology Eligible","06/09/2023","8541 East North Belt Humble, Texas 7739","TEXAS","US","03: Good Health and Well-Being;09: Industry, Innovation and Infrastructure;12: Responsible Consumption and Production;13: Climate Action","First Environment, Inc.","First Environment, Inc.","90374","View","",
"ACR829","N/A","Anew Environmental, LLC","Summit HFC Reclaim 2021","Industrial Process Emissions","Certified Reclaimed HFC Refrigerants, Propellants, and Fire Suppressants","01/19/2021","01/19/2021","01/18/2036","Completed","Not ARB or Ecology Eligible","05/31/2024","8541 East North Belt Humble, Texas 77396","TEXAS","US","03: Good Health and Well-Being;09: Industry, Innovation and Infrastructure;12: Responsible Consumption and Production;13: Climate Action","First Environment, Inc.","First Environment, Inc.","134047","View","",
"ACR1049","N/A","Anew Environmental, LLC","Summit HFC Reclaim 2022","Industrial Process Emissions","Certified Reclaimed HFC Refrigerants, Propellants, and Fire Suppressants","06/01/2022","06/01/2022","05/31/2037","Completed","Not ARB or Ecology Eligible","06/30/2025","8541 East North Belt Humble, Texas 77396","TEXAS","US","03: Good Health and Well-Being;09: Industry, Innovation and Infrastructure;12: Responsible Consumption and Production;13: Climate Action","First Environment, Inc.","First Environment, Inc.","128198","View","",
"ACR1179","N/A","Anew Environmental, LLC","Summit HFC Reclaim 2023","Industrial Process Emissions","Certified Reclaimed HFC Refrigerants, Propellants, and Fire Suppressants","11/01/2023","11/01/2023","10/31/2038","Completed","Not ARB or Ecology Eligible","01/28/2026","8541 East North Belt Humble, Texas 77396","TEXAS","US","09: Industry, Innovation and Infrastructure;12: Responsible Consumption and Production;13: Climate Action","First Environment, Inc.","First Environment, Inc.","148248","View","",
"ACR1180","N/A","Anew Environmental, LLC","Summit HFC Reclaim 2024","Industrial Process Emissions","Certified Reclaimed HFC Refrigerants, Propellants, and Fire Suppressants","01/01/2024","01/01/2024","12/31/2038","Listed","Not ARB or Ecology Eligible","06/23/2025","8541 East North Belt Humble, Texas 77396","TEXAS","US","09: Industry, Innovation and Infrastructure;12: Responsible Consumption and Production;13: Climate Action","First Environment, Inc.","","","View","",
"ACR235","CALS5135","3Degrees Group, Inc.","Synergy Biogas, LLC","Livestock Waste Management","ARB Compliance Offset Protocol: Capturing and Destroying Methane from Manure Management Systems","12/01/2014","12/01/2024","11/30/2034","N/A","Listed - Active ARB Project","02/05/2015","Wyoming","NEW YORK","US","02: Zero Hunger;09: Industry, Innovation and Infrastructure;13: Climate Action","Dillon Consulting Limited","N/A","48409","View","",
"ACR874","N/A","1116","TCT Meridian Northwest IFM","Forest Carbon","Improved Forest Management (IFM) on Non-Federal U.S. Forestlands","04/01/2023","04/01/2023","03/31/2043","Listed","Not ARB or Ecology Eligible","05/16/2023","Meridian, MS","MISSISSIPPI","US","03: Good Health and Well-Being;06: Clean Water and Sanitation;13: Climate Action;15: Life on Land","TÜV SÜD America, Inc.","","","View","",
"ACR129","N/A","E+Co","Tecnosol Solar Electrification","Renewable Energy","Electricity generation by the user","01/01/1998","01/01/1998","12/31/2007","Completed","Not ARB or Ecology Eligible","05/01/2012","Nicaragua","","NI","","ERT","","3913","View","",
"ACR306","CAFR5256","Maine Audubon","The Audubon Borestone Mountain Carbon Project","Forest Carbon","ARB Compliance Offset Protocol: U.S. Forest Projects","10/27/2015","10/27/2015","10/26/2040","N/A","ARB Inactive","03/16/2023","Elliotsville","MAINE","US","06: Clean Water and Sanitation;13: Climate Action;15: Life on Land","","N/A","","View","",
"ACR308","CAFR5258","Bridgestone Americas, Inc.","The Bridgestone Chestnut Mountain Carbon Project","Forest Carbon","ARB Compliance Offset Protocol: U.S. Forest Projects","10/27/2015","10/27/2015","10/26/2040","N/A","ARB Inactive","10/30/2018","White County","TENNESSEE","US","06: Clean Water and Sanitation;13: Climate Action;15: Life on Land","","N/A","","View","",
"ACR309","CAFR5259","Caulk Island Land & Timber Co.","The Caulk Island Forest Carbon Project","Forest Carbon","ARB Compliance Offset Protocol: U.S. Forest Projects","10/29/2015","10/29/2015","10/29/2040","N/A","ARB Inactive","01/04/2023","Desha County","ARKANSAS","US","06: Clean Water and Sanitation;13: Climate Action;15: Life on Land","","N/A","","View","",
"ACR232","CALS5107","Camco Offsets I, LLC","The Dry Creek Dairy Biofactory Project","Livestock Waste Management","ARB Compliance Offset Protocol: Capturing and Destroying Methane from Manure Management Systems","01/01/2015","01/01/2015","12/31/2024","N/A","ARB Terminated","06/17/2022","Hansen","IDAHO","US","02: Zero Hunger;09: Industry, Innovation and Infrastructure;13: Climate Action","Dillon Consulting Limited","N/A","298204","View","",
"ACR427","CAFR5427","The Nature Conservancy","The Nature Conservancy - Upper St. John Forest IFM Project","Forest Carbon","ARB Compliance Offset Protocol: U.S. Forest Projects","06/15/2018","06/15/2018","12/14/2042","N/A","Listed - Active ARB Project","06/15/2018","Somerset and Aroostook Counties","MAINE","US","06: Clean Water and Sanitation;13: Climate Action;15: Life on Land","TÜV SÜD America, Inc.","N/A","1948400","View","",
"ACR647","N/A","The Nature Conservancy","The Nature Conservancy – Michigamme Highlands Carbon Project","Forest Carbon","Improved Forest Management (IFM) on Non-Federal U.S. Forestlands","05/26/2021","05/26/2021","05/25/2041","Registered","Not ARB or Ecology Eligible","11/28/2023","Baraga County","MICHIGAN","US","03: Good Health and Well-Being;06: Clean Water and Sanitation;13: Climate Action;15: Life on Land","SCS Global Services (Scientific Certification Systems)","SCS Global Services (Scientific Certification Systems)","257359","View","",
"ACR574","N/A","The Nature Conservancy","The Nature Conservancy Washington Rainforest Renewal Project","Forest Carbon","Improved Forest Management (IFM) on Non-Federal U.S. Forestlands","06/05/2020","06/05/2020","06/04/2040","Registered","Not ARB or Ecology Eligible","09/30/2021","Jefferson and Pacific Counties","WASHINGTON","US","03: Good Health and Well-Being;06: Clean Water and Sanitation;13: Climate Action;15: Life on Land","TÜV SÜD America, Inc.","SCS Global Services (Scientific Certification Systems)","210897","View","",
"ACR983","N/A","1170","The Shamrock Ranch Sustainable Forestry Project","Forest Carbon","Improved Forest Management (IFM) on Non-Federal U.S. Forestlands","01/02/2023","01/02/2023","01/01/2043","Listed","Not ARB or Ecology Eligible","02/20/2024","40935 N Hwy 101, Laytonville","CALIFORNIA","US","03: Good Health and Well-Being;06: Clean Water and Sanitation;13: Climate Action;15: Life on Land","","","","View","",
"ACR579","N/A","The University of Tennessee","The University of Tennessee Forest Resources AgResearch and Education Center Forest Carbon Project","Forest Carbon","Improved Forest Management (IFM) on Non-Federal U.S. Forestlands","11/26/2019","11/26/2019","11/25/2039","Registered","Not ARB or Ecology Eligible","08/26/2022","Anderson, Franklin, Morgan, Scott","TENNESSEE","US","03: Good Health and Well-Being;06: Clean Water and Sanitation;13: Climate Action;15: Life on Land","Aster Global Environmental Solutions","Aster Global Environmental Solutions","136682","View","",
"ACR1037","N/A","1217","Thompson Family Forest Restoration Carbon Project","Forest Carbon","Improved Forest Management (IFM) on Non-Federal U.S. Forestlands","01/04/2023","01/04/2023","01/03/2043","Registered","Not ARB or Ecology Eligible","04/07/2026","15 miles SE of Heppner, Oreogn","OREGON","US","03: Good Health and Well-Being;06: Clean Water and Sanitation;13: Climate Action;15: Life on Land","S&A Carbon, LLC","S&A Carbon, LLC","58747","View","",
"ACR441","N/A","The Nature Conservancy","TNC-Chestnut Mountain Improved Forest Management Project","Forest Carbon","Improved Forest Management (IFM) on Non-Federal U.S. Forestlands","06/05/2018","06/05/2018","06/04/2038","Registered","Not ARB or Ecology Eligible","11/14/2018","White County","TENNESSEE","US","03: Good Health and Well-Being;06: Clean Water and Sanitation;13: Climate Action;15: Life on Land","SCS Global Services (Scientific Certification Systems)","Aster Global Environmental Solutions","381185","View","https://www.nature.org/en-us/about-us/where-we-work/united-states/tennessee/stories-in-tennessee/chestnut-mountain-a-gift-for-all-of-tennessee/",
"ACR893","N/A","Tradewater, LLC","Tradewater - Chile 1","Ozone Depleting Substances","Destruction of Ozone Depleting Substances (ODS) from International Sources","07/09/2024","07/09/2024","07/08/2034","Completed","Not ARB or Ecology Eligible","09/26/2024","Saint-Vulbas","Auvergne-Rhone-Alps","FR","03: Good Health and Well-Being;06: Clean Water and Sanitation;09: Industry, Innovation and Infrastructure;12: Responsible Consumption and Production;13: Climate Action;14: Life Below Water;15: Life on Land","TÜV SÜD America, Inc.","TÜV SÜD America, Inc.","40402","View","",
"ACR1129","N/A","Tradewater, LLC","Tradewater - Middle East 1","Ozone Depleting Substances","Destruction of Ozone Depleting Substances (ODS) from International Sources","02/07/2025","02/07/2025","02/06/2035","Completed","Not ARB or Ecology Eligible","06/30/2025","Saint-Vulbas","Auvergne-Rhone-Alps","FR","03: Good Health and Well-Being;06: Clean Water and Sanitation;12: Responsible Consumption and Production;13: Climate Action;14: Life Below Water;15: Life on Land","TÜV SÜD America, Inc.","TÜV SÜD America, Inc.","261826","View","",
"ACR1194","N/A","Tradewater, LLC","Tradewater - Middle East 2","Ozone Depleting Substances","Destruction of Ozone Depleting Substances (ODS) from International Sources","08/15/2025","08/15/2025","08/14/2035","Completed","Not ARB or Ecology Eligible","11/27/2025","Bramsche","Lower Saxony","DE","03: Good Health and Well-Being;06: Clean Water and Sanitation;12: Responsible Consumption and Production;13: Climate Action;14: Life Below Water;15: Life on Land","SES, Inc.","SES, Inc.","161385","View","",
"ACR1215","N/A","Tradewater, LLC","Tradewater - Middle East 3","Ozone Depleting Substances","Destruction of Ozone Depleting Substances (ODS) from International Sources","11/21/2025","11/21/2025","11/20/2035","Completed","Not ARB or Ecology Eligible","04/11/2026","Bramsche","Lower Saxony","DE","03: Good Health and Well-Being;06: Clean Water and Sanitation;12: Responsible Consumption and Production;13: Climate Action;14: Life Below Water;15: Life on Land","SES, Inc.","SES, Inc.","154904","View","",
"ACR1231","N/A","Tradewater, LLC","Tradewater - Middle East 4","Ozone Depleting Substances","Destruction of Ozone Depleting Substances (ODS) from International Sources","01/27/2026","01/27/2026","01/26/2036","Completed","Not ARB or Ecology Eligible","05/13/2026","Bramsche","Lower Saxony","DE","03: Good Health and Well-Being;06: Clean Water and Sanitation;12: Responsible Consumption and Production;13: Climate Action;14: Life Below Water;15: Life on Land","SES, Inc.","SES, Inc.","163963","View","",
"ACR1232","N/A","Tradewater, LLC","Tradewater - Middle East 5","Ozone Depleting Substances","Destruction of Ozone Depleting Substances (ODS) from International Sources","03/05/2026","03/05/2026","03/04/2036","Listed","Not ARB or Ecology Eligible","02/06/2026","Saint Vulbas","Auvergne-Rhone-Alps","FR","03: Good Health and Well-Being;06: Clean Water and Sanitation;12: Responsible Consumption and Production;13: Climate Action;14: Life Below Water;15: Life on Land","SES, Inc.","","","View","",
"ACR1245","N/A","Tradewater, LLC","Tradewater - Middle East 6","Ozone Depleting Substances","Destruction of Ozone Depleting Substances (ODS) from International Sources","05/18/2026","05/18/2026","05/17/2036","Listed","Not ARB or Ecology Eligible","04/08/2026","Bramsche","Lower Saxony","DE","03: Good Health and Well-Being;06: Clean Water and Sanitation;12: Responsible Consumption and Production;13: Climate Action;14: Life Below Water;15: Life on Land","SES, Inc.","","","View","",
"ACR793","N/A","Tradewater, LLC","Tradewater - Saudi Arabia 1","Ozone Depleting Substances","Destruction of Ozone Depleting Substances (ODS) from International Sources","12/03/2024","12/03/2024","12/02/2034","Completed","Not ARB or Ecology Eligible","03/17/2025","Saint Vulbas","Auvergne-Rhone-Alps","FR","03: Good Health and Well-Being;06: Clean Water and Sanitation;09: Industry, Innovation and Infrastructure;12: Responsible Consumption and Production;13: Climate Action;14: Life Below Water;15: Life on Land","TÜV SÜD America, Inc.","TÜV SÜD America, Inc.","161712","View","",
"ACR839","N/A","Tradewater, LLC","Tradewater - Thailand 2","Ozone Depleting Substances","Destruction of Ozone Depleting Substances (ODS) from International Sources","02/07/2023","02/07/2023","02/06/2033","Completed","Not ARB or Ecology Eligible","06/09/2023","965 Moo 2 Soi 3B Bangpoo Industrial Estate, Sukhumvit Rd Bangpoo Mai","Samut Prakan","TH","03: Good Health and Well-Being;06: Clean Water and Sanitation;09: Industry, Innovation and Infrastructure;12: Responsible Consumption and Production;13: Climate Action;14: Life Below Water;15: Life on Land","GHD Limited","GHD Limited","193364","View","",
"ACR844","N/A","Tradewater, LLC","Tradewater - Thailand 3","Ozone Depleting Substances","Destruction of Ozone Depleting Substances (ODS) from International Sources","04/27/2023","04/27/2023","04/26/2033","Completed","Not ARB or Ecology Eligible","09/25/2023","965 Moo 2 Soi 3B Bangpoo Industrial Estate, Sukhumvit Rd Bangpoo Mai, Muang Samutprakarn","Samut Prakan","TH","03: Good Health and Well-Being;06: Clean Water and Sanitation;09: Industry, Innovation and Infrastructure;12: Responsible Consumption and Production;13: Climate Action;14: Life Below Water;15: Life on Land","GHD Limited","GHD Limited","192051","View","https://wms-thailand.com/",
"ACR903","N/A","Tradewater, LLC","Tradewater - Thailand 4","Ozone Depleting Substances","Destruction of Ozone Depleting Substances (ODS) from International Sources","06/13/2023","06/13/2023","06/12/2033","Completed","Not ARB or Ecology Eligible","12/28/2023","WMS","Samut Prakan","TH","03: Good Health and Well-Being;06: Clean Water and Sanitation;09: Industry, Innovation and Infrastructure;12: Responsible Consumption and Production;13: Climate Action;14: Life Below Water;15: Life on Land","GHD Limited","GHD Limited","189561","View","",
"ACR924","N/A","Tradewater, LLC","Tradewater - Thailand 5","Ozone Depleting Substances","Destruction of Ozone Depleting Substances (ODS) from International Sources","08/08/2023","08/08/2023","08/07/2033","Completed","Not ARB or Ecology Eligible","12/28/2023","WMS","Samut Prakan","TH","03: Good Health and Well-Being;06: Clean Water and Sanitation;09: Industry, Innovation and Infrastructure;12: Responsible Consumption and Production;13: Climate Action;14: Life Below Water;15: Life on Land","GHD Limited","GHD Limited","191104","View","",
"ACR937","N/A","Tradewater, LLC","Tradewater - Thailand 6","Ozone Depleting Substances","Destruction of Ozone Depleting Substances (ODS) from International Sources","10/04/2023","10/04/2023","10/03/2033","Completed","Not ARB or Ecology Eligible","02/22/2024","WMS","Samut Prakan","TH","03: Good Health and Well-Being;06: Clean Water and Sanitation;09: Industry, Innovation and Infrastructure;12: Responsible Consumption and Production;13: Climate Action;14: Life Below Water;15: Life on Land","TÜV SÜD America, Inc.","TÜV SÜD America, Inc.","157691","View","",
"ACR1108","N/A","Tradewater, LLC","Tradewater - Thailand 7","Ozone Depleting Substances","Destruction of Ozone Depleting Substances (ODS) from International Sources","12/14/2024","12/14/2024","12/13/2034","Completed","Not ARB or Ecology Eligible","06/30/2025","WMS","	Samut Prakan","TH","03: Good Health and Well-Being;06: Clean Water and Sanitation;12: Responsible Consumption and Production;13: Climate Action;14: Life Below Water;15: Life on Land","SCS Global Services (Scientific Certification Systems)","SCS Global Services (Scientific Certification Systems)","183975","View","",
"ACR597","N/A","Tradewater, LLC","Tradewater Halon","Ozone Depleting Substances","Destruction of Ozone Depleting Substances (ODS) and High-Global Warming Potential (GWP) Foam","02/04/2021","02/04/2021","02/05/2021","Completed","Not ARB or Ecology Eligible","05/17/2023","East Liverpool","OHIO","US","03: Good Health and Well-Being;06: Clean Water and Sanitation;09: Industry, Innovation and Infrastructure;12: Responsible Consumption and Production;13: Climate Action;14: Life Below Water;15: Life on Land","TÜV SÜD America, Inc.","TÜV SÜD America, Inc.","5704","View","",
"ACR564","N/A","Tradewater, LLC","Tradewater HFC Reclamation","Industrial Process Emissions","Certified Reclaimed HFC Refrigerants, Propellants, and Fire Suppressants","12/26/2019","12/26/2019","12/25/2034","Completed","Not ARB or Ecology Eligible","08/04/2022","Chicago","ILLINOIS","US","03: Good Health and Well-Being;09: Industry, Innovation and Infrastructure;12: Responsible Consumption and Production;13: Climate Action","TÜV SÜD America, Inc.","TÜV SÜD America, Inc.","10352","View","Tradewater.us",
"ACR814","N/A","Tradewater, LLC","Tradewater International - Thailand 1.0","Ozone Depleting Substances","Destruction of Ozone Depleting Substances (ODS) from International Sources","12/17/2022","12/17/2022","12/16/2032","Completed","Not ARB or Ecology Eligible","03/17/2023","965 Moo 2 Soi 3B Bangpoo Industrial Estate, Sukhumvit Rd Bangpoo Mai","Samut Prakan","TH","03: Good Health and Well-Being;06: Clean Water and Sanitation;09: Industry, Innovation and Infrastructure;12: Responsible Consumption and Production;13: Climate Action;14: Life Below Water;15: Life on Land","GHD Limited","GHD Limited","192244","View","",
"ACR799","N/A","Tradewater International SRL","Tradewater International Honduras 1.0","Ozone Depleting Substances","Destruction of Ozone Depleting Substances (ODS) from International Sources","09/27/2022","09/27/2022","09/26/2032","Completed","Not ARB or Ecology Eligible","06/30/2023","Tredi Séché Group","Saint-Vulbas, L'Ain","FR","03: Good Health and Well-Being;06: Clean Water and Sanitation;08: Decent Work and Economic Growth;09: Industry, Innovation and Infrastructure;12: Responsible Consumption and Production;13: Climate Action;14: Life Below Water;15: Life on Land","TÜV SÜD America, Inc.","TÜV SÜD America, Inc.","61861","View","",
"ACR350","CAOD5350","Tradewater, LLC","Tradewater ODS 1","Ozone Depleting Substances","ARB Compliance Offset Protocol: Destruction of U.S. Ozone Depleting Substances Banks","08/10/2016","08/10/2016","08/09/2026","N/A","ARB Completed","01/27/2020","El Dorado, AR","ARKANSAS","US","09: Industry, Innovation and Infrastructure;12: Responsible Consumption and Production;13: Climate Action","TÜV SÜD America, Inc.","N/A","116741","View","",
"ACR401","CAOD5401","Tradewater, LLC","Tradewater ODS 10","Ozone Depleting Substances","ARB Compliance Offset Protocol: Destruction of U.S. Ozone Depleting Substances Banks","12/31/2017","12/31/2017","12/30/2027","N/A","ARB Completed","01/27/2020","East Liverpool","OHIO","US","09: Industry, Innovation and Infrastructure;12: Responsible Consumption and Production;13: Climate Action","SES, Inc.","N/A","137262","View","",
"ACR404","CAOD5404","Tradewater, LLC","Tradewater ODS 11","Ozone Depleting Substances","ARB Compliance Offset Protocol: Destruction of U.S. Ozone Depleting Substances Banks","02/21/2018","02/21/2018","02/20/2028","N/A","ARB Completed","01/27/2020","East Liverpool","OHIO","US","09: Industry, Innovation and Infrastructure;12: Responsible Consumption and Production;13: Climate Action","SES, Inc.","N/A","118326","View","",
"ACR419","CAOD5419","Tradewater, LLC","Tradewater ODS 12","Ozone Depleting Substances","ARB Compliance Offset Protocol: Destruction of U.S. Ozone Depleting Substances Banks","04/30/2018","04/30/2018","04/29/2028","N/A","ARB Completed","01/27/2020","East Liverpool","OHIO","US","09: Industry, Innovation and Infrastructure;12: Responsible Consumption and Production;13: Climate Action","SES, Inc.","N/A","132126","View","",
"ACR426","CAOD5426","Tradewater, LLC","Tradewater ODS 13","Ozone Depleting Substances","ARB Compliance Offset Protocol: Destruction of U.S. Ozone Depleting Substances Banks","07/13/2018","07/13/2018","07/12/2028","N/A","ARB Completed","01/27/2020","East Liverpool","OHIO","US","09: Industry, Innovation and Infrastructure;12: Responsible Consumption and Production;13: Climate Action","TÜV SÜD America, Inc.","N/A","140145","View","",
"ACR429","CAOD5429","Tradewater, LLC","Tradewater ODS 14","Ozone Depleting Substances","ARB Compliance Offset Protocol: Destruction of U.S. Ozone Depleting Substances Banks","09/04/2018","09/04/2018","09/03/2028","N/A","ARB Completed","01/27/2020","East Liverpool","OHIO","US","09: Industry, Innovation and Infrastructure;12: Responsible Consumption and Production;13: Climate Action","TÜV SÜD America, Inc.","N/A","141087","View","",
"ACR431","CAOD5431","Tradewater, LLC","Tradewater ODS 15","Ozone Depleting Substances","ARB Compliance Offset Protocol: Destruction of U.S. Ozone Depleting Substances Banks","10/04/2018","10/04/2018","10/03/2028","N/A","ARB Completed","01/27/2020","East Liverpool","OHIO","US","09: Industry, Innovation and Infrastructure;12: Responsible Consumption and Production;13: Climate Action","TÜV SÜD America, Inc.","N/A","52322","View","",
"ACR433","CAOD5433","Tradewater, LLC","Tradewater ODS 16","Ozone Depleting Substances","ARB Compliance Offset Protocol: Destruction of U.S. Ozone Depleting Substances Banks","10/16/2018","10/16/2018","10/15/2028","N/A","ARB Completed","01/27/2020","East Liverpool","OHIO","US","09: Industry, Innovation and Infrastructure;12: Responsible Consumption and Production;13: Climate Action","SES, Inc.","N/A","148592","View","",
"ACR435","CAOD5435","Tradewater, LLC","Tradewater ODS 17","Ozone Depleting Substances","ARB Compliance Offset Protocol: Destruction of U.S. Ozone Depleting Substances Banks","11/03/2018","11/03/2018","11/02/2028","N/A","ARB Completed","01/27/2020","East Liverpool","OHIO","US","09: Industry, Innovation and Infrastructure;12: Responsible Consumption and Production;13: Climate Action","SES, Inc.","N/A","105029","View","",
"ACR436","CAOD5436","Tradewater, LLC","Tradewater ODS 18","Ozone Depleting Substances","ARB Compliance Offset Protocol: Destruction of U.S. Ozone Depleting Substances Banks","11/22/2018","11/22/2018","11/21/2028","N/A","ARB Completed","01/27/2020","East Liverpool","OHIO","US","09: Industry, Innovation and Infrastructure;12: Responsible Consumption and Production;13: Climate Action","SES, Inc.","N/A","96146","View","",
"ACR461","CAOD5461","Tradewater, LLC","Tradewater ODS 19","Ozone Depleting Substances","ARB Compliance Offset Protocol: Destruction of U.S. Ozone Depleting Substances Banks","01/28/2019","01/28/2019","01/27/2029","N/A","ARB Completed","01/27/2020","East Liverpool","OHIO","US","09: Industry, Innovation and Infrastructure;12: Responsible Consumption and Production;13: Climate Action","SES, Inc.","N/A","85284","View","",
"ACR468","CAOD5468","Tradewater, LLC","Tradewater ODS 20","Ozone Depleting Substances","ARB Compliance Offset Protocol: Destruction of U.S. Ozone Depleting Substances Banks","02/25/2019","02/25/2019","02/24/2029","N/A","ARB Completed","01/27/2020","East Liverpool","OHIO","US","09: Industry, Innovation and Infrastructure;12: Responsible Consumption and Production;13: Climate Action","SES, Inc.","N/A","83032","View","",
"ACR471","CAOD5471","Tradewater, LLC","Tradewater ODS 21","Ozone Depleting Substances","ARB Compliance Offset Protocol: Destruction of U.S. Ozone Depleting Substances Banks","03/17/2019","03/17/2019","03/16/2029","N/A","ARB Completed","01/27/2020","East Liverpool","OHIO","US","09: Industry, Innovation and Infrastructure;12: Responsible Consumption and Production;13: Climate Action","SES, Inc.","N/A","35887","View","",
"ACR472","CAOD5472","Tradewater, LLC","Tradewater ODS 22","Ozone Depleting Substances","ARB Compliance Offset Protocol: Destruction of U.S. Ozone Depleting Substances Banks","04/01/2019","04/01/2019","03/31/2029","N/A","ARB Completed","01/04/2024","East Liverpool","OHIO","US","09: Industry, Innovation and Infrastructure;12: Responsible Consumption and Production;13: Climate Action","TÜV SÜD America, Inc.","N/A","83594","View","",
"ACR482","CAOD5482","Tradewater, LLC","Tradewater ODS 23","Ozone Depleting Substances","ARB Compliance Offset Protocol: Destruction of U.S. Ozone Depleting Substances Banks","05/09/2019","05/09/2019","05/08/2029","N/A","ARB Completed","01/04/2024","East Liverpool","OHIO","US","09: Industry, Innovation and Infrastructure;12: Responsible Consumption and Production;13: Climate Action","TÜV SÜD America, Inc.","N/A","101230","View","",
"ACR488","CAOD5488","Tradewater, LLC","Tradewater ODS 24","Ozone Depleting Substances","ARB Compliance Offset Protocol: Destruction of U.S. Ozone Depleting Substances Banks","06/03/2019","06/03/2019","06/02/2029","N/A","ARB Completed","01/04/2024","East Liverpool","OHIO","US","09: Industry, Innovation and Infrastructure;12: Responsible Consumption and Production;13: Climate Action","TÜV SÜD America, Inc.","N/A","83226","View","",
"ACR492","CAOD5492","Tradewater, LLC","Tradewater ODS 25","Ozone Depleting Substances","ARB Compliance Offset Protocol: Destruction of U.S. Ozone Depleting Substances Banks","07/01/2019","07/01/2019","06/30/2029","N/A","ARB Completed","01/04/2024","East Liverpool","OHIO","US","09: Industry, Innovation and Infrastructure;12: Responsible Consumption and Production;13: Climate Action","SES, Inc.","N/A","84831","View","",
"ACR495","CAOD5495","Tradewater, LLC","Tradewater ODS 26","Ozone Depleting Substances","ARB Compliance Offset Protocol: Destruction of U.S. Ozone Depleting Substances Banks","07/27/2019","07/27/2019","07/26/2029","N/A","ARB Completed","01/04/2024","East Liverpool","OHIO","US","09: Industry, Innovation and Infrastructure;12: Responsible Consumption and Production;13: Climate Action","SES, Inc.","N/A","84842","View","",
"ACR500","CAOD5500","Tradewater, LLC","Tradewater ODS 27","Ozone Depleting Substances","ARB Compliance Offset Protocol: Destruction of U.S. Ozone Depleting Substances Banks","08/26/2019","08/26/2019","08/25/2029","N/A","ARB Completed","01/04/2024","East Liverpool","OHIO","US","09: Industry, Innovation and Infrastructure;12: Responsible Consumption and Production;13: Climate Action","SES, Inc.","N/A","106355","View","",
"ACR517","CAOD5517","Tradewater, LLC","Tradewater ODS 28","Ozone Depleting Substances","ARB Compliance Offset Protocol: Destruction of U.S. Ozone Depleting Substances Banks","10/21/2019","10/21/2019","10/20/2029","N/A","ARB Completed","01/04/2024","East Liverpool","OHIO","US","09: Industry, Innovation and Infrastructure;12: Responsible Consumption and Production;13: Climate Action","SES, Inc.","N/A","129697","View","",
"ACR520","CAOD5520","Tradewater, LLC","Tradewater ODS 29","Ozone Depleting Substances","ARB Compliance Offset Protocol: Destruction of U.S. Ozone Depleting Substances Banks","11/24/2019","11/24/2019","11/23/2029","N/A","ARB Completed","01/04/2024","East Liverpool","OHIO","US","09: Industry, Innovation and Infrastructure;12: Responsible Consumption and Production;13: Climate Action","SES, Inc.","N/A","79438","View","",
"ACR359","CAOD5359","Tradewater, LLC","Tradewater ODS 3","Ozone Depleting Substances","ARB Compliance Offset Protocol: Destruction of U.S. Ozone Depleting Substances Banks","11/15/2016","11/15/2016","11/14/2026","N/A","ARB Completed","01/27/2020","El Dorado","ARKANSAS","US","09: Industry, Innovation and Infrastructure;12: Responsible Consumption and Production;13: Climate Action","TÜV SÜD America, Inc.","N/A","97813","View","",
"ACR532","CAOD5532","Tradewater, LLC","Tradewater ODS 30","Ozone Depleting Substances","ARB Compliance Offset Protocol: Destruction of U.S. Ozone Depleting Substances Banks","12/17/2019","12/17/2019","12/16/2029","N/A","ARB Completed","01/05/2024","East Liverpool","OHIO","US","09: Industry, Innovation and Infrastructure;12: Responsible Consumption and Production;13: Climate Action","SES, Inc.","N/A","108679","View","",
"ACR536","CAOD5536","Tradewater, LLC","Tradewater ODS 31","Ozone Depleting Substances","ARB Compliance Offset Protocol: Destruction of U.S. Ozone Depleting Substances Banks","02/28/2020","02/28/2020","02/27/2030","N/A","ARB Completed","01/05/2024","East Liverpool","OHIO","US","09: Industry, Innovation and Infrastructure;12: Responsible Consumption and Production;13: Climate Action","TÜV SÜD America, Inc.","N/A","89898","View","",
"ACR543","CAOD5543","Tradewater, LLC","Tradewater ODS 32","Ozone Depleting Substances","ARB Compliance Offset Protocol: Destruction of U.S. Ozone Depleting Substances Banks","04/03/2020","04/03/2020","04/02/2030","N/A","ARB Completed","01/05/2024","East Liverpool","OHIO","US","09: Industry, Innovation and Infrastructure;12: Responsible Consumption and Production;13: Climate Action","TÜV SÜD America, Inc.","N/A","71885","View","",
"ACR547","CAOD5547","Tradewater, LLC","Tradewater ODS 33","Ozone Depleting Substances","ARB Compliance Offset Protocol: Destruction of U.S. Ozone Depleting Substances Banks","05/04/2020","05/04/2020","05/03/2030","N/A","ARB Completed","01/05/2024","East Liverpool","OHIO","US","09: Industry, Innovation and Infrastructure;12: Responsible Consumption and Production;13: Climate Action","TÜV SÜD America, Inc.","N/A","56697","View","",
"ACR561","CAOD5561","Tradewater, LLC","Tradewater ODS 34","Ozone Depleting Substances","ARB Compliance Offset Protocol: Destruction of U.S. Ozone Depleting Substances Banks","08/01/2020","08/01/2020","07/31/2030","N/A","ARB Completed","01/05/2024","East Liverpool","OHIO","US","09: Industry, Innovation and Infrastructure;12: Responsible Consumption and Production;13: Climate Action","SES, Inc.","N/A","101273","View","",
"ACR577","CAOD5577","Tradewater, LLC","Tradewater ODS 35","Ozone Depleting Substances","ARB Compliance Offset Protocol: Destruction of U.S. Ozone Depleting Substances Banks","08/30/2020","08/30/2020","08/29/2030","N/A","ARB Completed","01/05/2024","East Liverpool","OHIO","US","09: Industry, Innovation and Infrastructure;12: Responsible Consumption and Production;13: Climate Action","SES, Inc.","N/A","80326","View","",
"ACR615","CAOD5615","Tradewater, LLC","Tradewater ODS 35a","Ozone Depleting Substances","ARB Compliance Offset Protocol: Destruction of U.S. Ozone Depleting Substances Banks","08/29/2020","08/29/2020","08/28/2030","N/A","ARB Inactive","04/05/2021","East Liverpool","OHIO","US","09: Industry, Innovation and Infrastructure;12: Responsible Consumption and Production;13: Climate Action","SES, Inc.","N/A","","View","",
"ACR589","CAOD5589","Tradewater, LLC","Tradewater ODS 36","Ozone Depleting Substances","ARB Compliance Offset Protocol: Destruction of U.S. Ozone Depleting Substances Banks","10/20/2020","10/20/2020","10/19/2030","N/A","ARB Completed","01/05/2024","East Liverpool","OHIO","US","09: Industry, Innovation and Infrastructure;12: Responsible Consumption and Production;13: Climate Action","SES, Inc.","N/A","133145","View","",
"ACR608","CAOD5608","Tradewater, LLC","Tradewater ODS 37","Ozone Depleting Substances","ARB Compliance Offset Protocol: Destruction of U.S. Ozone Depleting Substances Banks","01/07/2021","01/07/2021","01/06/2031","N/A","ARB Completed","01/05/2024","East Liverpool","OHIO","US","09: Industry, Innovation and Infrastructure;12: Responsible Consumption and Production;13: Climate Action","SES, Inc.","N/A","100810","View","",
"ACR625","CAOD5625","Tradewater, LLC","Tradewater ODS 38","Ozone Depleting Substances","ARB Compliance Offset Protocol: Destruction of U.S. Ozone Depleting Substances Banks","03/14/2021","03/14/2021","03/13/2031","N/A","ARB Completed","06/08/2022","East Liverpool","OHIO","US","09: Industry, Innovation and Infrastructure;12: Responsible Consumption and Production;13: Climate Action","SES, Inc.","N/A","136658","View","",
"ACR627","CAOD5627","Tradewater, LLC","Tradewater ODS 39","Ozone Depleting Substances","ARB Compliance Offset Protocol: Destruction of U.S. Ozone Depleting Substances Banks","08/29/2020","08/29/2020","08/28/2030","N/A","ARB Completed","01/09/2025","East Liverpool","OHIO","US","09: Industry, Innovation and Infrastructure;12: Responsible Consumption and Production;13: Climate Action","SES, Inc.","N/A","4520","View","",
"ACR363","CAOD5363","Tradewater, LLC","Tradewater ODS 4","Ozone Depleting Substances","ARB Compliance Offset Protocol: Destruction of U.S. Ozone Depleting Substances Banks","01/23/2017","01/23/2017","01/22/2027","N/A","ARB Completed","01/27/2020","El Dorado, AR","ILLINOIS","US","09: Industry, Innovation and Infrastructure;12: Responsible Consumption and Production;13: Climate Action","TÜV SÜD America, Inc.","N/A","91819","View","",
"ACR636","CAOD5636","Tradewater, LLC","Tradewater ODS 40","Ozone Depleting Substances","ARB Compliance Offset Protocol: Destruction of U.S. Ozone Depleting Substances Banks","05/19/2021","05/19/2021","05/18/2031","N/A","ARB Completed","01/05/2024","East Liverpool","ILLINOIS","US","09: Industry, Innovation and Infrastructure;12: Responsible Consumption and Production;13: Climate Action","GHD Limited","N/A","93755","View","",
"ACR645","CAOD5645","Tradewater, LLC","Tradewater ODS 41","Ozone Depleting Substances","ARB Compliance Offset Protocol: Destruction of U.S. Ozone Depleting Substances Banks","06/29/2021","06/29/2021","06/28/2031","N/A","ARB Completed","01/05/2024","East Liverpool","OHIO","US","09: Industry, Innovation and Infrastructure;12: Responsible Consumption and Production;13: Climate Action","GHD Limited","N/A","72142","View","",
"ACR666","CAOD5666","Tradewater, LLC","Tradewater ODS 42","Ozone Depleting Substances","ARB Compliance Offset Protocol: Destruction of U.S. Ozone Depleting Substances Banks","09/11/2021","09/11/2021","09/10/2031","N/A","ARB Completed","01/05/2024","East Liverpool","OHIO","US","09: Industry, Innovation and Infrastructure;12: Responsible Consumption and Production;13: Climate Action","GHD Limited","N/A","93937","View","",
"ACR671","CAOD5671","Tradewater, LLC","Tradewater ODS 43","Ozone Depleting Substances","ARB Compliance Offset Protocol: Destruction of U.S. Ozone Depleting Substances Banks","10/19/2021","10/19/2021","10/18/2031","N/A","ARB Completed","01/05/2024","East Liverpool","OHIO","US","09: Industry, Innovation and Infrastructure;12: Responsible Consumption and Production;13: Climate Action","SES, Inc.","N/A","73042","View","",
"ACR686","CAOD5686","Tradewater, LLC","Tradewater ODS 44","Ozone Depleting Substances","ARB Compliance Offset Protocol: Destruction of U.S. Ozone Depleting Substances Banks","12/25/2021","12/25/2021","12/24/2031","N/A","ARB Completed","01/05/2024","East Liverpool","OHIO","US","09: Industry, Innovation and Infrastructure;12: Responsible Consumption and Production;13: Climate Action","SES, Inc.","N/A","89712","View","",
"ACR744","CAOD5744","Tradewater, LLC","Tradewater ODS 45","Ozone Depleting Substances","ARB Compliance Offset Protocol: Destruction of U.S. Ozone Depleting Substances Banks","03/18/2022","03/18/2022","03/17/2032","N/A","ARB Completed","01/05/2024","East Liverpool","OHIO","US","09: Industry, Innovation and Infrastructure;12: Responsible Consumption and Production;13: Climate Action","SES, Inc.","N/A","75576","View","",
"ACR762","CAOD5762","Tradewater, LLC","Tradewater ODS 46","Ozone Depleting Substances","ARB Compliance Offset Protocol: Destruction of U.S. Ozone Depleting Substances Banks","06/05/2022","06/05/2022","06/04/2032","N/A","ARB Completed","01/05/2024","East Liverpool","OHIO","US","09: Industry, Innovation and Infrastructure;12: Responsible Consumption and Production;13: Climate Action","SES, Inc.","N/A","114791","View","",
"ACR780","CAOD5780","Tradewater, LLC","Tradewater ODS 47","Ozone Depleting Substances","ARB Compliance Offset Protocol: Destruction of U.S. Ozone Depleting Substances Banks","09/07/2022","09/07/2022","09/06/2032","N/A","ARB Completed","09/22/2023","1100 Haskins Road","OHIO","US","09: Industry, Innovation and Infrastructure;12: Responsible Consumption and Production;13: Climate Action","SES, Inc.","N/A","129471","View","",
"ACR826","CAOD5826","Tradewater, LLC","Tradewater ODS 48","Ozone Depleting Substances","ARB Compliance Offset Protocol: Destruction of U.S. Ozone Depleting Substances Banks","11/29/2022","11/29/2022","11/28/2032","N/A","ARB Completed","01/11/2024","Bowling Green","OHIO","US","09: Industry, Innovation and Infrastructure;12: Responsible Consumption and Production;13: Climate Action","SES, Inc.","N/A","132823","View","",
"ACR872","CAOD5872","Tradewater, LLC","Tradewater ODS 49","Ozone Depleting Substances","ARB Compliance Offset Protocol: Destruction of U.S. Ozone Depleting Substances Banks","04/16/2023","04/16/2023","04/15/2033","N/A","ARB Completed","01/09/2025","East Liverpool","OHIO","US","09: Industry, Innovation and Infrastructure;12: Responsible Consumption and Production;13: Climate Action","TÜV SÜD America, Inc.","N/A","86994","View","",
"ACR370","CAOD5370","Tradewater, LLC","Tradewater ODS 5","Ozone Depleting Substances","ARB Compliance Offset Protocol: Destruction of U.S. Ozone Depleting Substances Banks","02/28/2017","02/28/2017","02/27/2027","N/A","ARB Completed","01/27/2020","El Dorado","ARKANSAS","US","09: Industry, Innovation and Infrastructure;12: Responsible Consumption and Production;13: Climate Action","TÜV SÜD America, Inc.","N/A","121455","View","",
"ACR884","CAOD5884","Tradewater, LLC","Tradewater ODS 50","Ozone Depleting Substances","ARB Compliance Offset Protocol: Destruction of U.S. Ozone Depleting Substances Banks","06/13/2023","06/13/2023","06/12/2033","N/A","ARB Completed","01/09/2025","East Liverpool","OHIO","US","09: Industry, Innovation and Infrastructure;12: Responsible Consumption and Production;13: Climate Action","TÜV SÜD America, Inc.","N/A","42364","View","",
"ACR892","ECYOD892","Tradewater, LLC","Tradewater ODS 51","Ozone Depleting Substances","ECY Compliance Offset Protocol: Ozone Depleting Substances Projects","08/07/2023","08/07/2023","08/06/2033","N/A","Ecology Completed","09/05/2024","Bowling Green","OHIO","US","09: Industry, Innovation and Infrastructure;12: Responsible Consumption and Production;13: Climate Action","TÜV SÜD America, Inc.","","139956","View","",
"ACR918","ECYOD918","Tradewater, LLC","Tradewater ODS 52","Ozone Depleting Substances","ECY Compliance Offset Protocol: Ozone Depleting Substances Projects","09/28/2023","09/28/2023","09/27/2033","N/A","Ecology Completed","08/01/2024","East Liverpool","OHIO","US","09: Industry, Innovation and Infrastructure;12: Responsible Consumption and Production;13: Climate Action","TÜV SÜD America, Inc.","","61130","View","",
"ACR939","ECYOD939","Tradewater, LLC","Tradewater ODS 53","Ozone Depleting Substances","ECY Compliance Offset Protocol: Ozone Depleting Substances Projects","01/09/2024","01/09/2024","01/08/2034","N/A","Ecology Inactive","04/02/2024","Bowling Green","OHIO","US","09: Industry, Innovation and Infrastructure;12: Responsible Consumption and Production;13: Climate Action","SES, Inc.","","","View","",
"ACR1022","CAOD1022","Tradewater, LLC","Tradewater ODS 53B","Ozone Depleting Substances","ARB Compliance Offset Protocol: Destruction of U.S. Ozone Depleting Substances Banks","01/09/2024","01/09/2024","01/08/2034","N/A","ARB Completed","10/22/2025","Bowling Green","OHIO","US","09: Industry, Innovation and Infrastructure;12: Responsible Consumption and Production;13: Climate Action","SCS Global Services (Scientific Certification Systems)","N/A","78611","View","",
"ACR1013","CAOD1013","Tradewater, LLC","Tradewater ODS 54","Ozone Depleting Substances","ARB Compliance Offset Protocol: Destruction of U.S. Ozone Depleting Substances Banks","03/27/2024","03/27/2024","03/26/2034","N/A","ARB Completed","11/14/2025","Bowling Green","OHIO","US","09: Industry, Innovation and Infrastructure;12: Responsible Consumption and Production;13: Climate Action","SES, Inc.","N/A","92445","View","",
"ACR1040","CAOD1040","Tradewater, LLC","Tradewater ODS 55","Ozone Depleting Substances","ARB Compliance Offset Protocol: Destruction of U.S. Ozone Depleting Substances Banks","07/02/2024","07/02/2024","07/01/2034","N/A","ARB Completed","11/14/2025","East Liverpool","OHIO","US","09: Industry, Innovation and Infrastructure;12: Responsible Consumption and Production;13: Climate Action","SES, Inc.","N/A","130298","View","",
"ACR1067","CAOD1067","Tradewater, LLC","Tradewater ODS 56","Ozone Depleting Substances","ARB Compliance Offset Protocol: Destruction of U.S. Ozone Depleting Substances Banks","09/03/2024","09/03/2024","09/02/2034","N/A","ARB Completed","10/22/2025","East Liverpool","OHIO","US","09: Industry, Innovation and Infrastructure;12: Responsible Consumption and Production;13: Climate Action","SES, Inc.","N/A","63169","View","",
"ACR1090","CAOD1090","Tradewater, LLC","Tradewater ODS 57","Ozone Depleting Substances","ARB Compliance Offset Protocol: Destruction of U.S. Ozone Depleting Substances Banks","10/23/2024","10/23/2024","10/22/2034","N/A","ARB Completed","10/22/2025","East Liverpool","OHIO","US","09: Industry, Innovation and Infrastructure;12: Responsible Consumption and Production;13: Climate Action","SES, Inc.","N/A","67943","View","",
"ACR1110","ECYOD1110","Tradewater, LLC","Tradewater ODS 58","Ozone Depleting Substances","ECY Compliance Offset Protocol: Ozone Depleting Substances Projects","12/20/2024","12/20/2024","12/19/2034","N/A","Ecology Completed","04/23/2026","East Liverpool","OHIO","US","09: Industry, Innovation and Infrastructure;12: Responsible Consumption and Production;13: Climate Action","SES, Inc.","","53346","View","",
"ACR1140","ECYOD1140","Tradewater, LLC","Tradewater ODS 59","Ozone Depleting Substances","ECY Compliance Offset Protocol: Ozone Depleting Substances Projects","03/22/2025","03/22/2025","03/21/2035","N/A","Listed - Active Ecology Project","03/07/2025","East Liverpool","OHIO","US","09: Industry, Innovation and Infrastructure;12: Responsible Consumption and Production;13: Climate Action","SES, Inc.","","82296","View","",
"ACR379","CAOD5379","Tradewater, LLC","Tradewater ODS 6","Ozone Depleting Substances","ARB Compliance Offset Protocol: Destruction of U.S. Ozone Depleting Substances Banks","05/16/2017","05/16/2017","05/15/2027","N/A","ARB Completed","01/27/2020","El Dorado","ARKANSAS","US","09: Industry, Innovation and Infrastructure;12: Responsible Consumption and Production;13: Climate Action","TÜV SÜD America, Inc.","N/A","120918","View","",
"ACR1147","ECYOD1147","Tradewater, LLC","Tradewater ODS 60","Ozone Depleting Substances","ECY Compliance Offset Protocol: Ozone Depleting Substances Projects","04/12/2025","04/12/2025","04/11/2035","N/A","Listed - Active Ecology Project","03/06/2025","East Liverpool","OHIO","US","09: Industry, Innovation and Infrastructure;12: Responsible Consumption and Production;13: Climate Action","SES, Inc.","","59104","View","",
"ACR1160","ECYOD1160","Tradewater, LLC","Tradewater ODS 61","Ozone Depleting Substances","ECY Compliance Offset Protocol: Ozone Depleting Substances Projects","04/15/2025","04/15/2025","04/14/2035","N/A","Ecology Inactive","12/19/2025","East Liverpool","OHIO","US","09: Industry, Innovation and Infrastructure;12: Responsible Consumption and Production;13: Climate Action","","","","View","",
"ACR383","CAOD5383","Tradewater, LLC","Tradewater ODS 7","Ozone Depleting Substances","ARB Compliance Offset Protocol: Destruction of U.S. Ozone Depleting Substances Banks","08/26/2017","08/26/2017","08/25/2027","N/A","ARB Completed","01/27/2020","East Liverpool","OHIO","US","09: Industry, Innovation and Infrastructure;12: Responsible Consumption and Production;13: Climate Action","SES, Inc.","N/A","138972","View","",
"ACR385","CAOD5385","Tradewater, LLC","Tradewater ODS 8","Ozone Depleting Substances","ARB Compliance Offset Protocol: Destruction of U.S. Ozone Depleting Substances Banks","09/16/2017","09/16/2017","09/18/2027","N/A","ARB Completed","01/27/2020","East Liverpool","OHIO","US","09: Industry, Innovation and Infrastructure;12: Responsible Consumption and Production;13: Climate Action","SES, Inc.","N/A","138331","View","",
"ACR387","CAOD5387","Tradewater, LLC","Tradewater ODS 9","Ozone Depleting Substances","ARB Compliance Offset Protocol: Destruction of U.S. Ozone Depleting Substances Banks","11/02/2017","11/02/2017","11/01/2027","N/A","ARB Completed","01/27/2020","East Liverpool, OH","OHIO","US","09: Industry, Innovation and Infrastructure;12: Responsible Consumption and Production;13: Climate Action","SES, Inc.","N/A","129854","View","",
"ACR354","CAOD5354","Tradewater, LLC","Tradewater ODS2","Ozone Depleting Substances","ARB Compliance Offset Protocol: Destruction of U.S. Ozone Depleting Substances Banks","09/15/2016","09/15/2016","09/14/2026","N/A","ARB Completed","01/27/2020","El Dorado","ARKANSAS","US","09: Industry, Innovation and Infrastructure;12: Responsible Consumption and Production;13: Climate Action","TÜV SÜD America, Inc.","N/A","103357","View","",
"ACR894","N/A","Tradewater, LLC","Tradewater OOG 1","Industrial Process Emissions","Plugging Orphan Oil and Gas Wells in the U.S. and Canada","08/09/2023","08/09/2023","09/12/2044","Completed","Not ARB or Ecology Eligible","01/28/2025","Dubois & Boone Counties","INDIANA","US","03: Good Health and Well-Being;09: Industry, Innovation and Infrastructure;12: Responsible Consumption and Production;13: Climate Action","GHD Limited","GHD Limited","457725","View","",
"ACR915","N/A","Tradewater, LLC","Tradewater OOG 2","Industrial Process Emissions","Plugging Orphan Oil and Gas Wells in the U.S. and Canada","01/22/2024","01/22/2024","01/21/2044","Completed","Not ARB or Ecology Eligible","09/27/2024","Greene County","INDIANA","US","03: Good Health and Well-Being;09: Industry, Innovation and Infrastructure;12: Responsible Consumption and Production;13: Climate Action","GHD Limited","GHD Limited","813632","View","",
"ACR1043","N/A","Tradewater, LLC","Tradewater OOG 3","Industrial Process Emissions","Plugging Orphan Oil and Gas Wells in the U.S. and Canada","04/07/2025","04/07/2025","04/07/2045","Completed","Not ARB or Ecology Eligible","09/12/2025","Macoupin County","ILLINOIS","US","03: Good Health and Well-Being;09: Industry, Innovation and Infrastructure;12: Responsible Consumption and Production;13: Climate Action","GHD Limited","GHD Limited","271319","View","",
"ACR1162","N/A","Tradewater, LLC","Tradewater OOG 4","Industrial Process Emissions","Plugging Orphan Oil and Gas Wells in the U.S. and Canada","06/01/2025","06/01/2025","07/14/2045","Listed","Not ARB or Ecology Eligible","04/10/2025","Montgomery County","KANSAS","US","03: Good Health and Well-Being;09: Industry, Innovation and Infrastructure;12: Responsible Consumption and Production;13: Climate Action","","","","View","",
"ACR736","N/A","Tradewater, LLC","Tradewater US - ODS - #1","Ozone Depleting Substances","Destruction of Ozone Depleting Substances (ODS) and High-Global Warming Potential (GWP) Foam","02/05/2022","02/05/2022","02/07/2022","Completed","Not ARB or Ecology Eligible","07/13/2023","East Liverpool","OHIO","US","03: Good Health and Well-Being;06: Clean Water and Sanitation;09: Industry, Innovation and Infrastructure;12: Responsible Consumption and Production;13: Climate Action;14: Life Below Water;15: Life on Land","TÜV SÜD America, Inc.","TÜV SÜD America, Inc.","31818","View","",
"ACR1124","N/A","Tradewater, LLC","Tradewater US - ODS - #10","Ozone Depleting Substances","Destruction of Ozone Depleting Substances (ODS) and High-Global Warming Potential (GWP) Foam","02/22/2025","02/22/2025","03/17/2025","Completed","Not ARB or Ecology Eligible","05/15/2025","East Liverpool","OHIO","US","03: Good Health and Well-Being;06: Clean Water and Sanitation;09: Industry, Innovation and Infrastructure;12: Responsible Consumption and Production;13: Climate Action;14: Life Below Water;15: Life on Land","Dillon Consulting Limited","Dillon Consulting Limited","198196","View","",
"ACR1173","N/A","Tradewater, LLC","Tradewater US - ODS - #11","Ozone Depleting Substances","Destruction of Ozone Depleting Substances (ODS) and High-Global Warming Potential (GWP) Foam","05/09/2025","05/09/2025","05/18/2025","Completed","Not ARB or Ecology Eligible","08/17/2025","East Liverpool","OHIO","US","03: Good Health and Well-Being;06: Clean Water and Sanitation;12: Responsible Consumption and Production;13: Climate Action;14: Life Below Water;15: Life on Land","Dillon Consulting Limited","Dillon Consulting Limited","87275","View","",
"ACR1207","N/A","Tradewater, LLC","Tradewater US - ODS - #12","Ozone Depleting Substances","Destruction of Ozone Depleting Substances (ODS) and High-Global Warming Potential (GWP) Foam","10/18/2025","10/18/2025","11/18/2025","Listed","Not ARB or Ecology Eligible","08/29/2025","Saint-Vulbas","Auvergne-Rhone-Alps","FR","06: Clean Water and Sanitation;12: Responsible Consumption and Production;13: Climate Action;14: Life Below Water;15: Life on Land","","","","View","",
"ACR1219","N/A","Tradewater, LLC","Tradewater US - ODS - #13","Ozone Depleting Substances","Destruction of Ozone Depleting Substances (ODS) and High-Global Warming Potential (GWP) Foam","10/24/2025","10/24/2025","10/27/2025","Completed","Not ARB or Ecology Eligible","04/11/2026","East Liverpool","OHIO","US","03: Good Health and Well-Being;06: Clean Water and Sanitation;12: Responsible Consumption and Production;13: Climate Action;14: Life Below Water;15: Life on Land","Dillon Consulting Limited","Dillon Consulting Limited","19376","View","",
"ACR758","N/A","Tradewater, LLC","Tradewater US - ODS - #2","Ozone Depleting Substances","Destruction of Ozone Depleting Substances (ODS) and High-Global Warming Potential (GWP) Foam","05/23/2022","05/23/2022","05/24/2022","Completed","Not ARB or Ecology Eligible","09/15/2023","East Liverpool","OHIO","US","03: Good Health and Well-Being;06: Clean Water and Sanitation;09: Industry, Innovation and Infrastructure;12: Responsible Consumption and Production;13: Climate Action;14: Life Below Water;15: Life on Land","TÜV SÜD America, Inc.","TÜV SÜD America, Inc.","24294","View","",
"ACR875","N/A","Tradewater, LLC","Tradewater US - ODS - #3","Ozone Depleting Substances","Destruction of Ozone Depleting Substances (ODS) and High-Global Warming Potential (GWP) Foam","04/19/2023","04/19/2023","05/16/2023","Completed","Not ARB or Ecology Eligible","02/02/2024","Bowling Green","OHIO","US","03: Good Health and Well-Being;06: Clean Water and Sanitation;09: Industry, Innovation and Infrastructure;12: Responsible Consumption and Production;13: Climate Action;14: Life Below Water;15: Life on Land","TÜV SÜD America, Inc.","TÜV SÜD America, Inc.","67967","View","",
"ACR936","N/A","Tradewater, LLC","Tradewater US - ODS - #4","Ozone Depleting Substances","Destruction of Ozone Depleting Substances (ODS) and High-Global Warming Potential (GWP) Foam","12/04/2023","12/04/2023","12/27/2023","Completed","Not ARB or Ecology Eligible","04/05/2024","Bowling Green","OHIO","US","03: Good Health and Well-Being;06: Clean Water and Sanitation;09: Industry, Innovation and Infrastructure;12: Responsible Consumption and Production;13: Climate Action;14: Life Below Water;15: Life on Land","SES, Inc.","SES, Inc.","27780","View","",
"ACR1041","N/A","Tradewater, LLC","Tradewater US - ODS - #5	","Ozone Depleting Substances","Destruction of Ozone Depleting Substances (ODS) and High-Global Warming Potential (GWP) Foam","06/18/2024","06/18/2024","06/28/2024","Completed","Not ARB or Ecology Eligible","09/10/2024","Bowling Green","OHIO","US","03: Good Health and Well-Being;06: Clean Water and Sanitation;09: Industry, Innovation and Infrastructure;12: Responsible Consumption and Production;13: Climate Action;14: Life Below Water;15: Life on Land","SES, Inc.","SES, Inc.","30485","View","",
"ACR889","N/A","Tradewater, LLC","Tradewater US - ODS - #6","Ozone Depleting Substances","Destruction of Ozone Depleting Substances (ODS) and High-Global Warming Potential (GWP) Foam","08/05/2024","08/05/2024","09/06/2024","Completed","Not ARB or Ecology Eligible","11/25/2024","Saint-Vulbas","Auvergne-Rhone-Alps","FR","03: Good Health and Well-Being;06: Clean Water and Sanitation;09: Industry, Innovation and Infrastructure;12: Responsible Consumption and Production;13: Climate Action;14: Life Below Water;15: Life on Land","TÜV SÜD America, Inc.","TÜV SÜD America, Inc.","71037","View","",
"ACR1103","N/A","Tradewater, LLC","Tradewater US - ODS - #7","Ozone Depleting Substances","Destruction of Ozone Depleting Substances (ODS) and High-Global Warming Potential (GWP) Foam","11/09/2024","11/09/2024","11/12/2024","Completed","Not ARB or Ecology Eligible","02/04/2025","East Liverpool","OHIO","US","03: Good Health and Well-Being;06: Clean Water and Sanitation;09: Industry, Innovation and Infrastructure;12: Responsible Consumption and Production;13: Climate Action;14: Life Below Water;15: Life on Land","SES, Inc.","SES, Inc.","67978","View","",
"ACR1107","N/A","Tradewater, LLC","Tradewater US - ODS - #8","Ozone Depleting Substances","Destruction of Ozone Depleting Substances (ODS) and High-Global Warming Potential (GWP) Foam","12/07/2024","12/07/2024","12/10/2024","Completed","Not ARB or Ecology Eligible","03/10/2025","East Liverpool","OHIO","US","03: Good Health and Well-Being;06: Clean Water and Sanitation;09: Industry, Innovation and Infrastructure;12: Responsible Consumption and Production;13: Climate Action;14: Life Below Water;15: Life on Land","Dillon Consulting Limited","Dillon Consulting Limited","68178","View","",
"ACR1117","N/A","Tradewater, LLC","Tradewater US - ODS - #9","Ozone Depleting Substances","Destruction of Ozone Depleting Substances (ODS) and High-Global Warming Potential (GWP) Foam","01/19/2025","01/19/2025","02/04/2025","Completed","Not ARB or Ecology Eligible","04/14/2025","East Liverpool","OHIO","US","03: Good Health and Well-Being;06: Clean Water and Sanitation;09: Industry, Innovation and Infrastructure;12: Responsible Consumption and Production;13: Climate Action;14: Life Below Water;15: Life on Land","Dillon Consulting Limited","Dillon Consulting Limited","133280","View","",
"ACR223","N/A","253","Transformer Oil Reclamation Project","Industrial Process Emissions","Reduction in Emissions from the Recycling of Transformer Oil","07/22/2008","01/01/2016","12/31/2022","Completed","Not ARB or Ecology Eligible","09/06/2023","2021 Steinway Blvd S.E, Canton, OH","OHIO","US","03: Good Health and Well-Being;09: Industry, Innovation and Infrastructure;12: Responsible Consumption and Production;13: Climate Action","Agri-Waste Technology, Inc.","SCS Global Services (Scientific Certification Systems)","378561","View","www.hydrodec.com",
"ACR130","N/A","IdleAir","Truck Stop Electrification, Alabama","Transport / Fleet Efficiency","Emissions Reductions through Anti-Idling Technologies","01/01/2003","01/01/2003","12/31/2009","Completed","Not ARB or Ecology Eligible","07/26/2022","Alabama","ALABAMA","US","","TÜV SÜD America, Inc.","","8356","View","",
"ACR131","N/A","IdleAir","Truck Stop Electrification, Arizona","Transport / Fleet Efficiency","Emissions Reductions through Anti-Idling Technologies","01/01/2003","01/01/2003","12/31/2009","Completed","Not ARB or Ecology Eligible","07/26/2022","Arizona","ARIZONA","US","","TÜV SÜD America, Inc.","","11104","View","",
"ACR132","N/A","IdleAir","Truck Stop Electrification, Arkansas","Transport / Fleet Efficiency","Emissions Reductions through Anti-Idling Technologies","01/01/2003","01/01/2003","12/31/2009","Completed","Not ARB or Ecology Eligible","07/26/2022","Arkansas","ARKANSAS","US","","TÜV SÜD America, Inc.","","28069","View","",
"ACR188","N/A","IdleAir","Truck Stop Electrification, BEF","Transport / Fleet Efficiency","Truck Stop Electrification","03/09/2010","03/09/2010","03/08/2020","Completed","Not ARB or Ecology Eligible","08/17/2022","Various","TENNESSEE","US","03: Good Health and Well-Being;09: Industry, Innovation and Infrastructure;11: Sustainable Cities and Communities;13: Climate Action","SCS Global Services (Scientific Certification Systems)","TÜV SÜD America, Inc.","43549","View","",
"ACR133","N/A","IdleAir","Truck Stop Electrification, California","Transport / Fleet Efficiency","Emissions Reductions through Anti-Idling Technologies","01/01/2003","01/01/2003","12/31/2009","Completed","Not ARB or Ecology Eligible","07/26/2022","California","CALIFORNIA","US","","TÜV SÜD America, Inc.","","21943","View","",
"ACR134","N/A","IdleAir","Truck Stop Electrification, Colorado","Transport / Fleet Efficiency","Emissions Reductions through Anti-Idling Technologies","01/01/2003","01/01/2003","12/31/2009","Completed","Not ARB or Ecology Eligible","07/26/2022","Colorado","COLORADO","US","","TÜV SÜD America, Inc.","","3671","View","",
"ACR135","N/A","IdleAir","Truck Stop Electrification, Florida","Transport / Fleet Efficiency","Emissions Reductions through Anti-Idling Technologies","01/01/2003","01/01/2003","12/31/2009","Completed","Not ARB or Ecology Eligible","07/26/2022","Florida","FLORIDA","US","","TÜV SÜD America, Inc.","","7348","View","",
"ACR136","N/A","IdleAir","Truck Stop Electrification, Georgia","Transport / Fleet Efficiency","Emissions Reductions through Anti-Idling Technologies","01/01/2003","01/01/2003","12/31/2009","Completed","Not ARB or Ecology Eligible","07/26/2022","Georgia","GEORGIA","US","","TÜV SÜD America, Inc.","","22220","View","",
"ACR137","N/A","IdleAir","Truck Stop Electrification, Illinois","Transport / Fleet Efficiency","Emissions Reductions through Anti-Idling Technologies","01/01/2003","01/01/2003","12/31/2009","Completed","Not ARB or Ecology Eligible","07/26/2022","Illinois","ILLINOIS","US","","TÜV SÜD America, Inc.","","20531","View","",
"ACR138","N/A","IdleAir","Truck Stop Electrification, Indiana","Transport / Fleet Efficiency","Emissions Reductions through Anti-Idling Technologies","01/01/2003","01/01/2003","12/31/2009","Completed","Not ARB or Ecology Eligible","07/26/2022","Indiana","INDIANA","US","","TÜV SÜD America, Inc.","","12150","View","",
"ACR139","N/A","IdleAir","Truck Stop Electrification, Kentucky","Transport / Fleet Efficiency","Emissions Reductions through Anti-Idling Technologies","01/01/2003","01/01/2003","12/31/2009","Completed","Not ARB or Ecology Eligible","07/26/2022","Kentucky","KENTUCKY","US","","TÜV SÜD America, Inc.","","4075","View","",
"ACR140","N/A","IdleAir","Truck Stop Electrification, Louisianna","Transport / Fleet Efficiency","Emissions Reductions through Anti-Idling Technologies","01/01/2003","01/01/2003","12/31/2009","Completed","Not ARB or Ecology Eligible","07/26/2022","Louisiana","LOUISIANA","US","","TÜV SÜD America, Inc.","","11603","View","",
"ACR141","N/A","IdleAir","Truck Stop Electrification, Maryland","Transport / Fleet Efficiency","Emissions Reductions through Anti-Idling Technologies","01/01/2003","01/01/2003","12/31/2009","Completed","Not ARB or Ecology Eligible","07/26/2022","Maryland","MARYLAND","US","","TÜV SÜD America, Inc.","","12112","View","",
"ACR142","N/A","IdleAir","Truck Stop Electrification, Michigan","Transport / Fleet Efficiency","Emissions Reductions through Anti-Idling Technologies","01/01/2003","01/01/2003","12/31/2009","Completed","Not ARB or Ecology Eligible","07/26/2022","Michigan","MICHIGAN","US","","TÜV SÜD America, Inc.","","4084","View","",
"ACR143","N/A","IdleAir","Truck Stop Electrification, Minnesota","Transport / Fleet Efficiency","Emissions Reductions through Anti-Idling Technologies","01/01/2003","01/01/2003","12/31/2009","Completed","Not ARB or Ecology Eligible","07/26/2022","Minnesota","MINNESOTA","US","","TÜV SÜD America, Inc.","","1785","View","",
"ACR144","N/A","IdleAir","Truck Stop Electrification, Mississippi","Transport / Fleet Efficiency","Emissions Reductions through Anti-Idling Technologies","01/01/2003","01/01/2003","12/31/2009","Completed","Not ARB or Ecology Eligible","07/26/2022","Mississippi","MISSISSIPPI","US","","TÜV SÜD America, Inc.","","4185","View","",
"ACR145","N/A","IdleAir","Truck Stop Electrification, Missouri","Transport / Fleet Efficiency","Emissions Reductions through Anti-Idling Technologies","01/01/2003","01/01/2003","12/31/2009","Completed","Not ARB or Ecology Eligible","07/26/2022","Missouri","MISSOURI","US","","TÜV SÜD America, Inc.","","5375","View","",
"ACR146","N/A","IdleAir","Truck Stop Electrification, Nebraska","Transport / Fleet Efficiency","Emissions Reductions through Anti-Idling Technologies","01/01/2003","01/01/2003","12/31/2009","Completed","Not ARB or Ecology Eligible","07/26/2022","Nebraska","NEBRASKA","US","","TÜV SÜD America, Inc.","","3124","View","",
"ACR147","N/A","IdleAir","Truck Stop Electrification, New Jersey","Transport / Fleet Efficiency","Emissions Reductions through Anti-Idling Technologies","01/01/2003","01/01/2003","12/31/2009","Completed","Not ARB or Ecology Eligible","07/26/2022","New Jersey","NEW JERSEY","US","","TÜV SÜD America, Inc.","","7207","View","",
"ACR148","N/A","IdleAir","Truck Stop Electrification, New Mexico","Transport / Fleet Efficiency","Emissions Reductions through Anti-Idling Technologies","01/01/2003","01/01/2003","12/31/2009","Completed","Not ARB or Ecology Eligible","07/26/2022","New Mexico","NEW MEXICO","US","","TÜV SÜD America, Inc.","","9483","View","",
"ACR264","N/A","IdleAir","Truck Stop Electrification, New York","Transport / Fleet Efficiency","Truck Stop Electrification","01/01/2003","01/01/2003","01/30/2010","Completed","Not ARB or Ecology Eligible","10/27/2022","Maybrook, NY","NEW YORK","US","03: Good Health and Well-Being;09: Industry, Innovation and Infrastructure;11: Sustainable Cities and Communities;13: Climate Action","TÜV SÜD America, Inc.","TÜV SÜD America, Inc.","240","View","www.idleair.com",
"ACR149","N/A","IdleAir","Truck Stop Electrification, North Carolina","Transport / Fleet Efficiency","Emissions Reductions through Anti-Idling Technologies","01/01/2003","01/01/2003","12/31/2009","Completed","Not ARB or Ecology Eligible","07/26/2022","North Carolina","NORTH CAROLINA","US","","TÜV SÜD America, Inc.","","8488","View","",
"ACR150","N/A","IdleAir","Truck Stop Electrification, North Dakota","Transport / Fleet Efficiency","Emissions Reductions through Anti-Idling Technologies","01/01/2003","01/01/2003","12/31/2009","Completed","Not ARB or Ecology Eligible","07/26/2022","North Dakota","NORTH DAKOTA","US","","TÜV SÜD America, Inc.","","1351","View","",
"ACR151","N/A","IdleAir","Truck Stop Electrification, Ohio","Transport / Fleet Efficiency","Emissions Reductions through Anti-Idling Technologies","01/01/2003","01/01/2003","12/31/2009","Completed","Not ARB or Ecology Eligible","07/26/2022","Ohio","OHIO","US","","TÜV SÜD America, Inc.","","28663","View","",
"ACR152","N/A","IdleAir","Truck Stop Electrification, Oklahoma","Transport / Fleet Efficiency","Emissions Reductions through Anti-Idling Technologies","01/01/2003","01/01/2003","12/31/2009","Completed","Not ARB or Ecology Eligible","07/26/2022","Oklahoma","OKLAHOMA","US","","TÜV SÜD America, Inc.","","8165","View","",
"ACR153","N/A","IdleAir","Truck Stop Electrification, Oregon","Transport / Fleet Efficiency","Emissions Reductions through Anti-Idling Technologies","01/01/2003","01/01/2003","12/31/2009","Completed","Not ARB or Ecology Eligible","07/26/2022","Oregon","OREGON","US","","TÜV SÜD America, Inc.","","5583","View","",
"ACR154","N/A","IdleAir","Truck Stop Electrification, Pennsylvania","Transport / Fleet Efficiency","Emissions Reductions through Anti-Idling Technologies","01/01/2003","01/01/2003","12/31/2009","Completed","Not ARB or Ecology Eligible","07/26/2022","Pennsylvania","PENNSYLVANIA","US","","TÜV SÜD America, Inc.","","24818","View","",
"ACR155","N/A","IdleAir","Truck Stop Electrification, South Carolina","Transport / Fleet Efficiency","Emissions Reductions through Anti-Idling Technologies","01/01/2003","01/01/2003","12/31/2009","Completed","Not ARB or Ecology Eligible","07/26/2022","South Carolina","SOUTH CAROLINA","US","","TÜV SÜD America, Inc.","","5329","View","",
"ACR156","N/A","IdleAir","Truck Stop Electrification, Tennessee","Transport / Fleet Efficiency","Emissions Reductions through Anti-Idling Technologies","01/01/2003","01/01/2003","12/31/2009","Completed","Not ARB or Ecology Eligible","07/26/2022","Tennessee","TENNESSEE","US","","TÜV SÜD America, Inc.","","19418","View","",
"ACR157","N/A","IdleAir","Truck Stop Electrification, Texas","Transport / Fleet Efficiency","Emissions Reductions through Anti-Idling Technologies","01/01/2003","01/01/2003","12/31/2009","Completed","Not ARB or Ecology Eligible","07/26/2022","Texas","TEXAS","US","","TÜV SÜD America, Inc.","","85912","View","",
"ACR158","N/A","IdleAir","Truck Stop Electrification, Utah","Transport / Fleet Efficiency","Emissions Reductions through Anti-Idling Technologies","01/01/2003","01/01/2003","12/31/2009","Completed","Not ARB or Ecology Eligible","07/26/2022","Utah","UTAH","US","","TÜV SÜD America, Inc.","","3499","View","",
"ACR263","N/A","IdleAir","Truck Stop Electrification, Washington","Transport / Fleet Efficiency","Truck Stop Electrification","01/01/2003","01/01/2003","01/30/2010","Completed","Not ARB or Ecology Eligible","10/27/2022","Spokane, WA","WASHINGTON","US","03: Good Health and Well-Being;09: Industry, Innovation and Infrastructure;11: Sustainable Cities and Communities;13: Climate Action","TÜV SÜD America, Inc.","TÜV SÜD America, Inc.","1657","View","www.idleair.com",
"ACR159","N/A","IdleAir","Truck Stop Electrification, West Virginia","Transport / Fleet Efficiency","Emissions Reductions through Anti-Idling Technologies","01/01/2003","01/01/2003","12/31/2009","Completed","Not ARB or Ecology Eligible","07/26/2022","West Virginia","WEST VIRGINIA","US","","TÜV SÜD America, Inc.","","2551","View","",
"ACR606","N/A","True Manufacturing Co., Inc.","True Manufacturing FBA Project 002","Industrial Process Emissions","Transition to Advanced Formulation Blowing Agents in Foam Manufacturing and Use","01/01/2019","01/01/2019","12/31/2038","Completed","Not ARB or Ecology Eligible","07/26/2022","Missouri","MISSOURI","US","03: Good Health and Well-Being;06: Clean Water and Sanitation;09: Industry, Innovation and Infrastructure;12: Responsible Consumption and Production;13: Climate Action","First Environment, Inc.","","291297","View","",
"ACR652","N/A","True Manufacturing Co., Inc.","True Manufacturing FBA Project 002A","Industrial Process Emissions","Transition to Advanced Formulation Blowing Agents in Foam Manufacturing and Use","01/01/2020","01/01/2020","12/31/2039","Completed","Not ARB or Ecology Eligible","11/13/2023","Missouri","MISSOURI","US","03: Good Health and Well-Being;06: Clean Water and Sanitation;09: Industry, Innovation and Infrastructure;12: Responsible Consumption and Production;13: Climate Action","First Environment, Inc.","First Environment, Inc.","282972","View","",
"ACR817","N/A","True Manufacturing Co., Inc.","True Manufacturing FBA Project 002B","Industrial Process Emissions","Transition to Advanced Formulation Blowing Agents in Foam Manufacturing and Use","01/01/2021","01/01/2021","12/31/2040","Completed","Not ARB or Ecology Eligible","03/12/2024","Missouri","MISSOURI","US","03: Good Health and Well-Being;06: Clean Water and Sanitation;09: Industry, Innovation and Infrastructure;12: Responsible Consumption and Production;13: Climate Action","First Environment, Inc.","First Environment, Inc.","169066","View","",
"ACR948","N/A","True Manufacturing Co., Inc.","True Manufacturing FBA Project 002C","Industrial Process Emissions","Transition to Advanced Formulation Blowing Agents in Foam Manufacturing and Use","01/01/2022","01/01/2022","12/31/2041","Completed","Not ARB or Ecology Eligible","03/25/2025","Missouri","MISSOURI","US","03: Good Health and Well-Being;06: Clean Water and Sanitation;09: Industry, Innovation and Infrastructure;12: Responsible Consumption and Production;13: Climate Action","TÜV SÜD America, Inc.","TÜV SÜD America, Inc.","153840","View","",
"ACR1120","N/A","Weyerhaeuser NR Company","Two Creeks IFM Project","Forest Carbon","Improved Forest Management (IFM) on Non-Federal U.S. Forestlands","10/01/2025","10/01/2025","09/30/2045","Listed","Not ARB or Ecology Eligible","01/27/2025","Southeast Oklahoma","OKLAHOMA","US","03: Good Health and Well-Being;06: Clean Water and Sanitation;09: Industry, Innovation and Infrastructure;13: Climate Action;15: Life on Land","SCS Global Services (Scientific Certification Systems)","","","View","",
"ACR670","N/A","Tradewater, LLC","TWRS 2","Industrial Process Emissions","Certified Reclaimed HFC Refrigerants, Propellants, and Fire Suppressants","04/21/2021","04/21/2021","04/20/2036","Completed","Not ARB or Ecology Eligible","08/04/2022","Elk Grove Village","ILLINOIS","US","03: Good Health and Well-Being;09: Industry, Innovation and Infrastructure;12: Responsible Consumption and Production;13: Climate Action","TÜV SÜD America, Inc.","TÜV SÜD America, Inc.","17238","View","",
"ACR160","N/A","Anew Carbon Development, LLC","Tyson Wastewater Treatment","Wastewater Treatment","Emission reductions through wastewater treatment","01/01/2004","01/01/2004","12/31/2013","Completed","Not ARB or Ecology Eligible","05/01/2012","Amarillo, TX; Joslin, IL; Lexington, NE; Storm Lake, IA","TEXAS; ILLINOIS; IOWA; NEBRASKA","US","09: Industry, Innovation and Infrastructure;11: Sustainable Cities and Communities;13: Climate Action","Det Norske Veritas (U.S.A.), Inc.","","100000","View","",
"ACR212","N/A","245","UPM Blandin Native American Hardwoods Conservation & Carbon Sequestration Project","Forest Carbon","Improved Forest Management (IFM) on Non-Federal U.S. Forestlands","07/28/2010","07/28/2010","07/27/2030","Registered","Not ARB or Ecology Eligible","11/12/2014","70mile radius of Grand Rapids","MINNESOTA","US","03: Good Health and Well-Being;06: Clean Water and Sanitation;13: Climate Action;15: Life on Land","Aster Global Environmental Solutions","Environmental Services, Inc.","1710013","View","",
"ACR161","N/A","Biogas Energy Solutions","Upper Rock LFG to Energy","Landfill Gas Capture & Combustion","Monitoring, Reporting and Verification Protocol for Landfill Gas Combustion","04/01/2000","04/01/2000","07/01/2007","Completed","Not ARB or Ecology Eligible","05/01/2012","East Moline","ILLINOIS","US","","ERT","","184632","View","",
"ACR743","CAMM5743","Keyrock Environment LLC","Urling Abandoned Mine Methane Recovery Project","Coal Mine Methane","ARB Compliance Offset Protocol: Mine Methane Capture Projects","06/16/2021","06/16/2021","03/31/2031","N/A","Transferred ARB or Ecology Project","12/31/2024","Shelocta","PENNSYLVANIA","US","09: Industry, Innovation and Infrastructure;13: Climate Action","Dillon Consulting Limited","N/A","21850","View","",
"ACR537","CAMM5537","Keyrock Environment LLC","Wabash Abandoned Mine Methane Recovery Project","Coal Mine Methane","ARB Compliance Offset Protocol: Mine Methane Capture Projects","08/27/2018","08/27/2018","06/15/2029","N/A","Transferred ARB or Ecology Project","03/03/2025","Mt. Carmel","ILLINOIS","US","09: Industry, Innovation and Infrastructure;13: Climate Action","First Environment of California, Inc.","N/A","218712","View","",
"ACR198","CAOD5031","Wabashco, LLC","Wabashco Clean Sweep 2","Ozone Depleting Substances","ARB Compliance Offset Protocol: Destruction of U.S. Ozone Depleting Substances Banks","12/07/2013","12/07/2013","12/06/2023","N/A","ARB Completed","01/27/2020","Bowling Green","OHIO","US","09: Industry, Innovation and Infrastructure;12: Responsible Consumption and Production;13: Climate Action","TÜV SÜD America, Inc.","N/A","88044","View","",
"ACR221","CAOD5070","Wabashco, LLC","Wabashco Clean Sweep 3","Ozone Depleting Substances","ARB Compliance Offset Protocol: Destruction of U.S. Ozone Depleting Substances Banks","06/20/2014","06/20/2014","06/19/2024","N/A","ARB Completed","01/27/2020","Bowling Green","OHIO","US","09: Industry, Innovation and Infrastructure;12: Responsible Consumption and Production;13: Climate Action","TÜV SÜD America, Inc.","N/A","112378","View","",
"ACR225","CAOD5099","Wabashco, LLC","Wabashco Clean Sweep 4","Ozone Depleting Substances","ARB Compliance Offset Protocol: Destruction of U.S. Ozone Depleting Substances Banks","01/23/2015","01/23/2015","01/22/2025","N/A","ARB Completed","01/27/2020","Bowling Green","OHIO","US","09: Industry, Innovation and Infrastructure;12: Responsible Consumption and Production;13: Climate Action","TÜV SÜD America, Inc.","N/A","110003","View","",
"ACR244","CAOD5177","Wabashco, LLC","Wabashco Clean Sweep 5","Ozone Depleting Substances","ARB Compliance Offset Protocol: Destruction of U.S. Ozone Depleting Substances Banks","03/31/2015","03/31/2015","03/30/2025","N/A","ARB Completed","01/27/2020","Bowling Green","OHIO","US","09: Industry, Innovation and Infrastructure;12: Responsible Consumption and Production;13: Climate Action","TÜV SÜD America, Inc.","N/A","57589","View","",
"ACR254","CAOD5191","Wabashco, LLC","Wabashco Clean Sweep 6","Ozone Depleting Substances","ARB Compliance Offset Protocol: Destruction of U.S. Ozone Depleting Substances Banks","09/19/2015","09/19/2015","09/18/2025","N/A","ARB Completed","01/27/2020","Bowling Green","OHIO","US","09: Industry, Innovation and Infrastructure;12: Responsible Consumption and Production;13: Climate Action","TÜV SÜD America, Inc.","N/A","39036","View","",
"ACR275","CAOD5215","Wabashco, LLC","Wabashco Clean Sweep 7","Ozone Depleting Substances","ARB Compliance Offset Protocol: Destruction of U.S. Ozone Depleting Substances Banks","12/29/2015","12/29/2015","12/28/2025","N/A","ARB Completed","01/27/2020","Bowling Green","OHIO","US","09: Industry, Innovation and Infrastructure;12: Responsible Consumption and Production;13: Climate Action","TÜV SÜD America, Inc.","N/A","116836","View","",
"ACR314","CAOD5264","Wabashco, LLC","Wabashco Clean Sweep 8","Ozone Depleting Substances","ARB Compliance Offset Protocol: Destruction of U.S. Ozone Depleting Substances Banks","04/18/2016","04/18/2016","04/17/2026","N/A","ARB Completed","01/27/2020","Bowling Green","OHIO","US","09: Industry, Innovation and Infrastructure;12: Responsible Consumption and Production;13: Climate Action","TÜV SÜD America, Inc.","N/A","111977","View","",
"ACR343","CAOD5343","Wabashco, LLC","Wabashco Clean Sweep 9","Ozone Depleting Substances","ARB Compliance Offset Protocol: Destruction of U.S. Ozone Depleting Substances Banks","07/08/2016","07/08/2016","07/07/2026","N/A","ARB Completed","01/27/2020","Bowling Green","OHIO","US","09: Industry, Innovation and Infrastructure;12: Responsible Consumption and Production;13: Climate Action","SCS Global Services (Scientific Certification Systems)","N/A","93298","View","",
"ACR179","CAOD5007","Wabashco, LLC","Wabashco Clean Sweep I","Ozone Depleting Substances","ARB Compliance Offset Protocol: Destruction of U.S. Ozone Depleting Substances Banks","06/12/2013","06/12/2013","06/11/2023","N/A","ARB Completed","01/27/2020","Bowling Green","OHIO","US","09: Industry, Innovation and Infrastructure;12: Responsible Consumption and Production;13: Climate Action","TÜV SÜD America, Inc.","N/A","50600","View","",
"ACR422","N/A","356","Wabassus Improved Forest Management Project","Forest Carbon","Improved Forest Management (IFM) on Non-Federal U.S. Forestlands","01/01/2018","01/01/2018","12/31/2037","Registered","Not ARB or Ecology Eligible","04/16/2018","Washington County","MAINE","US","03: Good Health and Well-Being;06: Clean Water and Sanitation;09: Industry, Innovation and Infrastructure;13: Climate Action;15: Life on Land","TÜV SÜD America, Inc.","Environmental Services, Inc.","181527","View","",
"ACR260","CAFR5214","Era Ecosystem Services U.S. Inc.","Warm Springs Phase I","Forest Carbon","ARB Compliance Offset Protocol: U.S. Forest Projects","12/05/2014","12/05/2014","12/04/2039","N/A","Listed - Active ARB Project","08/27/2015","Warm Springs OR","OREGON","US","06: Clean Water and Sanitation;13: Climate Action;15: Life on Land","","N/A","3237729","View","",
"ACR1064","N/A","Qnergy International Services LLC","Weber County Landfill","Landfill Gas Capture & Combustion","Landfill Gas Destruction and Beneficial Use Projects","05/01/2024","05/01/2024","04/30/2034","Registered","Not ARB or Ecology Eligible","02/27/2025","Ogden, Utah","UTAH","US","03: Good Health and Well-Being;07: Affordable and Clean Energy;08: Decent Work and Economic Growth;09: Industry, Innovation and Infrastructure;11: Sustainable Cities and Communities;12: Responsible Consumption and Production;13: Climate Action","First Environment, Inc.","First Environment, Inc.","1977","View","www.qnergy.com",
"ACR896","N/A","926","Wesco HMB, Inc. HFC Reclamation Project  New Jersey 2023","Industrial Process Emissions","Certified Reclaimed HFC Refrigerants, Propellants, and Fire Suppressants","11/28/2022","11/28/2022","11/27/2062","Completed","Not ARB or Ecology Eligible","02/02/2024","Metuchen","NEW JERSEY","US","03: Good Health and Well-Being;09: Industry, Innovation and Infrastructure;12: Responsible Consumption and Production;13: Climate Action","TÜV SÜD America, Inc.","TÜV SÜD America, Inc.","84269","View","http://www.ushalonbank.com/",
"ACR1047","N/A","926","Wesco HMB, Inc. HFC Reclamation Project  New Jersey 2024","Industrial Process Emissions","Certified Reclaimed HFC Refrigerants, Propellants, and Fire Suppressants","07/18/2023","07/18/2023","07/17/2063","Completed","Not ARB or Ecology Eligible","12/18/2024","Metuchen","NEW JERSEY","US","03: Good Health and Well-Being;09: Industry, Innovation and Infrastructure;12: Responsible Consumption and Production;13: Climate Action","TÜV SÜD America, Inc.","TÜV SÜD America, Inc.","117659","View","http://www.ushalonbank.com/",
"ACR1182","N/A","926","Wesco HMB, Inc. HFC Reclamation Project  New Jersey 2025","Industrial Process Emissions","Certified Reclaimed HFC Refrigerants, Propellants, and Fire Suppressants","08/02/2024","08/02/2024","08/01/2064","Completed","Not ARB or Ecology Eligible","01/25/2026","Metuchen","NEW JERSEY","US","09: Industry, Innovation and Infrastructure;12: Responsible Consumption and Production;13: Climate Action","TÜV SÜD America, Inc.","TÜV SÜD America, Inc.","102726","View","http://www.ushalonbank.com/",
"ACR362","N/A","328","Whirlpool HFO Amana 362","Industrial Process Emissions","Transition to Advanced Formulation Blowing Agents in Foam Manufacturing and Use","06/01/2014","06/01/2014","05/31/2024","Completed","Not ARB or Ecology Eligible","07/28/2022","Amana","IOWA","US","03: Good Health and Well-Being;06: Clean Water and Sanitation;09: Industry, Innovation and Infrastructure;12: Responsible Consumption and Production;13: Climate Action","SCS Global Services (Scientific Certification Systems)","SCS Global Services (Scientific Certification Systems)","106024","View","",
"ACR440","N/A","328","Whirlpool HFO Amana 440","Industrial Process Emissions","Transition to Advanced Formulation Blowing Agents in Foam Manufacturing and Use","06/01/2015","06/01/2015","05/31/2025","Completed","Not ARB or Ecology Eligible","07/28/2022","Amana","IOWA","US","03: Good Health and Well-Being;06: Clean Water and Sanitation;09: Industry, Innovation and Infrastructure;12: Responsible Consumption and Production;13: Climate Action","GHD Limited","GHD Limited","127682","View","",
"ACR485","N/A","328","Whirlpool HFO Amana 485","Industrial Process Emissions","Transition to Advanced Formulation Blowing Agents in Foam Manufacturing and Use","06/01/2016","06/01/2016","05/31/2026","Completed","Not ARB or Ecology Eligible","07/28/2022","Amana","IOWA","US","03: Good Health and Well-Being;06: Clean Water and Sanitation;09: Industry, Innovation and Infrastructure;12: Responsible Consumption and Production;13: Climate Action","GHD Limited","GHD Limited","125302","View","",
"ACR486","N/A","328","Whirlpool HFO Amana 486","Industrial Process Emissions","Transition to Advanced Formulation Blowing Agents in Foam Manufacturing and Use","06/01/2017","06/01/2017","05/31/2027","Completed","Not ARB or Ecology Eligible","07/28/2022","Amana","IOWA","US","03: Good Health and Well-Being;06: Clean Water and Sanitation;09: Industry, Innovation and Infrastructure;12: Responsible Consumption and Production;13: Climate Action","GHD Limited","","119102","View","",
"ACR487","N/A","328","Whirlpool HFO Amana 487","Industrial Process Emissions","Transition to Advanced Formulation Blowing Agents in Foam Manufacturing and Use","06/01/2018","06/01/2018","05/31/2028","Completed","Not ARB or Ecology Eligible","07/28/2022","Amana","IOWA","US","03: Good Health and Well-Being;06: Clean Water and Sanitation;09: Industry, Innovation and Infrastructure;12: Responsible Consumption and Production;13: Climate Action","GHD Limited","GHD Limited","66579","View","",
"ACR656","N/A","328","Whirlpool HFO Amana 656","Industrial Process Emissions","Transition to Advanced Formulation Blowing Agents in Foam Manufacturing and Use","01/01/2019","01/01/2019","12/31/2032","Completed","Not ARB or Ecology Eligible","09/02/2022","Amana","IOWA","US","03: Good Health and Well-Being;06: Clean Water and Sanitation;09: Industry, Innovation and Infrastructure;12: Responsible Consumption and Production;13: Climate Action","First Environment, Inc.","First Environment, Inc.","2149053","View","",
"ACR657","N/A","328","Whirlpool HFO Amana 657","Industrial Process Emissions","Transition to Advanced Formulation Blowing Agents in Foam Manufacturing and Use","01/01/2020","01/01/2020","12/31/2033","Completed","Not ARB or Ecology Eligible","06/20/2024","2880 220th Trail, Amana, IA 52204","IOWA","US","03: Good Health and Well-Being;06: Clean Water and Sanitation;09: Industry, Innovation and Infrastructure;12: Responsible Consumption and Production;13: Climate Action","First Environment, Inc.","First Environment, Inc.","1698251","View","",
"ACR794","N/A","328","Whirlpool HFO Amana 794","Industrial Process Emissions","Transition to Advanced Formulation Blowing Agents in Foam Manufacturing and Use","01/01/2021","01/01/2021","12/31/2034","Completed","Not ARB or Ecology Eligible","05/02/2025","Amana","IOWA","US","03: Good Health and Well-Being;06: Clean Water and Sanitation;09: Industry, Innovation and Infrastructure;12: Responsible Consumption and Production;13: Climate Action","First Environment, Inc.","First Environment, Inc.","904574","View","",
"ACR994","N/A","328","Whirlpool HFO Amana 994","Industrial Process Emissions","Transition to Advanced Formulation Blowing Agents in Foam Manufacturing and Use","01/01/2022","01/01/2022","12/31/2035","Completed","Not ARB or Ecology Eligible","05/27/2025","Amana","IOWA","US","03: Good Health and Well-Being;06: Clean Water and Sanitation;09: Industry, Innovation and Infrastructure;12: Responsible Consumption and Production;13: Climate Action","First Environment, Inc.","First Environment, Inc.","770381","View","",
"ACR998","N/A","328","Whirlpool HFO Amana 998","Industrial Process Emissions","Transition to Advanced Formulation Blowing Agents in Foam Manufacturing and Use","01/01/2023","01/01/2023","12/31/2036","Completed","Not ARB or Ecology Eligible","05/27/2025","Amana","IOWA","US","03: Good Health and Well-Being;06: Clean Water and Sanitation;09: Industry, Innovation and Infrastructure;12: Responsible Consumption and Production;13: Climate Action","First Environment, Inc.","First Environment, Inc.","731785","View","",
"ACR658","N/A","328","Whirlpool HFO Ottawa 658","Industrial Process Emissions","Transition to Advanced Formulation Blowing Agents in Foam Manufacturing and Use","01/01/2019","01/01/2019","12/31/2032","Completed","Not ARB or Ecology Eligible","07/26/2022","Ottawa","OHIO","US","03: Good Health and Well-Being;06: Clean Water and Sanitation;09: Industry, Innovation and Infrastructure;12: Responsible Consumption and Production;13: Climate Action","First Environment, Inc.","First Environment, Inc.","414184","View","",
"ACR659","N/A","328","Whirlpool HFO Ottawa 659","Industrial Process Emissions","Transition to Advanced Formulation Blowing Agents in Foam Manufacturing and Use","01/01/2020","01/01/2020","12/31/2033","Completed","Not ARB or Ecology Eligible","12/30/2024","Ottawa","OHIO","US","03: Good Health and Well-Being;06: Clean Water and Sanitation;09: Industry, Innovation and Infrastructure;12: Responsible Consumption and Production;13: Climate Action","First Environment, Inc.","First Environment, Inc.","421733","View","",
"ACR795","N/A","328","Whirlpool HFO Ottawa 795","Industrial Process Emissions","Transition to Advanced Formulation Blowing Agents in Foam Manufacturing and Use","01/01/2021","01/01/2021","12/31/2034","Completed","Not ARB or Ecology Eligible","05/02/2025","Ottawa","OHIO","US","03: Good Health and Well-Being;06: Clean Water and Sanitation;09: Industry, Innovation and Infrastructure;12: Responsible Consumption and Production;13: Climate Action","First Environment, Inc.","First Environment, Inc.","294699","View","",
"ACR995","N/A","328","Whirlpool HFO Ottawa 995","Industrial Process Emissions","Transition to Advanced Formulation Blowing Agents in Foam Manufacturing and Use","01/01/2022","01/01/2022","12/31/2035","Completed","Not ARB or Ecology Eligible","05/27/2025","Ottawa","OHIO","US","03: Good Health and Well-Being;06: Clean Water and Sanitation;09: Industry, Innovation and Infrastructure;12: Responsible Consumption and Production;13: Climate Action","First Environment, Inc.","First Environment, Inc.","282587","View","",
"ACR999","N/A","328","Whirlpool HFO Ottawa 999","Industrial Process Emissions","Transition to Advanced Formulation Blowing Agents in Foam Manufacturing and Use","01/01/2023","01/01/2023","12/31/2036","Completed","Not ARB or Ecology Eligible","05/27/2025","Ottawa","OHIO","US","03: Good Health and Well-Being;06: Clean Water and Sanitation;09: Industry, Innovation and Infrastructure;12: Responsible Consumption and Production;13: Climate Action","First Environment, Inc.","First Environment, Inc.","230632","View","",
"ACR1000","N/A","328","Whirlpool HFO Ramos 1000","Industrial Process Emissions","Transition to Advanced Formulation Blowing Agents in Foam Manufacturing and Use","01/01/2023","01/01/2023","12/31/2036","Completed","Not ARB or Ecology Eligible","05/27/2025","Ramos Arizpe","COAHUILA","MX","03: Good Health and Well-Being;06: Clean Water and Sanitation;09: Industry, Innovation and Infrastructure;12: Responsible Consumption and Production;13: Climate Action","First Environment, Inc.","First Environment, Inc.","1090133","View","",
"ACR660","N/A","328","Whirlpool HFO Ramos 660","Industrial Process Emissions","Transition to Advanced Formulation Blowing Agents in Foam Manufacturing and Use","01/01/2019","01/01/2019","12/31/2032","Completed","Not ARB or Ecology Eligible","05/11/2023","Blvd. Omega #2150, Parque Industrial Santa Maria, 25903 Ramos Arizpe, Coah.,","COAHUILA","MX","03: Good Health and Well-Being;06: Clean Water and Sanitation;09: Industry, Innovation and Infrastructure;12: Responsible Consumption and Production;13: Climate Action","First Environment, Inc.","First Environment, Inc.","1463633","View","https://www.whirlpool.com/",
"ACR661","N/A","328","Whirlpool HFO Ramos 661","Industrial Process Emissions","Transition to Advanced Formulation Blowing Agents in Foam Manufacturing and Use","01/01/2020","01/01/2020","12/31/2033","Completed","Not ARB or Ecology Eligible","12/30/2024","Ramos Azripe","COAHUILA","MX","03: Good Health and Well-Being;06: Clean Water and Sanitation;09: Industry, Innovation and Infrastructure;12: Responsible Consumption and Production;13: Climate Action","First Environment, Inc.","First Environment, Inc.","1489757","View","",
"ACR796","N/A","328","Whirlpool HFO Ramos 796","Industrial Process Emissions","Transition to Advanced Formulation Blowing Agents in Foam Manufacturing and Use","01/01/2021","01/01/2021","12/31/2034","Completed","Not ARB or Ecology Eligible","05/02/2025","Ramos","COAHUILA","MX","03: Good Health and Well-Being;06: Clean Water and Sanitation;09: Industry, Innovation and Infrastructure;12: Responsible Consumption and Production;13: Climate Action","First Environment, Inc.","First Environment, Inc.","1107195","View","",
"ACR996","N/A","328","Whirlpool HFO Ramos 996","Industrial Process Emissions","Transition to Advanced Formulation Blowing Agents in Foam Manufacturing and Use","01/01/2022","01/01/2022","12/31/2035","Completed","Not ARB or Ecology Eligible","05/27/2025","Ramos Arizpe","COAHUILA","MX","03: Good Health and Well-Being;06: Clean Water and Sanitation;09: Industry, Innovation and Infrastructure;12: Responsible Consumption and Production;13: Climate Action","First Environment, Inc.","First Environment, Inc.","1150192","View","",
"ACR1001","N/A","328","Whirlpool HFO Supsa 1001","Industrial Process Emissions","Transition to Advanced Formulation Blowing Agents in Foam Manufacturing and Use","01/01/2023","01/01/2023","12/31/2036","Completed","Not ARB or Ecology Eligible","05/27/2025","Ciudad Apodaca","NUEVO LEÓN","MX","03: Good Health and Well-Being;06: Clean Water and Sanitation;09: Industry, Innovation and Infrastructure;12: Responsible Consumption and Production;13: Climate Action","First Environment, Inc.","First Environment, Inc.","1568319","View","",
"ACR662","N/A","328","Whirlpool HFO Supsa 662","Industrial Process Emissions","Transition to Advanced Formulation Blowing Agents in Foam Manufacturing and Use","01/01/2020","01/01/2020","12/31/2033","Completed","Not ARB or Ecology Eligible","12/30/2024","Apodaca","NUEVO LEÓN","MX","03: Good Health and Well-Being;06: Clean Water and Sanitation;09: Industry, Innovation and Infrastructure;12: Responsible Consumption and Production;13: Climate Action","First Environment, Inc.","First Environment, Inc.","2074459","View","",
"ACR797","N/A","328","Whirlpool HFO Supsa 797","Industrial Process Emissions","Transition to Advanced Formulation Blowing Agents in Foam Manufacturing and Use","01/01/2021","01/01/2021","12/31/2034","Completed","Not ARB or Ecology Eligible","05/02/2025","Supsa","NUEVO LEÓN","MX","03: Good Health and Well-Being;06: Clean Water and Sanitation;09: Industry, Innovation and Infrastructure;12: Responsible Consumption and Production;13: Climate Action","First Environment, Inc.","First Environment, Inc.","1712931","View","",
"ACR997","N/A","328","Whirlpool HFO Supsa 997","Industrial Process Emissions","Transition to Advanced Formulation Blowing Agents in Foam Manufacturing and Use","01/01/2022","01/01/2022","12/31/2035","Completed","Not ARB or Ecology Eligible","05/27/2025","Ciudad Apodaca","NUEVO LEÓN","MX","03: Good Health and Well-Being;06: Clean Water and Sanitation;09: Industry, Innovation and Infrastructure;12: Responsible Consumption and Production;13: Climate Action","First Environment, Inc.","First Environment, Inc.","1603000","View","",
"ACR302","","White Mountain Apache Tribe","White Mountain Apache Tribe Carbon Project (original II)","Forest Carbon","ARB Compliance Offset Protocol: U.S. Forest Projects","10/28/2015","10/28/2015","10/27/2040","N/A","ARB Inactive","01/04/2024","Fort Apache Indian Reservation","ARIZONA","US","06: Clean Water and Sanitation;13: Climate Action;15: Life on Land","","N/A","","View","",
"ACR303","CAFR5253","White Mountain Apache Tribe","White Mountain Apache Tribe Carbon Project II","Forest Carbon","ARB Compliance Offset Protocol: U.S. Forest Projects","10/28/2015","10/28/2015","10/27/2040","N/A","Listed - Active ARB Project","10/28/2015","Fort Apache Indian Reservation","ARIZONA","US","06: Clean Water and Sanitation;13: Climate Action;15: Life on Land","TÜV SÜD America, Inc.","N/A","6522969","View","",
"ACR304","","White Mountain Apache Tribe","White Mountain Apache Tribe Carbon Project IV","Forest Carbon","ARB Compliance Offset Protocol: U.S. Forest Projects","10/28/2015","10/28/2015","10/27/2040","N/A","ARB Inactive","01/04/2024","White River","ARIZONA","US","06: Clean Water and Sanitation;13: Climate Action;15: Life on Land","","N/A","","View","",
"ACR305","","White Mountain Apache Tribe","White Mountain Apache Tribe Carbon Project V","Forest Carbon","ARB Compliance Offset Protocol: U.S. Forest Projects","10/28/2015","10/28/2015","10/27/2040","N/A","ARB Inactive","01/04/2024","White River","ARIZONA","US","06: Clean Water and Sanitation;13: Climate Action;15: Life on Land","","N/A","","View","",
"ACR211","CAFR5072","White Mountain Apache Tribe","White Mountain Apache Tribe Forest Carbon Project","Forest Carbon","ARB Compliance Offset Protocol: U.S. Forest Projects","09/19/2012","09/19/2012","09/18/2037","N/A","Listed - Active ARB Project","06/23/2014","White River","ARIZONA","US","06: Clean Water and Sanitation;13: Climate Action;15: Life on Land","SCS Global Services (Scientific Certification Systems)","N/A","5034802","View","",
"ACR704","N/A","1133","Wildlands Carbon Initiative","Forest Carbon","Improved Forest Management (IFM) on Non-Federal U.S. Forestlands","06/16/2022","06/16/2022","06/15/2042","Registered","Not ARB or Ecology Eligible","01/09/2025","New England","MAINE","US","03: Good Health and Well-Being;06: Clean Water and Sanitation;13: Climate Action;15: Life on Land","SCS Global Services (Scientific Certification Systems)","SCS Global Services (Scientific Certification Systems)","81749","View","https://sig-gis.com/co2/",
"ACR238","CALS5138","Camco Offsets I, LLC","Willet Dairy","Livestock Waste Management","ARB Compliance Offset Protocol: Capturing and Destroying Methane from Manure Management Systems","11/30/2014","11/30/2014","11/29/2024","N/A","ARB Terminated","01/06/2024","King Ferry","NEW YORK","US","02: Zero Hunger;09: Industry, Innovation and Infrastructure;13: Climate Action","Dillon Consulting Limited","N/A","114740","View","",
"ACR644","CAMM5644","Keyrock Environment LLC","Willow Lake Abandoned Mine Methane Recovery Project","Coal Mine Methane","ARB Compliance Offset Protocol: Mine Methane Capture Projects","03/16/2021","03/16/2021","11/30/2030","N/A","Transferred ARB or Ecology Project","10/30/2025","Equality","ILLINOIS","US","09: Industry, Innovation and Infrastructure;13: Climate Action","Dillon Consulting Limited","N/A","276175","View","",
"ACR389","N/A","Port Blakely","Winston Creek Forest Carbon Project","Forest Carbon","Improved Forest Management (IFM) on Non-Federal U.S. Forestlands","04/17/2017","04/17/2017","04/16/2037","Registered","Not ARB or Ecology Eligible","10/11/2017","Morton, Washington","WASHINGTON","US","03: Good Health and Well-Being;06: Clean Water and Sanitation;13: Climate Action;15: Life on Land","S&A Carbon, LLC","SCS Global Services (Scientific Certification Systems)","952777","View","",
"ACR418","CAMM5418","Environmental Commodities Corporation","WMMC1","Coal Mine Methane","ARB Compliance Offset Protocol: Mine Methane Capture Projects","05/09/2017","05/09/2017","03/03/2028","N/A","Listed - Active ARB Project","03/30/2018","West Liberty","WEST VIRGINIA","US","09: Industry, Innovation and Infrastructure;13: Climate Action","First Environment of California, Inc.","N/A","44376","View","www.eccintl.com",
"ACR545","CAMM5545","Environmental Commodities Corporation","WMMC2","Coal Mine Methane","ARB Compliance Offset Protocol: Mine Methane Capture Projects","10/25/2023","10/25/2023","06/30/2033","N/A","Listed - Active ARB Project","04/17/2020","Somerset","COLORADO","US","09: Industry, Innovation and Infrastructure;13: Climate Action","First Environment of California, Inc.","N/A","57887","View","",
"ACR628","N/A","1190","Wolf Lands Forest Carbon Project","Forest Carbon","Improved Forest Management (IFM) on Non-Federal U.S. Forestlands","05/20/2020","05/20/2020","05/19/2040","Registered","Not ARB or Ecology Eligible","05/04/2023","Ontonagon, Richland, Lake and St. Louis Counties","MICHIGAN; WISCONSIN; MINNESOTA","US","03: Good Health and Well-Being;06: Clean Water and Sanitation;09: Industry, Innovation and Infrastructure;13: Climate Action;15: Life on Land","Aster Global Environmental Solutions","Aster Global Environmental Solutions","230942","View","",
"ACR467","CALS5030","Camco Offsets I, LLC","WTE Digester","Livestock Waste Management","ARB Compliance Offset Protocol: Capturing and Destroying Methane from Manure Management Systems","01/15/2015","01/15/2015","03/31/2025","N/A","ARB Terminated","01/09/2025","Sturgeon Bay","WISCONSIN","US","02: Zero Hunger;09: Industry, Innovation and Infrastructure;13: Climate Action","SES, Inc.","N/A","37316","View","",
"ACR959","N/A","Zefiro Methane Corp.","Zefiro Methane OOG 1 - Drake","Industrial Process Emissions","Plugging Orphan Oil and Gas Wells in the U.S. and Canada","06/21/2025","06/21/2025","06/20/2045","Completed","Not ARB or Ecology Eligible","08/04/2025","Custer County, OK","OKLAHOMA","US","03: Good Health and Well-Being;09: Industry, Innovation and Infrastructure;12: Responsible Consumption and Production;13: Climate Action","TÜV SÜD America, Inc.","TÜV SÜD America, Inc.","92956","View","www.ZefiroMethane.com",
"ACR1012","N/A","Zefiro Methane Corp.","Zefiro Methane OOG A - Drake","Industrial Process Emissions","Plugging Orphan Oil and Gas Wells in the U.S. and Canada","07/18/2025","07/18/2025","07/18/2045","Listed","Not ARB or Ecology Eligible","04/01/2024","Kay County","OKLAHOMA","US","03: Good Health and Well-Being;08: Decent Work and Economic Growth;09: Industry, Innovation and Infrastructure;12: Responsible Consumption and Production;13: Climate Action","GHD Limited","","","View","",
