name,country,gsid,developer,project_type,methodology,size,estimated_annual_credits
GS12793 Mitti Labs: Supporting Climate Smart Rice Farming In Telangana ,India,12794,Mitti Labs Limited,Other,,Large Scale,55296
Proyecto Mirador Enhanced Distribution of Improved Cookstove in Latin America – Fourth VPA for Distribution of Dos por Tres Cookstove in Honduras,Honduras,12798,Proyecto Mirador,Energy Efficiency - Domestic,,Large Scale,185159
GS11638 GS11640 RVPA-5 SPOUTS Water Purifier Programme in Africa- WPS in Uganda by AERA- VPA 15,Uganda,13120,AGS Carbon Advisory,Energy Efficiency - Domestic,GS Methodology for emission reductions from safe drinking water supply,Small Scale,59651
GS12239 GS12240 RVPA-1 Amazi Meza Rwanda Water Supply Project For Schools,Rwanda,23187,SweetSense Inc.,Energy Efficiency - Domestic,GS Methodology for emission reductions from safe drinking water supply,Small Scale,60000
GS12792 VPA-1 Hygiene and Environmental Care for Tanks and Overhead Reservoirs (HECTOR),India,13130,Expert365 Pty Ltd.,Energy Efficiency - Domestic,,Small Scale,44305
Promotion of Improved and Efficient Cooking Practices in the host country of Uganda,Uganda,23170,PERSISTENTCLIMATE INDIA PRIVATE LIMITED,Energy Efficiency - Domestic,,Large Scale,90781
GS23155 VPA-1 Changing  Lives by Improved Cooking in  Bangladesh ,Bangladesh,13110,Climate Secure India Pvt. Ltd,Energy Efficiency - Domestic,,Large Scale,60000
GS23149 Uganda Cook Bright  Initiative - VPA01,Uganda,13107,Impact Carbon,Energy Efficiency - Domestic,,Large Scale,300000
GS13044 VPA-1 Kenya LifeStraw Give Back Program,Kenya,13045,SweetSense Inc.,Energy Efficiency - Domestic,,Small Scale,60000
UpEnergy-Social and Climate Impact Programme- Cooking Devices VPA-41,Malawi,13021,UpEnergy Group,Energy Efficiency - Domestic,GS TPDDTEC v3.1,Small Scale,40000
UpEnergy-Social and Climate Impact Programme- Cooking Devices VPA-40,Malawi,13020,UpEnergy Group,Energy Efficiency - Domestic,GS TPDDTEC v3.1,Small Scale,39034
GS11935 GS11934 RVPA-59 Promoting sustainable use of biomass energy resources in targeted communities,Nepal,12759,Value Network Ventures Pte. Ltd.,Energy Efficiency - Domestic,GS MS Simplified Methodology for Efficient Cookstoves v1.1,Micro Scale,9466
GS11935 GS11934 RVPA-58 Promoting sustainable use of biomass energy resources in targeted communities,Nepal,12758,Value Network Ventures Pte. Ltd.,Energy Efficiency - Domestic,GS MS Simplified Methodology for Efficient Cookstoves v1.1,Micro Scale,9625
GS11935 GS11934 RVPA-57 Promoting sustainable use of biomass energy resources in targeted communities,Nepal,12757,Value Network Ventures Pte. Ltd.,Energy Efficiency - Domestic,GS MS Simplified Methodology for Efficient Cookstoves v1.1,Micro Scale,9228
GS11935 GS11934 RVPA-56 Promoting sustainable use of biomass energy resources in targeted communities,Nepal,12756,Value Network Ventures Pte. Ltd.,Energy Efficiency - Domestic,GS MS Simplified Methodology for Efficient Cookstoves v1.1,Micro Scale,9466
GS11935 GS11934 RVPA-55 Promoting sustainable use of biomass energy resources in targeted communities,Nepal,12755,Value Network Ventures Pte. Ltd.,Energy Efficiency - Domestic,GS MS Simplified Methodology for Efficient Cookstoves v1.1,Micro Scale,9466
GS11935 GS11934 RVPA-54 Promoting sustainable use of biomass energy resources in targeted communities,Nepal,12754,Value Network Ventures Pte. Ltd.,Energy Efficiency - Domestic,GS MS Simplified Methodology for Efficient Cookstoves v1.1,Micro Scale,9466
GS11935 GS11934 RVPA-53 Promoting sustainable use of biomass energy resources in targeted communities,Nepal,12753,Value Network Ventures Pte. Ltd.,Energy Efficiency - Domestic,GS MS Simplified Methodology for Efficient Cookstoves v1.1,Micro Scale,9741
GS11935 GS11934 RVPA-52 Promoting sustainable use of biomass energy resources in targeted communities,Nepal,12752,Value Network Ventures Pte. Ltd.,Energy Efficiency - Domestic,GS MS Simplified Methodology for Efficient Cookstoves v1.1,Micro Scale,9466
GS11935 GS11934 RVPA-51 Promoting sustainable use of biomass energy resources in targeted communities,Nepal,12751,Value Network Ventures Pte. Ltd.,Energy Efficiency - Domestic,GS MS Simplified Methodology for Efficient Cookstoves v1.1,Micro Scale,9466
GS11935 GS11934 RVPA-50 Promoting sustainable use of biomass energy resources in targeted communities,Nepal,12750,Value Network Ventures Pte. Ltd.,Energy Efficiency - Domestic,GS MS Simplified Methodology for Efficient Cookstoves v1.1,Micro Scale,9674
GS11935 GS11934 RVPA-49 Promoting sustainable use of biomass energy resources in targeted communities,Nepal,12749,Value Network Ventures Pte. Ltd.,Energy Efficiency - Domestic,GS MS Simplified Methodology for Efficient Cookstoves v1.1,Micro Scale,9466
GS11935 GS11934 RVPA-48 Promoting sustainable use of biomass energy resources in targeted communities,Nepal,12748,Value Network Ventures Pte. Ltd.,Energy Efficiency - Domestic,GS MS Simplified Methodology for Efficient Cookstoves v1.1,Micro Scale,9466
GS11935 GS11934 RVPA-47 Promoting sustainable use of biomass energy resources in targeted communities,Nepal,12747,Value Network Ventures Pte. Ltd.,Energy Efficiency - Domestic,GS MS Simplified Methodology for Efficient Cookstoves v1.1,Micro Scale,9466
GS11935 GS11934 RVPA-46 Promoting sustainable use of biomass energy resources in targeted communities,Nepal,12746,Value Network Ventures Pte. Ltd.,Energy Efficiency - Domestic,GS MS Simplified Methodology for Efficient Cookstoves v1.1,Micro Scale,9466
GS11935 GS11934 RVPA-45 Promoting sustainable use of biomass energy resources in targeted communities,Nepal,12745,Value Network Ventures Pte. Ltd.,Energy Efficiency - Domestic,GS MS Simplified Methodology for Efficient Cookstoves v1.1,Micro Scale,9466
GS11935 GS11934 RVPA-44 Promoting sustainable use of biomass energy resources in targeted communities,Nepal,12744,Value Network Ventures Pte. Ltd.,Energy Efficiency - Domestic,GS MS Simplified Methodology for Efficient Cookstoves v1.1,Micro Scale,9466
GS11935 GS11934 RVPA-43 Promoting sustainable use of biomass energy resources in targeted communities,Nepal,12743,Value Network Ventures Pte. Ltd.,Energy Efficiency - Domestic,GS MS Simplified Methodology for Efficient Cookstoves v1.1,Micro Scale,9466
GS11935 GS11934 RVPA-42 Promoting sustainable use of biomass energy resources in targeted communities,Nepal,12742,Value Network Ventures Pte. Ltd.,Energy Efficiency - Domestic,GS MS Simplified Methodology for Efficient Cookstoves v1.1,Micro Scale,9466
GS11935 GS11934 RVPA-41 Promoting sustainable use of biomass energy resources in targeted communities,Nepal,12741,Value Network Ventures Pte. Ltd.,Energy Efficiency - Domestic,GS MS Simplified Methodology for Efficient Cookstoves v1.1,Micro Scale,9454
GS11935 GS11934 RVPA-40 Promoting sustainable use of biomass energy resources in targeted communities,Nepal,12740,Value Network Ventures Pte. Ltd.,Energy Efficiency - Domestic,GS MS Simplified Methodology for Efficient Cookstoves v1.1,Micro Scale,9466
GS11935 GS11934 RVPA-39 Promoting sustainable use of biomass energy resources in targeted communities,Nepal,12739,Value Network Ventures Pte. Ltd.,Energy Efficiency - Domestic,GS MS Simplified Methodology for Efficient Cookstoves v1.1,Micro Scale,9155
GS11935 GS11934 RVPA-38 Promoting sustainable use of biomass energy resources in targeted communities,Nepal,12738,Value Network Ventures Pte. Ltd.,Energy Efficiency - Domestic,GS MS Simplified Methodology for Efficient Cookstoves v1.1,Micro Scale,9466
GS11935 GS11934 RVPA-37 Promoting sustainable use of biomass energy resources in targeted communities,Nepal,12737,Value Network Ventures Pte. Ltd.,Energy Efficiency - Domestic,GS MS Simplified Methodology for Efficient Cookstoves v1.1,Micro Scale,9466
GS11935 GS11934 RVPA-36 Promoting sustainable use of biomass energy resources in targeted communities,Nepal,12736,Value Network Ventures Pte. Ltd.,Energy Efficiency - Domestic,GS MS Simplified Methodology for Efficient Cookstoves v1.1,Micro Scale,9778
GS11935 GS11934 RVPA-35 Promoting sustainable use of biomass energy resources in targeted communities,Nepal,12735,Value Network Ventures Pte. Ltd.,Energy Efficiency - Domestic,GS MS Simplified Methodology for Efficient Cookstoves v1.1,Micro Scale,9429
GS11935 GS11934 RVPA-34 Promoting sustainable use of biomass energy resources in targeted communities,Nepal,12734,Value Network Ventures Pte. Ltd.,Energy Efficiency - Domestic,GS MS Simplified Methodology for Efficient Cookstoves v1.1,Micro Scale,9277
GS11935 GS11934 RVPA-33 Promoting sustainable use of biomass energy resources in targeted communities,Nepal,12733,Value Network Ventures Pte. Ltd.,Energy Efficiency - Domestic,GS MS Simplified Methodology for Efficient Cookstoves v1.1,Micro Scale,9637
GS11935 GS11934 RVPA-32 Promoting sustainable use of biomass energy resources in targeted communities,Nepal,12732,Value Network Ventures Pte. Ltd.,Energy Efficiency - Domestic,GS MS Simplified Methodology for Efficient Cookstoves v1.1,Micro Scale,9466
GS11935 GS11934 RVPA-31 Promoting sustainable use of biomass energy resources in targeted communities,Nepal,12731,Value Network Ventures Pte. Ltd.,Energy Efficiency - Domestic,GS MS Simplified Methodology for Efficient Cookstoves v1.1,Micro Scale,9439
GS11935 GS11934 RVPA-30 Promoting sustainable use of biomass energy resources in targeted communities,Nepal,12730,Value Network Ventures Pte. Ltd.,Energy Efficiency - Domestic,GS MS Simplified Methodology for Efficient Cookstoves v1.1,Micro Scale,9466
GS11935 GS11934 RVPA-29 Promoting sustainable use of biomass energy resources in targeted communities,Nepal,12729,Value Network Ventures Pte. Ltd.,Energy Efficiency - Domestic,GS MS Simplified Methodology for Efficient Cookstoves v1.1,Micro Scale,9466
GS11935 GS11934 RVPA-28 Promoting sustainable use of biomass energy resources in targeted communities,Nepal,12728,Value Network Ventures Pte. Ltd.,Energy Efficiency - Domestic,GS MS Simplified Methodology for Efficient Cookstoves v1.1,Micro Scale,9466
GS11935 GS11934 RVPA-27 Promoting sustainable use of biomass energy resources in targeted communities,Nepal,12727,Value Network Ventures Pte. Ltd.,Energy Efficiency - Domestic,GS MS Simplified Methodology for Efficient Cookstoves v1.1,Micro Scale,9461
GS11935 GS11934 RVPA-26 Promoting sustainable use of biomass energy resources in targeted communities,Nepal,12726,Value Network Ventures Pte. Ltd.,Energy Efficiency - Domestic,GS MS Simplified Methodology for Efficient Cookstoves v1.1,Micro Scale,9466
GS11935 GS11934 RVPA-25 Promoting sustainable use of biomass energy resources in targeted communities,Nepal,12725,Value Network Ventures Pte. Ltd.,Energy Efficiency - Domestic,GS MS Simplified Methodology for Efficient Cookstoves v1.1,Micro Scale,9466
GS11935 GS11934 RVPA-24 Promoting sustainable use of biomass energy resources in targeted communities,Nepal,12724,Value Network Ventures Pte. Ltd.,Energy Efficiency - Domestic,GS MS Simplified Methodology for Efficient Cookstoves v1.1,Micro Scale,9424
GS11935 GS11934 RVPA-23 Promoting sustainable use of biomass energy resources in targeted communities,Nepal,12723,Value Network Ventures Pte. Ltd.,Energy Efficiency - Domestic,GS MS Simplified Methodology for Efficient Cookstoves v1.1,Micro Scale,9466
GS11935 GS11934 RVPA-22 Promoting sustainable use of biomass energy resources in targeted communities,Nepal,12722,Value Network Ventures Pte. Ltd.,Energy Efficiency - Domestic,GS MS Simplified Methodology for Efficient Cookstoves v1.1,Micro Scale,9466
GS11935 GS11934 RVPA-21 Promoting sustainable use of biomass energy resources in targeted communities,Nepal,12721,Value Network Ventures Pte. Ltd.,Energy Efficiency - Domestic,GS MS Simplified Methodology for Efficient Cookstoves v1.1,Micro Scale,9265
GS11935 GS11934 RVPA-20 Promoting sustainable use of biomass energy resources in targeted communities,Nepal,12719,Value Network Ventures Pte. Ltd.,Energy Efficiency - Domestic,GS MS Simplified Methodology for Efficient Cookstoves v1.1,Micro Scale,8752
GS11935 GS11934 RVPA-19 Promoting sustainable use of biomass energy resources in targeted communities,Nepal,12718,Value Network Ventures Pte. Ltd.,Energy Efficiency - Domestic,GS MS Simplified Methodology for Efficient Cookstoves v1.1,Micro Scale,9466
GS11935 GS11934 RVPA-18 Promoting sustainable use of biomass energy resources in targeted communities,Nepal,12717,Value Network Ventures Pte. Ltd.,Energy Efficiency - Domestic,GS MS Simplified Methodology for Efficient Cookstoves v1.1,Micro Scale,9466
GS11935 GS11934 RVPA-17 Promoting sustainable use of biomass energy resources in targeted communities,Nepal,12716,Value Network Ventures Pte. Ltd.,Energy Efficiency - Domestic,GS MS Simplified Methodology for Efficient Cookstoves v1.1,Micro Scale,9601
GS11935 GS11934 RVPA-16 Promoting sustainable use of biomass energy resources in targeted communities,Nepal,12715,Value Network Ventures Pte. Ltd.,Energy Efficiency - Domestic,GS MS Simplified Methodology for Efficient Cookstoves v1.1,Micro Scale,9461
GS11935 GS11934 RVPA-15 Promoting sustainable use of biomass energy resources in targeted communities,Nepal,12714,Value Network Ventures Pte. Ltd.,Energy Efficiency - Domestic,GS MS Simplified Methodology for Efficient Cookstoves v1.1,Micro Scale,9466
GS11935 GS11934 RVPA-14 Promoting sustainable use of biomass energy resources in targeted communities,Nepal,12713,Value Network Ventures Pte. Ltd.,Energy Efficiency - Domestic,GS MS Simplified Methodology for Efficient Cookstoves v1.1,Micro Scale,9466
GS11935 GS11934 RVPA-13 Promoting sustainable use of biomass energy resources in targeted communities,Nepal,12712,Value Network Ventures Pte. Ltd.,Energy Efficiency - Domestic,GS MS Simplified Methodology for Efficient Cookstoves v1.1,Micro Scale,9571
GS11935 GS11934 RVPA-12 Promoting sustainable use of biomass energy resources in targeted communities,Nepal,12711,Value Network Ventures Pte. Ltd.,Energy Efficiency - Domestic,GS MS Simplified Methodology for Efficient Cookstoves v1.1,Micro Scale,9601
GS11935 GS11934 RVPA-11 Promoting sustainable use of biomass energy resources in targeted communities,Nepal,12710,Value Network Ventures Pte. Ltd.,Energy Efficiency - Domestic,GS MS Simplified Methodology for Efficient Cookstoves v1.1,Micro Scale,9466
GS11935 GS11934 RVPA-10 Promoting sustainable use of biomass energy resources in targeted communities,Nepal,12709,Value Network Ventures Pte. Ltd.,Energy Efficiency - Domestic,GS MS Simplified Methodology for Efficient Cookstoves v1.1,Micro Scale,9406
GS11935 GS11934 RVPA-09 Promoting sustainable use of biomass energy resources in targeted communities,Nepal,12708,Value Network Ventures Pte. Ltd.,Energy Efficiency - Domestic,,Micro Scale,9613
GS11935 GS11934 RVPA-08 Promoting sustainable use of biomass energy resources in targeted communities,Nepal,12707,Value Network Ventures Pte. Ltd.,Energy Efficiency - Domestic,,Micro Scale,9466
GS11935 GS11934 RVPA-07 Promoting sustainable use of biomass energy resources in targeted communities,Nepal,12706,Value Network Ventures Pte. Ltd.,Energy Efficiency - Domestic,,Micro Scale,9466
GS11935 GS11934 RVPA-06 Promoting sustainable use of biomass energy resources in targeted communities,Nepal,12705,Value Network Ventures Pte. Ltd.,Energy Efficiency - Domestic,,Micro Scale,9466
GS11935 GS11934 RVPA-05 Promoting sustainable use of biomass energy resources in targeted communities,Nepal,12704,Value Network Ventures Pte. Ltd.,Energy Efficiency - Domestic,,Micro Scale,9466
GS11935 GS11934 RVPA-04 Promoting sustainable use of biomass energy resources in targeted communities,Nepal,12703,Value Network Ventures Pte. Ltd.,Energy Efficiency - Domestic,,Micro Scale,9466
GS11935 GS11934 RVPA-03 Promoting sustainable use of biomass energy resources in targeted communities,Nepal,12702,Value Network Ventures Pte. Ltd.,Energy Efficiency - Domestic,,Micro Scale,9466
GS11935 GS11934 RVPA-02 Promoting sustainable use of biomass energy resources in targeted communities,Nepal,12701,Value Network Ventures Pte. Ltd.,Energy Efficiency - Domestic,,Micro Scale,9466
Vita Green Impact Programme – Ethiopia Stove Project,Ethiopia,12476,VITA GREEN IMPACT PROGRAMME DESIGNATED ACTIVITY COMPANY,Energy Efficiency - Domestic,,Large Scale,349234
Southern Africa Clean Cookstove Initiative (SACCI) PoA: VPA01 in Zimbabwe,Zimbabwe,12875,SACCI1 LTD,Energy Efficiency - Domestic,,Small Scale,212766
GS11638 GS11640 RVPA-4 SPOUTS Water Purifier Programme in Africa- WPS in Uganda by AERA- VPA 14,Uganda,12801,AGS Carbon Advisory,Energy Efficiency - Domestic,GS Methodology for emission reductions from safe drinking water supply,Small Scale,35000
MACAÚBAS LANDFILL GAS PROJECT,Brazil,12670,VITAL ENGENHARIA AMBIENTAL S/A,Other,,Large Scale,445100
Azerenerji OJSC Hydro Bundle-3,Azerbaijan,12624,SOCAR Trading SA,"Small, Low - Impact Hydro",,Small Scale,8311
CTR Agreste Landfill Gas,Brazil,12786,CGB ALAGOAS ENERGIA LTDA,Biogas - Electricity,ACM0001 Flaring or use of landfill gas,Large Scale,48962
Uplifting communities through clean energy in the DRC - VPA 1,Congo the Democratic Republic of the,12470,EcoNetix GmbH,Energy Efficiency - Domestic,AMS-I.A. Electricity generation by the user,Small Scale,47314
GS12102 VPA-4 Improved cooking experience to reduce charcoal consumption in Tete Mozambique,Mozambique,12247,Carbonsink (Carbonsink Group S.r.l.),Energy Efficiency - Domestic,GS TPDDTEC V4.0: REDUCED EMISSIONS FROM COOKING AND HEATING – TECHNOLOGIES AND PRACTICES TO DISPLACE DECENTRALIZED THERMAL ENERGY CONSUMPTION,Small Scale,25045
GS11695 GS11696 RVPA-1 Water Purifier Project in Maharashtra India by Seniority Pvt. Ltd. - VPA-2 ,India,12668,AGS Carbon Advisory,Energy Efficiency - Domestic,,Small Scale,37853
GS7591 VPA 61 Improved Cookstove Distribution in Kayonza Bugesera and Nyamasheke Districts of Rwanda (GS12618),Rwanda,12618,CO2balance UK ltd,Energy Efficiency - Domestic,,Small Scale,34844
GS7591 VPA 60 Improved Cookstove Distribution in Kayonza Bugesera and Nyamasheke Districts of Rwanda (GS12617),Rwanda,12617,CO2balance UK ltd,Energy Efficiency - Domestic,,Small Scale,34844
GS7591 VPA 59 Improved Cookstove Distribution in Kayonza Bugesera and Nyamasheke Districts of Rwanda (GS12616),Rwanda,12616,CO2balance UK ltd,Energy Efficiency - Domestic,GS TPDDTEC v3.1,Small Scale,34844
EFFICIENT KITCHENS IN GUJARAT UTTAR PRADESH AND MADHYA PRADESH -VPA02,India,12533,Climate Impact Partners Limited,Energy Efficiency - Domestic,,Large Scale,40000
Boundiali solar power plant,Côte d'Ivoire,12486,AERA Group,Other,,Large Scale,70363
CTR Rosario Landfill Gas Project,Brazil,12482,VITAL ENGENHARIA AMBIENTAL S/A,Biogas - Electricity,ACM0001 Flaring or use of landfill gas,Large Scale,135636
GS12382 VPA 01 Improved agricultural practices for rice cultivation in India,India,12383,Kosher Climate India Pvt Ltd.,Other,,Small Scale,37405
Safe Water Programme – Kenya - VPA 53,Kenya,12255,Impact Carbon,Energy Efficiency - Domestic,,Small Scale,60000
Ecoparque Maceió Landfill Gas Project,Brazil,12199,ORIZON VALORIZACAO DE RESIDUOS S.A,Other,,Micro Scale,481687
Ecoparque Sergipe Landfill Gas Project,Brazil,12205,ORIZON VALORIZACAO DE RESIDUOS S.A,Other,,Large Scale,289262
Bitola SPP,North Macedonia Republic of,12276,Life Iklim ve Enerji Ltd. Sti.,Solar Thermal - Electricity,,Large Scale,48885
GS10655 GS10710: Promotion of clean cooking solutions in rural India by Infosys – VPA 3,India,12360,Infosys,Biogas - Heat,,Small Scale,58686
Fair Climate Programme for Sustainable Household Energy (PoA) - Fair Climate Programme: Bachat project - Odisha India (VPA 9),India,12468,FairClimateFund,Energy Efficiency - Domestic,GS MS Simplified Methodology for Efficient Cookstoves v1.,Micro Scale,9873
Fair Climate Programme for Sustainable Household Energy (PoA) - Fair Climate Programme: Bachat project - Odisha India (VPA 8),India,12467,FairClimateFund,Energy Efficiency - Domestic,GS MS Simplified Methodology for Efficient Cookstoves v1.1,Micro Scale,9873
GS10789 GS11673 RVPA-67: Efficient and  Clean Cooking for households in Nigeria,Nigeria,12295,Save Forest 2 Limited,Energy Efficiency - Domestic,,Large Scale,31943
GS10789 GS11673 RVPA-63: Efficient and  Clean Cooking for households in Nigeria,Nigeria,12282,Save Forest 2 Limited,Energy Efficiency - Domestic,,Large Scale,1676293
UpEnergy-Social and Climate Impact Programme- Cooking Devices VPA-26,Malawi,12474,UpEnergy Group,Energy Efficiency - Domestic,,Small Scale,40000
GS 12239 VPA-1 Amazi Meza Rwanda Water Supply Project For Schools,Rwanda,12240,SweetSense Inc.,Energy Efficiency - Domestic,GS Methodology for emission reductions from safe drinking water supply,Small Scale,60000
Improved Woodstove Project 3  in Udaipur,India,12448,Infosys,Energy Efficiency - Domestic,GS TPDDTEC V4.0: REDUCED EMISSIONS FROM COOKING AND HEATING – TECHNOLOGIES AND PRACTICES TO DISPLACE DECENTRALIZED THERMAL ENERGY CONSUMPTION,Small Scale,50000
GS1385 Man and Man Enterprise Improved Cooking Stoves Programme in Ghana - VPA005 (Volta region),Ghana,12462,Man and Man Enterprise,Energy Efficiency - Domestic,AMS-II.G. Energy Efficiency Measures in Thermal Applications of Non-Renewable Biomass,Small Scale,118516
GS10789 GS10791 RVPA-22: Efficient and  Clean Cooking for households in Kenya,Kenya,12350,Global Cookstoves Ltd.,Energy Efficiency - Domestic,,Large Scale,27285
Safe Water Programme – Nigeria - VPA 74,Nigeria,12390,Impact Carbon,Energy Efficiency - Domestic,,Small Scale,60000
 Safe Water Programme – Nigeria - VPA 75,Nigeria,12391,Impact Carbon,Energy Efficiency - Domestic,,Small Scale,60000
Safe Water Programme – Nigeria - VPA 76,Nigeria,12392,Impact Carbon,Energy Efficiency - Domestic,,Small Scale,60000
Safe Water Programme – Nigeria - VPA 77,Nigeria,12393,Impact Carbon,Energy Efficiency - Domestic,,Small Scale,60000
Safe Water Programme – Nigeria - VPA 78,Nigeria,12394,Impact Carbon,Energy Efficiency - Domestic,,Small Scale,60000
Safe Water Programme – Nigeria - VPA 79,Nigeria,12395,Impact Carbon,Energy Efficiency - Domestic,,Small Scale,60000
Safe Water Programme – Nigeria - VPA 80,Nigeria,12396,Impact Carbon,Energy Efficiency - Domestic,,Small Scale,60000
Safe Water Programme – Nigeria - VPA 81,Nigeria,12397,Impact Carbon,Energy Efficiency - Domestic,,Small Scale,60000
Safe Water Programme – Nigeria - VPA 82,Nigeria,12398,Impact Carbon,Energy Efficiency - Domestic,,Small Scale,60000
Safe Water Programme – Nigeria - VPA 83,Nigeria,12399,Impact Carbon,Energy Efficiency - Domestic,,Small Scale,60000
Safe Water Programme – Nigeria - VPA 84,Nigeria,12400,Impact Carbon,Energy Efficiency - Domestic,,Small Scale,60000
 Safe Water Programme – Nigeria - VPA 85,Nigeria,12401,Impact Carbon,Energy Efficiency - Domestic,,Small Scale,60000
 Safe Water Programme – Nigeria - VPA 86,Nigeria,12402,Impact Carbon,Energy Efficiency - Domestic,,Small Scale,60000
 Safe Water Programme – Nigeria - VPA 87,Nigeria,12403,Impact Carbon,Energy Efficiency - Domestic,,Small Scale,60000
Safe Water Programme – Nigeria - VPA 88,Nigeria,12404,Impact Carbon,Energy Efficiency - Domestic,,Small Scale,60000
Safe Water Programme – Nigeria - VPA 89,Nigeria,12405,Impact Carbon,Energy Efficiency - Domestic,,Small Scale,60000
Safe Water Programme – Nigeria - VPA 90,Nigeria,12406,Impact Carbon,Energy Efficiency - Domestic,,Small Scale,60000
Safe Water Programme – Nigeria - VPA 100,Nigeria,12416,Impact Carbon,Energy Efficiency - Domestic,,Small Scale,60000
Safe Water Programme – Nigeria - VPA 101,Nigeria,12417,Impact Carbon,Energy Efficiency - Domestic,,Small Scale,60000
Safe Water Programme – Nigeria - VPA 102,Nigeria,12418,Impact Carbon,Energy Efficiency - Domestic,,Small Scale,60000
COMMUNITY CARBON SAFE WATER DRINKING PROGRAMME-VPA 20 ,Uganda,12342,Community Carbon,Energy Efficiency - Domestic,,Small Scale,43371
Girasol Solar Power Plant,Dominican Republic,12339,ENERION RENEWABLES S.R.L. SEMPLIFICATA,PV,,Large Scale,149805
UpEnergy-Social and Climate Impact Programme- Cooking Devices VPA-23,Malawi,12357,UpEnergy Group,Energy Efficiency - Domestic,GS TPDDTEC v3.1,Small Scale,0
UpEnergy-Social and Climate Impact Programme- Cooking Devices VPA-24,Malawi,12358,UpEnergy Group,Energy Efficiency - Domestic,GS TPDDTEC v3.1,Small Scale,59714
Solar cooking in Chad Touloum (VPA2),Chad,12011,FairClimateFund,Solar Thermal - Heat,,Micro Scale,9818
GS10789 GS10790 RVPA-52 Efficient and Clean  cooking for Households in Somalia,Somalia,12285,Global Cookstoves Ltd.,Energy Efficiency - Domestic,,Large Scale,67483
CPA-KE-010-Kenya Samsung Mombasa Project,Kenya,11691,GREEN DEVELOPMENT AS,Energy Efficiency - Domestic,,Small Scale,21451
CDM-KE-011 Kenya EcoEye Mombasa Project,Kenya,11692,GREEN DEVELOPMENT AS,Energy Efficiency - Domestic,,Small Scale,6243
CPA-KE-012-Kenya Samsung Project,Kenya,11693,GREEN DEVELOPMENT AS,Energy Efficiency - Domestic,,Small Scale,53199
15 MW solar plants to power COP27,Egypt,12137,First Climate (Switzerland) AG,PV,,Large Scale,14761
Kranti Clean Cooking in Rural Madhya Pradesh India,India,12289,First Climate (Switzerland) AG,Energy Efficiency - Domestic,,Large Scale,334000
Clean Cooking Program in Rural India,India,12302,EKI Energy Services Limited,Energy Efficiency - Domestic,,Large Scale,111672
 Safe Water Programme – Kenya - VPA 50,Kenya,12252,Impact Carbon,Energy Efficiency - Domestic,,Small Scale,60000
Safe Water Programme – Kenya - VPA 56,Kenya,12258,Impact Carbon,Energy Efficiency - Domestic,,Small Scale,60000
Safe Water Programme – Kenya - VPA 54,Kenya,12256,Impact Carbon,Energy Efficiency - Domestic,,Small Scale,60000
Safe Water Programme – Kenya - VPA 55,Kenya,12257,Impact Carbon,Energy Efficiency - Domestic,,Small Scale,60000
Safe Water Programme – Kenya - VPA 61,Kenya,12263,Impact Carbon,Energy Efficiency - Domestic,,Small Scale,60000
Safe Water Programme – Kenya - VPA 51,Kenya,12253,Impact Carbon,Energy Efficiency - Domestic,,Small Scale,60000
Safe Water Programme – Kenya - VPA 58,Kenya,12260,Impact Carbon,Energy Efficiency - Domestic,,Small Scale,60000
Safe Water Programme – Kenya - VPA 59,Kenya,12261,Impact Carbon,Energy Efficiency - Domestic,,Small Scale,60000
Safe Water Programme – Kenya - VPA 60,Kenya,12262,Impact Carbon,Energy Efficiency - Domestic,,Small Scale,60000
Safe Water Programme – Kenya - VPA 49,Kenya,12251,Impact Carbon,Energy Efficiency - Domestic,,Small Scale,60000
Safe Water Programme – Kenya - VPA 57,Kenya,12259,Impact Carbon,Energy Efficiency - Domestic,,Small Scale,60000
Golden Union Shipping Retrofit Project 1,International,12243,Barry Rogliano Salles (Genève) SA.,Energy Efficiency - Transport Sector,GS Retrofit Energy Efficiency Measures in Shipping v2,Small Scale,17790
Small-scale solar electrical programme South Africa – CPA-015,South Africa,12010,BLUE WORLD CARBON ASSET MANAGEMENT (PTY) LTD,PV,,Small Scale,17005
Small-scale solar electrical programme South Africa – CPA-014,South Africa,12009,BLUE WORLD CARBON ASSET MANAGEMENT (PTY) LTD,PV,AMS-I.F. Renewable electricity generation for captive use and mini-grid,Small Scale,19005
Small-scale solar electrical programme South Africa – CPA-013,South Africa,12008,BLUE WORLD CARBON ASSET MANAGEMENT (PTY) LTD,PV,AMS-I.F. Renewable electricity generation for captive use and mini-grid,Small Scale,18821
Small-scale solar electrical programme South Africa – CPA-012,South Africa,12007,BLUE WORLD CARBON ASSET MANAGEMENT (PTY) LTD,PV,AMS-I.F. Renewable electricity generation for captive use and mini-grid,Small Scale,21025
Small-scale solar electrical programme South Africa – CPA-011,South Africa,12006,BLUE WORLD CARBON ASSET MANAGEMENT (PTY) LTD,PV,AMS-I.F. Renewable electricity generation for captive use and mini-grid,Small Scale,21150
Small-scale solar electrical programme South Africa – CPA-010,South Africa,12005,BLUE WORLD CARBON ASSET MANAGEMENT (PTY) LTD,PV,AMS-I.F. Renewable electricity generation for captive use and mini-grid,Small Scale,12502
Small-scale solar electrical programme South Africa – CPA-009,South Africa,12004,BLUE WORLD CARBON ASSET MANAGEMENT (PTY) LTD,PV,AMS-I.F. Renewable electricity generation for captive use and mini-grid,Small Scale,17547
Small-scale solar electrical programme South Africa – CPA-008,South Africa,12003,BLUE WORLD CARBON ASSET MANAGEMENT (PTY) LTD,PV,AMS-I.F. Renewable electricity generation for captive use and mini-grid,Small Scale,17605
Small-scale solar electrical programme South Africa – CPA-007,South Africa,12002,BLUE WORLD CARBON ASSET MANAGEMENT (PTY) LTD,PV,AMS-I.F. Renewable electricity generation for captive use and mini-grid,Small Scale,14060
GS1385 Man and Man Enterprise Improved Cooking Stoves Programme in Ghana - VPA004 (Central region),Ghana,12233,Man and Man Enterprise,Energy Efficiency - Domestic,AMS-II.G. Energy Efficiency Measures in Thermal Applications of Non-Renewable Biomass,Small Scale,224471
GS7591 VPA 54 Improved Cookstove Distribution in Kayonza Bugesera and Nyamasheke Districts of Rwanda (GS12228),Rwanda,12228,CO2balance UK ltd,Energy Efficiency - Domestic,,Small Scale,36000
GS7591 VPA 53 Improved Cookstove Distribution in Kayonza Bugesera and Nyamasheke Districts of Rwanda (GS12227),Rwanda,12227,CO2balance UK ltd,Energy Efficiency - Domestic,GS TPDDTEC v3.1,Small Scale,36000
Smokeless energy efficient cookstoves distribution in rural India-4,India,12020,GRENEITY INFOCOM SERVICE PRIVATE LIMITED,Energy Efficiency - Domestic,GS TPDDTEC V4.0: REDUCED EMISSIONS FROM COOKING AND HEATING – TECHNOLOGIES AND PRACTICES TO DISPLACE DECENTRALIZED THERMAL ENERGY CONSUMPTION,Small Scale,52467
GS12144 - TASC Clean Cooking PoA - VPA 7 Cicada Carbon (Zimbabwe),Zimbabwe,12144,THE AFRICAN STOVE COMPANY LIMITED,Energy Efficiency - Domestic,,Large Scale,333314
Smokeless Energy efficient cookstoves distribution in Rural India-3,India,12019,GRENEITY INFOCOM SERVICE PRIVATE LIMITED,Energy Efficiency - Domestic,GS TPDDTEC V4.0: REDUCED EMISSIONS FROM COOKING AND HEATING – TECHNOLOGIES AND PRACTICES TO DISPLACE DECENTRALIZED THERMAL ENERGY CONSUMPTION,Small Scale,39577
Mare Chicose Landfill Gas Project,Mauritius,12147,Climate Secure India Pvt. Ltd,Other,ACM0001 Flaring or use of landfill gas,Small Scale,180000
Smokeless Energy efficient cookstoves distribution in Rural India-2,India,12018,GRENEITY INFOCOM SERVICE PRIVATE LIMITED,Energy Efficiency - Domestic,GS TPDDTEC V4.0: REDUCED EMISSIONS FROM COOKING AND HEATING – TECHNOLOGIES AND PRACTICES TO DISPLACE DECENTRALIZED THERMAL ENERGY CONSUMPTION,Small Scale,38690
Smokeless Energy efficient cookstoves distribution in Rural India,India,12017,GRENEITY INFOCOM SERVICE PRIVATE LIMITED,Energy Efficiency - Domestic,GS TPDDTEC V4.0: REDUCED EMISSIONS FROM COOKING AND HEATING – TECHNOLOGIES AND PRACTICES TO DISPLACE DECENTRALIZED THERMAL ENERGY CONSUMPTION,Small Scale,40000
Smokeless living in rural areas of India,India,11988,GRENEITY INFOCOM SERVICE PRIVATE LIMITED,Biogas - Heat,AMS-I.E. Switch from Non-Renewable Biomass for Thermal Applications by the User,Small Scale,37102
Liki Pinangawan Muaralaboh Geothermal Power Plant,Indonesia,12112,PT. SUPREME ENERGY MUARA LABOH,Geothermal,ACM0002 Grid-connected electricity generation from renewable sources,Large Scale,382076
VPA 80 - GHG Emission Reduction through use of Bondhu Chula (Improved Cook Stoves) in Bangladesh,Bangladesh,11777,Bangladesh Bondhu Foundation,Energy Efficiency - Domestic,GS MS Simplified Methodology for Efficient Cookstoves v1.1,Micro Scale,9853
VPA 79 - GHG Emission Reduction through use of Bondhu Chula (Improved Cook Stoves) in Bangladesh,Bangladesh,11776,Bangladesh Bondhu Foundation,Energy Efficiency - Domestic,GS MS Simplified Methodology for Efficient Cookstoves v1.1,Micro Scale,9853
VPA 78 - GHG Emission Reduction through use of Bondhu Chula (Improved Cook Stoves) in Bangladesh,Bangladesh,11775,Bangladesh Bondhu Foundation,Energy Efficiency - Domestic,GS MS Simplified Methodology for Efficient Cookstoves v1.1,Micro Scale,9853
VPA 49 - GHG Emission Reduction through use of Bondhu Chula (Improved Cook Stoves) in Bangladesh,Bangladesh,11807,Bangladesh Bondhu Foundation,Energy Efficiency - Domestic,GS MS Simplified Methodology for Efficient Cookstoves v1.1,Micro Scale,9853
VPA 87 - GHG Emission Reduction through use of Bondhu Chula (Improved Cook Stoves) in Bangladesh,Bangladesh,11784,Bangladesh Bondhu Foundation,Energy Efficiency - Domestic,GS MS Simplified Methodology for Efficient Cookstoves v1.1,Micro Scale,9853
VPA 86 - GHG Emission Reduction through use of Bondhu Chula (Improved Cook Stoves) in Bangladesh,Bangladesh,11783,Bangladesh Bondhu Foundation,Energy Efficiency - Domestic,GS MS Simplified Methodology for Efficient Cookstoves v1.1,Micro Scale,9853
VPA 85 - GHG Emission Reduction through use of Bondhu Chula (Improved Cook Stoves) in Bangladesh,Bangladesh,11782,Bangladesh Bondhu Foundation,Energy Efficiency - Domestic,GS MS Simplified Methodology for Efficient Cookstoves v1.1,Micro Scale,9853
VPA 84 - GHG Emission Reduction through use of Bondhu Chula (Improved Cook Stoves) in Bangladesh,Bangladesh,11781,Bangladesh Bondhu Foundation,Energy Efficiency - Domestic,GS MS Simplified Methodology for Efficient Cookstoves v1.1,Micro Scale,9853
VPA 83 - GHG Emission Reduction through use of Bondhu Chula (Improved Cook Stoves) in Bangladesh,Bangladesh,11780,Bangladesh Bondhu Foundation,Energy Efficiency - Domestic,GS MS Simplified Methodology for Efficient Cookstoves v1.1,Micro Scale,9853
VPA 82 - GHG Emission Reduction through use of Bondhu Chula (Improved Cook Stoves) in Bangladesh,Bangladesh,11779,Bangladesh Bondhu Foundation,Energy Efficiency - Domestic,GS MS Simplified Methodology for Efficient Cookstoves v1.1,Micro Scale,9853
VPA 81 - GHG Emission Reduction through use of Bondhu Chula (Improved Cook Stoves) in Bangladesh,Bangladesh,11778,Bangladesh Bondhu Foundation,Energy Efficiency - Domestic,GS MS Simplified Methodology for Efficient Cookstoves v1.1,Micro Scale,9853
VPA 77 - GHG Emission Reduction through use of Bondhu Chula (Improved Cook Stoves) in Bangladesh,Bangladesh,11774,Bangladesh Bondhu Foundation,Energy Efficiency - Domestic,GS MS Simplified Methodology for Efficient Cookstoves v1.1,Micro Scale,9853
VPA 76 - GHG Emission Reduction through use of Bondhu Chula (Improved Cook Stoves) in Bangladesh,Bangladesh,11773,Bangladesh Bondhu Foundation,Energy Efficiency - Domestic,GS MS Simplified Methodology for Efficient Cookstoves v1.1,Micro Scale,9853
VPA 75 - GHG Emission Reduction through use of Bondhu Chula (Improved Cook Stoves) in Bangladesh,Bangladesh,11772,Bangladesh Bondhu Foundation,Energy Efficiency - Domestic,GS MS Simplified Methodology for Efficient Cookstoves v1.1,Micro Scale,9853
VPA 74 - GHG Emission Reduction through use of Bondhu Chula (Improved Cook Stoves) in Bangladesh,Bangladesh,11771,Bangladesh Bondhu Foundation,Energy Efficiency - Domestic,GS MS Simplified Methodology for Efficient Cookstoves v1.1,Micro Scale,9853
VPA 73 - GHG Emission Reduction through use of Bondhu Chula (Improved Cook Stoves) in Bangladesh,Bangladesh,11770,Bangladesh Bondhu Foundation,Energy Efficiency - Domestic,GS MS Simplified Methodology for Efficient Cookstoves v1.1,Micro Scale,9853
VPA 72 - GHG Emission Reduction through use of Bondhu Chula (Improved Cook Stoves) in Bangladesh,Bangladesh,11769,Bangladesh Bondhu Foundation,Energy Efficiency - Domestic,GS MS Simplified Methodology for Efficient Cookstoves v1.1,Micro Scale,9853
VPA 70 - GHG Emission Reduction through use of Bondhu Chula (Improved Cook Stoves) in Bangladesh,Bangladesh,11767,Bangladesh Bondhu Foundation,Energy Efficiency - Domestic,GS MS Simplified Methodology for Efficient Cookstoves v1.1,Micro Scale,9853
VPA 69 - GHG Emission Reduction through use of Bondhu Chula (Improved Cook Stoves) in Bangladesh,Bangladesh,11766,Bangladesh Bondhu Foundation,Energy Efficiency - Domestic,GS MS Simplified Methodology for Efficient Cookstoves v1.1,Micro Scale,9853
VPA 68 - GHG Emission Reduction through use of Bondhu Chula (Improved Cook Stoves) in Bangladesh,Bangladesh,11765,Bangladesh Bondhu Foundation,Energy Efficiency - Domestic,GS MS Simplified Methodology for Efficient Cookstoves v1.1,Micro Scale,9853
Community Carbon Efficient Cooking Programme-VPA 16,Uganda,12119,Community Carbon,Energy Efficiency - Domestic,,Large Scale,632931
Cabo Leones Wind Farm,Chile,12065,KOCH COMMODITIES EUROPE LIMITED,Wind,,Large Scale,276709
Small-scale solar electrical programme South Africa – CPA-003,South Africa,11998,BLUE WORLD CARBON ASSET MANAGEMENT (PTY) LTD,PV,,Small Scale,12253
Small-scale solar electrical programme South Africa – CPA-004,South Africa,11999,BLUE WORLD CARBON ASSET MANAGEMENT (PTY) LTD,Other,AMS-I.F. Renewable electricity generation for captive use and mini-grid,Small Scale,18870
Small-scale solar electrical programme South Africa – CPA-005,South Africa,12000,BLUE WORLD CARBON ASSET MANAGEMENT (PTY) LTD,PV,AMS-I.F. Renewable electricity generation for captive use and mini-grid,Small Scale,20610
Small-scale solar electrical programme South Africa – CPA-006,South Africa,12001,BLUE WORLD CARBON ASSET MANAGEMENT (PTY) LTD,PV,AMS-I.F. Renewable electricity generation for captive use and mini-grid,Small Scale,10375
Improving lives through efficient household devices by ClimatePartner Impact - VPA 4 ,India,12158,ClimatePartner Impact GmbH,Energy Efficiency - Domestic,,Micro Scale,10000
Improving lives through efficient household devices by ClimatePartner Impact - VPA 3 ,India,12157,ClimatePartner Impact GmbH,Energy Efficiency - Domestic,,Micro Scale,10000
Improving lives through efficient household devices by ClimatePartner Impact - VPA 2 ,India,12156,ClimatePartner Impact GmbH,Energy Efficiency - Domestic,,Micro Scale,8914
Improving lives through efficient household devices by ClimatePartner Impact - VPA 1 ,India,12155,ClimatePartner Impact GmbH,Energy Efficiency - Domestic,,Micro Scale,10000
Improving lives through efficient household devices by ClimatePartner Impact - VPA 5 ,India,12160,ClimatePartner Impact GmbH,Energy Efficiency - Domestic,,Micro Scale,10000
CTL Landfill Gas Project,Brazil,12062,ECOURBIS AMBIENTAL S.A.,Biogas - Electricity,,Large Scale,1203298
VPA 71 - GHG Emission Reduction through use of Bondhu Chula (Improved Cook Stoves) in Bangladesh,Bangladesh,11768,Bangladesh Bondhu Foundation,Energy Efficiency - Domestic,GS MS Simplified Methodology for Efficient Cookstoves v1.1,Micro Scale,9853
Deployment of Electric Buses in Kenya,Kenya,12146,BASIGO LIMITED,Energy Efficiency - Transport Sector,AMS-III.S. Introduction of low-emission vehicles/technologies to commercial vehicle fleets,Micro Scale,21263
 GS10818 - Dissemination of Improved Cookstoves in India by Greenway - Dissemination of Improved Cookstoves in Karnataka by Greenway - VPA023,India,12130,Greenway Grameen Infra Private Limited,Energy Efficiency - Domestic,AMS-II.G. Energy Efficiency Measures in Thermal Applications of Non-Renewable Biomass,Small Scale,39126
GS10818 - Dissemination of Improved Cookstoves in India by Greenway - Dissemination of Improved Cookstoves in Karnataka by Greenway - VPA016,India,12123,Greenway Grameen Infra Private Limited,Energy Efficiency - Domestic,AMS-II.G. Energy Efficiency Measures in Thermal Applications of Non-Renewable Biomass,Small Scale,39126
GS10818 - Dissemination of Improved Cookstoves in India by Greenway - Dissemination of Improved Cookstoves in Karnataka by Greenway - VPA017,India,12124,Greenway Grameen Infra Private Limited,Energy Efficiency - Domestic,AMS-II.G. Energy Efficiency Measures in Thermal Applications of Non-Renewable Biomass,Small Scale,39126
GS10818 - Dissemination of Improved Cookstoves in India by Greenway - Dissemination of Improved Cookstoves in Karnataka by Greenway - VPA022,India,12129,Greenway Grameen Infra Private Limited,Energy Efficiency - Domestic,AMS-II.G. Energy Efficiency Measures in Thermal Applications of Non-Renewable Biomass,Small Scale,39126
GS10818 - Dissemination of Improved Cookstoves in India by Greenway - Dissemination of Improved Cookstoves in Karnataka by Greenway - VPA021,India,12128,Greenway Grameen Infra Private Limited,Energy Efficiency - Domestic,AMS-II.G. Energy Efficiency Measures in Thermal Applications of Non-Renewable Biomass,Small Scale,39126
GS10818 - Dissemination of Improved Cookstoves in India by Greenway - Dissemination of Improved Cookstoves in Karnataka by Greenway - VPA020,India,12127,Greenway Grameen Infra Private Limited,Energy Efficiency - Domestic,AMS-II.G. Energy Efficiency Measures in Thermal Applications of Non-Renewable Biomass,Small Scale,39126
GS10818 - Dissemination of Improved Cookstoves in India by Greenway - Dissemination of Improved Cookstoves in Karnataka by Greenway - VPA019,India,12126,Greenway Grameen Infra Private Limited,Energy Efficiency - Domestic,AMS-II.G. Energy Efficiency Measures in Thermal Applications of Non-Renewable Biomass,Small Scale,39126
GS10818 - Dissemination of Improved Cookstoves in India by Greenway - Dissemination of Improved Cookstoves in Karnataka by Greenway - VPA018,India,12125,Greenway Grameen Infra Private Limited,Energy Efficiency - Domestic,AMS-II.G. Energy Efficiency Measures in Thermal Applications of Non-Renewable Biomass,Small Scale,39126
GS10818 - Dissemination of Improved Cookstoves in India by Greenway - Dissemination of Improved Cookstoves in Karnataka by Greenway - VPA024,India,12131,Greenway Grameen Infra Private Limited,Energy Efficiency - Domestic,AMS-II.G. Energy Efficiency Measures in Thermal Applications of Non-Renewable Biomass,Small Scale,39126
 GS10818 - Dissemination of Improved Cookstoves in India by Greenway - Dissemination of Improved Cookstoves in Karnataka by Greenway - VPA025,India,12132,Greenway Grameen Infra Private Limited,Energy Efficiency - Domestic,AMS-II.G. Energy Efficiency Measures in Thermal Applications of Non-Renewable Biomass,Small Scale,39126
GS12066 - MicroEnergy Credits – Microfinance for Clean Cooking Product Lines - India - Clean Cooking Project - VPA01 ,India,12067,MicroEnergy Credits,Energy Efficiency - Domestic,Methodology for Metered & Measured Energy Cooking Devices,Large Scale,30000
Small-scale solar electrical programme South Africa – CPA-002,South Africa,11996,BLUE WORLD CARBON ASSET MANAGEMENT (PTY) LTD,PV,,Small Scale,20473
Fair Climate Programme for Sustainable Household Energy (PoA) - Fair Climate Programme: Bachat project - Odisha India (VPA 2),India,12161,FairClimateFund,Energy Efficiency - Domestic,,Micro Scale,9873
Ecoparque Candeias Landfill Gas Project,Brazil,12047,ORIZON VALORIZACAO DE RESIDUOS S.A,Other,,Large Scale,702389
Ecoparque João Pessoa Landfill Gas Project ,Brazil,12045,ORIZON VALORIZACAO DE RESIDUOS S.A,Other,ACM0001 Flaring or use of landfill gas,Large Scale,364572
GS1340 - Efficient cookstoves in Burkina Faso - Solidagro F3PA cookstoves in Boulkiemdé - VPA-45  ,Burkina Faso,11980,CO2logic,Energy Efficiency - Domestic,,Micro Scale,9900
GS1340 - Efficient cookstoves in Burkina Faso - Solidagro F3PA cookstoves in Boulkiemdé - VPA-44,Burkina Faso,11954,CO2logic,Energy Efficiency - Domestic,,Micro Scale,9700
GS1340 - Efficient cookstoves in Burkina Faso - Solidagro F3PA cookstoves in Boulkiemdé - VPA-42  ,Burkina Faso,11952,CO2logic,Energy Efficiency - Domestic,,Micro Scale,9700
GS1340 - Efficient cookstoves in Burkina Faso - Solidagro F3PA cookstoves in Boulkiemdé - VPA-41     ,Burkina Faso,11951,CO2logic,Energy Efficiency - Domestic,,Micro Scale,9700
GS1340 - Efficient cookstoves in Burkina Faso - Solidagro F3PA cookstoves in Boulkiemdé - VPA-43   ,Burkina Faso,11953,CO2logic,Energy Efficiency - Domestic,,Micro Scale,9700
GS1340 - Efficient cookstoves in Burkina Faso - Solidagro F3PA cookstoves in Boulkiemdé - VPA-40  ,Burkina Faso,11950,CO2logic,Energy Efficiency - Domestic,,Micro Scale,9700
Arborify Cookstoves Togo,Togo,12069,Africa 4 Climate SA,Energy Efficiency - Domestic,,Large Scale,193400
Cookstove Distribution by Infosys in Meghalaya,India,11947,Infosys,Energy Efficiency - Domestic,GS TPDDTEC V4.0: REDUCED EMISSIONS FROM COOKING AND HEATING – TECHNOLOGIES AND PRACTICES TO DISPLACE DECENTRALIZED THERMAL ENERGY CONSUMPTION,Small Scale,47400
HomeBiogas Programme in Kenya – VPA1,Kenya,12064,HOMEBIOGAS LTD,Biogas - Heat,,Large Scale,324127
Nabq Solar PV project 20 MW,Egypt,12084,First Climate (Switzerland) AG,PV,,Large Scale,16169
GS11993 VPA1:  African Clean Energy for Cooking in Uganda ,Uganda,11994,African Clean Energy B.V.,Energy Efficiency - Domestic,Methodology for Metered & Measured Energy Cooking Devices,Micro Scale,10000
Hongera Energy Efficient Cookstoves Project,Kenya,12033,DutchGreen Project Management B.V.,Energy Efficiency - Domestic,,Small Scale,351090
GS12022-VPA-1-Safe drinking water for households institutions and communities,Nepal,12023,Value Network Ventures Pte. Ltd.,Energy Efficiency - Domestic,,Small Scale,59478
GS11638 GS11640 RVPA-2 SPOUTS Water Purifier Programme in Africa- WPS in Uganda by AERA- VPA 4,Uganda,12050,AGS Carbon Advisory,Energy Efficiency - Domestic,GS Methodology for emission reductions from safe drinking water supply,Small Scale,60000
GS11638 GS11640 RVPA-3 SPOUTS Water Purifier Programme in Africa- WPS in Uganda by AERA- VPA 5,Uganda,12052,AGS Carbon Advisory,Energy Efficiency - Domestic,GS Methodology for emission reductions from safe drinking water supply,Small Scale,59492
Samarth- Empowering lives through clean technology,India,11945,Udaipur Urja Initiatives,Energy Efficiency - Domestic,GS TPDDTEC V4.0: REDUCED EMISSIONS FROM COOKING AND HEATING – TECHNOLOGIES AND PRACTICES TO DISPLACE DECENTRALIZED THERMAL ENERGY CONSUMPTION,Small Scale,50196
CPA 059 – Charcoal Stoves in Kenya,Kenya,11882,BioLite Inc.,Energy Efficiency - Domestic,,Small Scale,48733
CPA 058 – Charcoal Stoves in Kenya,Kenya,11881,BioLite Inc.,Energy Efficiency - Domestic,,Small Scale,48733
CPA 057 - Charcoal Stoves in Kenya,Kenya,11880,BioLite Inc.,Energy Efficiency - Domestic,,Small Scale,48733
CPA 056 - Charcoal Stoves in Kenya,Kenya,11879,BioLite Inc.,Energy Efficiency - Domestic,,Small Scale,48733
Salkhit wind farm ,Mongolia,11561,Clean Energy LLC,Wind,,Large Scale,190405
GS11677 GS11902 Malawi Biomass Energy Conservation Programme CPA 37,Malawi,11932,Hestian Innovation,Energy Efficiency - Domestic,AMS-II.G. Energy Efficiency Measures in Thermal Applications of Non-Renewable Biomass,Small Scale,38778
GS11677 GS11902 Malawi Biomass Energy Conservation Programme CPA 17,Malawi,11917,Hestian Innovation,Energy Efficiency - Domestic,AMS-II.G. Energy Efficiency Measures in Thermal Applications of Non-Renewable Biomass,Small Scale,38778
GS11677 GS11902 Malawi Biomass Energy Conservation Programme CPA 18,Malawi,11918,Hestian Innovation,Energy Efficiency - Domestic,AMS-II.G. Energy Efficiency Measures in Thermal Applications of Non-Renewable Biomass,Small Scale,38778
GS11677 GS11902 Malawi Biomass Energy Conservation Programme CPA 19,Malawi,11919,Hestian Innovation,Energy Efficiency - Domestic,AMS-II.G. Energy Efficiency Measures in Thermal Applications of Non-Renewable Biomass,Small Scale,38778
GS11677 GS11902 Malawi Biomass Energy Conservation Programme CPA 20,Malawi,11920,Hestian Innovation,Energy Efficiency - Domestic,AMS-II.G. Energy Efficiency Measures in Thermal Applications of Non-Renewable Biomass,Small Scale,38778
GS11677 GS11902 Malawi Biomass Energy Conservation Programme CPA 21,Malawi,11921,Hestian Innovation,Energy Efficiency - Domestic,AMS-II.G. Energy Efficiency Measures in Thermal Applications of Non-Renewable Biomass,Small Scale,38778
GS11677 GS11902 Malawi Biomass Energy Conservation Programme CPA 22,Malawi,11922,Hestian Innovation,Energy Efficiency - Domestic,AMS-II.G. Energy Efficiency Measures in Thermal Applications of Non-Renewable Biomass,Small Scale,38778
GS11677 GS11902 Malawi Biomass Energy Conservation Programme CPA 23,Malawi,11923,Hestian Innovation,Energy Efficiency - Domestic,AMS-II.G. Energy Efficiency Measures in Thermal Applications of Non-Renewable Biomass,Small Scale,38778
GS11677 GS11902 Malawi Biomass Energy Conservation Programme CPA 24,Malawi,11924,Hestian Innovation,Energy Efficiency - Domestic,AMS-II.G. Energy Efficiency Measures in Thermal Applications of Non-Renewable Biomass,Small Scale,38778
GS11677 GS11902 Malawi Biomass Energy Conservation Programme CPA 25,Malawi,11925,Hestian Innovation,Energy Efficiency - Domestic,AMS-II.G. Energy Efficiency Measures in Thermal Applications of Non-Renewable Biomass,Small Scale,38778
GS11677 GS11902 Malawi Biomass Energy Conservation Programme CPA 26,Malawi,11926,Hestian Innovation,Energy Efficiency - Domestic,AMS-II.G. Energy Efficiency Measures in Thermal Applications of Non-Renewable Biomass,Small Scale,38778
GS11677 GS11902 Malawi Biomass Energy Conservation Programme CPA 27,Malawi,11927,Hestian Innovation,Energy Efficiency - Domestic,AMS-II.G. Energy Efficiency Measures in Thermal Applications of Non-Renewable Biomass,Small Scale,38776
GS11677 GS11902 Malawi Biomass Energy Conservation Programme CPA 29,Malawi,11928,Hestian Innovation,Energy Efficiency - Domestic,AMS-II.G. Energy Efficiency Measures in Thermal Applications of Non-Renewable Biomass,Small Scale,38778
GS11677 GS11902 Malawi Biomass Energy Conservation Programme CPA 31,Malawi,11929,Hestian Innovation,Energy Efficiency - Domestic,AMS-II.G. Energy Efficiency Measures in Thermal Applications of Non-Renewable Biomass,Small Scale,38778
GS11677 GS11902 Malawi Biomass Energy Conservation Programme CPA 33,Malawi,11930,Hestian Innovation,Energy Efficiency - Domestic,AMS-II.G. Energy Efficiency Measures in Thermal Applications of Non-Renewable Biomass,Small Scale,38778
GS11677 GS11902 Malawi Biomass Energy Conservation Programme CPA 35,Malawi,11931,Hestian Innovation,Energy Efficiency - Domestic,AMS-II.G. Energy Efficiency Measures in Thermal Applications of Non-Renewable Biomass,Small Scale,38778
GS11677 GS11902 Malawi Biomass Energy Conservation Programme CPA 16,Malawi,11916,Hestian Innovation,Energy Efficiency - Domestic,AMS-II.G. Energy Efficiency Measures in Thermal Applications of Non-Renewable Biomass,Small Scale,38778
GS11677 GS11902 Malawi Biomass Energy Conservation Programme CPA 15,Malawi,11915,Hestian Innovation,Energy Efficiency - Domestic,AMS-II.G. Energy Efficiency Measures in Thermal Applications of Non-Renewable Biomass,Small Scale,38778
GS11677 GS11902 Malawi Biomass Energy Conservation Programme CPA 14,Malawi,11914,Hestian Innovation,Energy Efficiency - Domestic,AMS-II.G. Energy Efficiency Measures in Thermal Applications of Non-Renewable Biomass,Small Scale,38778
GS11677 GS11902 Malawi Biomass Energy Conservation Programme CPA 13,Malawi,11913,Hestian Innovation,Energy Efficiency - Domestic,AMS-II.G. Energy Efficiency Measures in Thermal Applications of Non-Renewable Biomass,Small Scale,38778
GS11677 GS11902 Malawi Biomass Energy Conservation Programme CPA 12,Malawi,11912,Hestian Innovation,Energy Efficiency - Domestic,AMS-II.G. Energy Efficiency Measures in Thermal Applications of Non-Renewable Biomass,Small Scale,38778
GS11677 GS11902 Malawi Biomass Energy Conservation Programme CPA 11,Malawi,11911,Hestian Innovation,Energy Efficiency - Domestic,AMS-II.G. Energy Efficiency Measures in Thermal Applications of Non-Renewable Biomass,Small Scale,38778
GS11677 GS11902 Malawi Biomass Energy Conservation Programme CPA 10,Malawi,11910,Hestian Innovation,Energy Efficiency - Domestic,AMS-II.G. Energy Efficiency Measures in Thermal Applications of Non-Renewable Biomass,Small Scale,38778
GS11677 GS11902 Malawi Biomass Energy Conservation Programme CPA 9,Malawi,11909,Hestian Innovation,Energy Efficiency - Domestic,AMS-II.G. Energy Efficiency Measures in Thermal Applications of Non-Renewable Biomass,Small Scale,38778
GS11677 GS11902 Malawi Biomass Energy Conservation Programme CPA 8,Malawi,11908,Hestian Innovation,Energy Efficiency - Domestic,AMS-II.G. Energy Efficiency Measures in Thermal Applications of Non-Renewable Biomass,Small Scale,38774
GS11677 GS11902 Malawi Biomass Energy Conservation Programme CPA 7,Malawi,11907,Hestian Innovation,Energy Efficiency - Domestic,AMS-II.G. Energy Efficiency Measures in Thermal Applications of Non-Renewable Biomass,Small Scale,38778
GS11677 GS11902 Malawi Biomass Energy Conservation Programme CPA 6,Malawi,11906,Hestian Innovation,Energy Efficiency - Domestic,AMS-II.G. Energy Efficiency Measures in Thermal Applications of Non-Renewable Biomass,Small Scale,39771
GS11677 GS11902 Malawi Biomass Energy Conservation Programme CPA 5,Malawi,11905,Hestian Innovation,Energy Efficiency - Domestic,AMS-II.G. Energy Efficiency Measures in Thermal Applications of Non-Renewable Biomass,Small Scale,39771
GS11677 GS11902 Malawi Biomass Energy Conservation Programme CPA 4,Malawi,11904,Hestian Innovation,Energy Efficiency - Domestic,AMS-II.G. Energy Efficiency Measures in Thermal Applications of Non-Renewable Biomass,Small Scale,39771
GS11677 GS11902 Malawi Biomass Energy Conservation Programme CPA 3,Malawi,11903,Hestian Innovation,Energy Efficiency - Domestic,AMS-II.G. Energy Efficiency Measures in Thermal Applications of Non-Renewable Biomass,Small Scale,39771
GS11677 Malawi Biomass Energy Conservation Programme CPA 2,Malawi,11902,Hestian Innovation,Energy Efficiency - Domestic,AMS-II.G. Energy Efficiency Measures in Thermal Applications of Non-Renewable Biomass,Small Scale,39771
CTR São Gonçalo landfill gas project ,Brazil,11736,ORIZON VALORIZACAO DE RESIDUOS S.A,Other,,Large Scale,749183
Xinwufeng AMMS GHG Mitigation Project in Hunan Province,China,12073,Profit Carbon Environmental Energy Technology (Shanghai) Co. Ltd.,Biogas - Electricity,ACM0010 GHG emission reductions from manure management systems,Large Scale,155089
Hung Hai Gia Lai Wind Power Project,Viet Nam,11983,South Pole Ltd SCV,Wind,ACM0002 Grid-connected electricity generation from renewable sources,Large Scale,248970
Manaus Landfill Gas Project,Brazil,11728,CONESTOGA-ROVERS ENGENHARIA LTDA,Biogas - Electricity,,Large Scale,474911
TMS Tankers Ltd. Shipping Retrofit Project 1,International,11933,TMS TANKERS LTD.,Energy Efficiency - Transport Sector,,Large Scale,39723
Foundation Wind Energy-II (Private) Limited 50 MW Wind Farm Project,Pakistan,11892,Foundation Wind Energy-II (Private) Limited,Wind,ACM0002 Grid-connected electricity generation from renewable sources,Large Scale,70456
Foundation Wind Energy-I Limited 50 MW Wind Farm Project,Pakistan,11891,Foundation Wind Energy-II (Private) Limited,Wind,ACM0002 Grid-connected electricity generation from renewable sources,Large Scale,70848
Togo household water purifier project  ,Togo,11972,PRIM0CARB0N PTE. LTD.,Energy Efficiency - Domestic,GS Methodology for emission reductions from safe drinking water supply,Large Scale,407726
Improved Woodstove Project 2 in Udaipur ,India,11855,Infosys,Energy Efficiency - Domestic,GS TPDDTEC V4.0: REDUCED EMISSIONS FROM COOKING AND HEATING – TECHNOLOGIES AND PRACTICES TO DISPLACE DECENTRALIZED THERMAL ENERGY CONSUMPTION,Small Scale,55050
Promotion of clean cooking solutions in rural India by Infosys – VPA 2,India,11722,Infosys,Biogas - Heat,GS TPDDTEC v3.1,Small Scale,78411
PoA GS11815- Electric Cooking Program by ATEC - Electric Cooking Program in Cambodia by ATEC-VPA01,Cambodia,11816,ATEC Australia-International Pty Ltd,Energy Efficiency - Domestic,Methodology for Metered & Measured Energy Cooking Devices,Large Scale,55198
PoA GS11815- Electric Cooking Program by ATEC - Electric Cooking Program in Bangladesh by ATEC-VPA02,Bangladesh,11817,ATEC Australia-International Pty Ltd,Energy Efficiency - Domestic,,Large Scale,164996
MicroEnergy Credits – Microfinance for Clean Energy Product Lines - Mongolia –CPA No.003: XacBank LLC,Mongolia,11619,MicroEnergy Credits,Energy Efficiency - Domestic,,Small Scale,4343
MicroEnergy Credits – Microfinance for Clean Energy Product Lines - Mongolia –CPA No.002: XacBank LLC,Mongolia,11618,MicroEnergy Credits,Energy Efficiency - Domestic,,Small Scale,90144
MicroEnergy Credits – Microfinance for Clean Energy Product Lines - Mongolia –CPA No.001: XacBank LLC,Mongolia,11617,MicroEnergy Credits,Energy Efficiency - Domestic,,Small Scale,101114
VCC Benin Water Purifier Project ,Benin,11968,PRIM0CARB0N PTE. LTD.,Energy Efficiency - Domestic,GS Methodology for emission reductions from safe drinking water supply,Large Scale,492678
VPA 65 - GHG Emission Reduction through use of Bondhu Chula (Improved Cook Stoves) in Bangladesh,Bangladesh,11762,Bangladesh Bondhu Foundation,Energy Efficiency - Domestic,GS MS Simplified Methodology for Efficient Cookstoves v1.1,Micro Scale,9853
VPA 67 - GHG Emission Reduction through use of Bondhu Chula (Improved Cook Stoves) in Bangladesh,Bangladesh,11764,Bangladesh Bondhu Foundation,Energy Efficiency - Domestic,GS MS Simplified Methodology for Efficient Cookstoves v1.1,Micro Scale,9853
VPA 62 - GHG Emission Reduction through use of Bondhu Chula (Improved Cook Stoves) in Bangladesh,Bangladesh,11759,Bangladesh Bondhu Foundation,Energy Efficiency - Domestic,GS MS Simplified Methodology for Efficient Cookstoves v1.1,Micro Scale,9853
VPA 66 - GHG Emission Reduction through use of Bondhu Chula (Improved Cook Stoves) in Bangladesh,Bangladesh,11763,Bangladesh Bondhu Foundation,Energy Efficiency - Domestic,GS MS Simplified Methodology for Efficient Cookstoves v1.1,Micro Scale,9853
VPA 61 - GHG Emission Reduction through use of Bondhu Chula (Improved Cook Stoves) in Bangladesh,Bangladesh,11758,Bangladesh Bondhu Foundation,Energy Efficiency - Domestic,GS MS Simplified Methodology for Efficient Cookstoves v1.1,Micro Scale,9853
VPA 64 - GHG Emission Reduction through use of Bondhu Chula (Improved Cook Stoves) in Bangladesh,Bangladesh,11761,Bangladesh Bondhu Foundation,Energy Efficiency - Domestic,GS MS Simplified Methodology for Efficient Cookstoves v1.1,Micro Scale,9853
VPA 60 - GHG Emission Reduction through use of Bondhu Chula (Improved Cook Stoves) in Bangladesh,Bangladesh,11757,Bangladesh Bondhu Foundation,Energy Efficiency - Domestic,GS MS Simplified Methodology for Efficient Cookstoves v1.1,Micro Scale,9853
VPA 63 - GHG Emission Reduction through use of Bondhu Chula (Improved Cook Stoves) in Bangladesh,Bangladesh,11760,Bangladesh Bondhu Foundation,Energy Efficiency - Domestic,GS MS Simplified Methodology for Efficient Cookstoves v1.1,Micro Scale,9853
VPA 59 - GHG Emission Reduction through use of Bondhu Chula (Improved Cook Stoves) in Bangladesh,Bangladesh,11756,Bangladesh Bondhu Foundation,Energy Efficiency - Domestic,GS MS Simplified Methodology for Efficient Cookstoves v1.1,Micro Scale,9853
VPA 56 - GHG Emission Reduction through use of Bondhu Chula (Improved Cook Stoves) in Bangladesh,Bangladesh,11753,Bangladesh Bondhu Foundation,Energy Efficiency - Domestic,GS MS Simplified Methodology for Efficient Cookstoves v1.1,Micro Scale,9853
VPA 58- GHG Emission Reduction through use of Bondhu Chula (Improved Cook Stoves) in Bangladesh,Bangladesh,11755,Bangladesh Bondhu Foundation,Energy Efficiency - Domestic,GS MS Simplified Methodology for Efficient Cookstoves v1.1,Micro Scale,9853
VPA 55 - GHG Emission Reduction through use of Bondhu Chula (Improved Cook Stoves) in Bangladesh,Bangladesh,11752,Bangladesh Bondhu Foundation,Energy Efficiency - Domestic,GS MS Simplified Methodology for Efficient Cookstoves v1.1,Micro Scale,9853
VPA 57 - GHG Emission Reduction through use of Bondhu Chula (Improved Cook Stoves) in Bangladesh,Bangladesh,11754,Bangladesh Bondhu Foundation,Energy Efficiency - Domestic,GS MS Simplified Methodology for Efficient Cookstoves v1.1,Micro Scale,9853
VPA 53 - GHG Emission Reduction through use of Bondhu Chula (Improved Cook Stoves) in Bangladesh,Bangladesh,11750,Bangladesh Bondhu Foundation,Energy Efficiency - Domestic,GS MS Simplified Methodology for Efficient Cookstoves v1.1,Micro Scale,9853
VPA 54 - GHG Emission Reduction through use of Bondhu Chula (Improved Cook Stoves) in Bangladesh,Bangladesh,11751,Bangladesh Bondhu Foundation,Energy Efficiency - Domestic,GS MS Simplified Methodology for Efficient Cookstoves v1.1,Micro Scale,9853
VPA 52 - GHG Emission Reduction through use of Bondhu Chula (Improved Cook Stoves) in Bangladesh,Bangladesh,11749,Bangladesh Bondhu Foundation,Energy Efficiency - Domestic,GS MS Simplified Methodology for Efficient Cookstoves v1.1,Micro Scale,9853
VPA 51 - GHG Emission Reduction through use of Bondhu Chula (Improved Cook Stoves) in Bangladesh,Bangladesh,11748,Bangladesh Bondhu Foundation,Energy Efficiency - Domestic,GS MS Simplified Methodology for Efficient Cookstoves v1.1,Micro Scale,9853
VPA 48 - GHG Emission Reduction through use of Bondhu Chula (Improved Cook Stoves) in Bangladesh,Bangladesh,11745,Bangladesh Bondhu Foundation,Energy Efficiency - Domestic,GS MS Simplified Methodology for Efficient Cookstoves v1.1,Micro Scale,9853
VPA 50 - GHG Emission Reduction through use of Bondhu Chula (Improved Cook Stoves) in Bangladesh,Bangladesh,11747,Bangladesh Bondhu Foundation,Energy Efficiency - Domestic,GS MS Simplified Methodology for Efficient Cookstoves v1.1,Micro Scale,9853
VPA 47 - GHG Emission Reduction through use of Bondhu Chula (Improved Cook Stoves) in Bangladesh,Bangladesh,11744,Bangladesh Bondhu Foundation,Energy Efficiency - Domestic,GS MS Simplified Methodology for Efficient Cookstoves v1.1,Micro Scale,9853
VPA 88  - GHG Emission Reduction through use of Bondhu Chula (Improved Cook Stoves) in Bangladesh,Bangladesh,11835,Bangladesh Bondhu Foundation,Energy Efficiency - Domestic,GS MS Simplified Methodology for Efficient Cookstoves v1.1,Micro Scale,9853
VPA 89 - GHG Emission Reduction through use of Bondhu Chula (Improved Cook Stoves) in Bangladesh,Bangladesh,11836,Bangladesh Bondhu Foundation,Energy Efficiency - Domestic,GS MS Simplified Methodology for Efficient Cookstoves v1.1,Micro Scale,9853
VPA 90  - GHG Emission Reduction through use of Bondhu Chula (Improved Cook Stoves) in Bangladesh,Bangladesh,11837,Bangladesh Bondhu Foundation,Energy Efficiency - Domestic,GS MS Simplified Methodology for Efficient Cookstoves v1.1,Micro Scale,9853
VPA 91  - GHG Emission Reduction through use of Bondhu Chula (Improved Cook Stoves) in Bangladesh,Bangladesh,11838,Bangladesh Bondhu Foundation,Energy Efficiency - Domestic,GS MS Simplified Methodology for Efficient Cookstoves v1.1,Micro Scale,9853
VPA  92  - GHG Emission Reduction through use of Bondhu Chula (Improved Cook Stoves) in Bangladesh,Bangladesh,11839,Bangladesh Bondhu Foundation,Energy Efficiency - Domestic,GS MS Simplified Methodology for Efficient Cookstoves v1.1,Micro Scale,9853
VPA 93  - GHG Emission Reduction through use of Bondhu Chula (Improved Cook Stoves) in Bangladesh,Bangladesh,11840,Bangladesh Bondhu Foundation,Energy Efficiency - Domestic,GS MS Simplified Methodology for Efficient Cookstoves v1.1,Micro Scale,9853
VPA 94 - GHG Emission Reduction through use of Bondhu Chula (Improved Cook Stoves) in Bangladesh,Bangladesh,11841,Bangladesh Bondhu Foundation,Energy Efficiency - Domestic,GS MS Simplified Methodology for Efficient Cookstoves v1.1,Micro Scale,9853
VPA 95- GHG Emission Reduction through use of Bondhu Chula (Improved Cook Stoves) in Bangladesh,Bangladesh,11842,Bangladesh Bondhu Foundation,Energy Efficiency - Domestic,GS MS Simplified Methodology for Efficient Cookstoves v1.1,Micro Scale,9853
VPA 96 - GHG Emission Reduction through use of Bondhu Chula (Improved Cook Stoves) in Bangladesh,Bangladesh,11843,Bangladesh Bondhu Foundation,Energy Efficiency - Domestic,GS MS Simplified Methodology for Efficient Cookstoves v1.1,Micro Scale,9853
VPA 97  - GHG Emission Reduction through use of Bondhu Chula (Improved Cook Stoves) in Bangladesh,Bangladesh,11844,Bangladesh Bondhu Foundation,Energy Efficiency - Domestic,GS MS Simplified Methodology for Efficient Cookstoves v1.1,Micro Scale,9853
VPA 98 - GHG Emission Reduction through use of Bondhu Chula (Improved Cook Stoves) in Bangladesh,Bangladesh,11845,Bangladesh Bondhu Foundation,Energy Efficiency - Domestic,GS MS Simplified Methodology for Efficient Cookstoves v1.1,Micro Scale,9853
VPA 99  - GHG Emission Reduction through use of Bondhu Chula (Improved Cook Stoves) in Bangladesh,Bangladesh,11846,Bangladesh Bondhu Foundation,Energy Efficiency - Domestic,GS MS Simplified Methodology for Efficient Cookstoves v1.1,Micro Scale,9853
VPA 100  - GHG Emission Reduction through use of Bondhu Chula (Improved Cook Stoves) in Bangladesh,Bangladesh,11847,Bangladesh Bondhu Foundation,Energy Efficiency - Domestic,GS MS Simplified Methodology for Efficient Cookstoves v1.1,Micro Scale,9853
VPA 102- GHG Emission Reduction through use of Bondhu Chula (Improved Cook Stoves) in Bangladesh,Bangladesh,11849,Bangladesh Bondhu Foundation,Energy Efficiency - Domestic,GS MS Simplified Methodology for Efficient Cookstoves v1.1,Micro Scale,9853
VPA 101  - GHG Emission Reduction through use of Bondhu Chula (Improved Cook Stoves) in Bangladesh,Bangladesh,11848,Bangladesh Bondhu Foundation,Energy Efficiency - Domestic,GS MS Simplified Methodology for Efficient Cookstoves v1.1,Micro Scale,9853
VPA 103 - GHG Emission Reduction through use of Bondhu Chula (Improved Cook Stoves) in Bangladesh,Bangladesh,11850,Bangladesh Bondhu Foundation,Energy Efficiency - Domestic,GS MS Simplified Methodology for Efficient Cookstoves v1.1,Micro Scale,9853
VPA  104 - GHG Emission Reduction through use of Bondhu Chula (Improved Cook Stoves) in Bangladesh,Bangladesh,11851,Bangladesh Bondhu Foundation,Energy Efficiency - Domestic,GS MS Simplified Methodology for Efficient Cookstoves v1.1,Micro Scale,9853
VPA  105 - GHG Emission Reduction through use of Bondhu Chula (Improved Cook Stoves) in Bangladesh,Bangladesh,11852,Bangladesh Bondhu Foundation,Energy Efficiency - Domestic,GS MS Simplified Methodology for Efficient Cookstoves v1.1,Micro Scale,9853
VPA 106 - GHG Emission Reduction through use of Bondhu Chula (Improved Cook Stoves) in Bangladesh,Bangladesh,11853,Bangladesh Bondhu Foundation,Energy Efficiency - Domestic,GS MS Simplified Methodology for Efficient Cookstoves v1.1,Micro Scale,9853
Methane Reduction from Rice Cultivation in Punjab Pakistan ,Pakistan,11709,NetZeroAg Ltd,Other,,Small Scale,33532
Improved cookstove program in Bangladesh supported by the Republic of Korea-CPA 03,Bangladesh,11572,Value Network Ventures Pte. Ltd.,Energy Efficiency - Domestic,,Small Scale,2708779
Improved cookstove program in Bangladesh supported by the Republic of Korea-CPA 02,Bangladesh,11571,Value Network Ventures Pte. Ltd.,Energy Efficiency - Domestic,,Small Scale,2708779
GS10789 GS11671 VPA61: Efficient and Clean  Cooking for households in Nigeria,Nigeria,11671,Global Cookstoves Ltd.,Energy Efficiency - Domestic,,Large Scale,1974258
Up Energy Improved Cookstoves Programme Uganda – CPA No 039 supported by Republic of Korea,Uganda,11528,UpEnergy Group,Energy Efficiency - Domestic,AMS-II.G. Energy Efficiency Measures in Thermal Applications of Non-Renewable Biomass,Small Scale,41186
Up Energy Improved Cookstoves Programme Uganda – CPA No 045 supported by Republic of Korea,Uganda,11534,UpEnergy Group,Energy Efficiency - Domestic,AMS-II.G. Energy Efficiency Measures in Thermal Applications of Non-Renewable Biomass,Small Scale,41186
Up Energy Improved Cookstoves Programme Uganda – CPA No 044 supported by Republic of Korea,Uganda,11533,UpEnergy Group,Energy Efficiency - Domestic,AMS-II.G. Energy Efficiency Measures in Thermal Applications of Non-Renewable Biomass,Small Scale,41186
Up Energy Improved Cookstoves Programme Uganda – CPA No 043 supported by Republic of Korea,Uganda,11532,UpEnergy Group,Energy Efficiency - Domestic,AMS-II.G. Energy Efficiency Measures in Thermal Applications of Non-Renewable Biomass,Small Scale,41186
Up Energy Improved Cookstoves Programme Uganda – CPA No 042 supported by Republic of Korea,Uganda,11531,UpEnergy Group,Energy Efficiency - Domestic,AMS-II.G. Energy Efficiency Measures in Thermal Applications of Non-Renewable Biomass,Small Scale,41186
Up Energy Improved Cookstoves Programme Uganda – CPA No 041 supported by Republic of Korea,Uganda,11530,UpEnergy Group,Energy Efficiency - Domestic,AMS-II.G. Energy Efficiency Measures in Thermal Applications of Non-Renewable Biomass,Small Scale,41186
Up Energy Improved Cookstoves Programme Uganda – CPA No 040 supported by Republic of Korea,Uganda,11529,UpEnergy Group,Energy Efficiency - Domestic,AMS-II.G. Energy Efficiency Measures in Thermal Applications of Non-Renewable Biomass,Small Scale,41186
Up Energy Improved Cookstoves Programme Uganda – CPA No 038 supported by Republic of Korea,Uganda,11527,UpEnergy Group,Energy Efficiency - Domestic,AMS-II.G. Energy Efficiency Measures in Thermal Applications of Non-Renewable Biomass,Small Scale,41186
Up Energy Improved Cookstoves Programme Uganda – CPA No 037 supported by Republic of Korea,Uganda,11526,UpEnergy Group,Energy Efficiency - Domestic,AMS-II.G. Energy Efficiency Measures in Thermal Applications of Non-Renewable Biomass,Small Scale,41186
Up Energy Improved Cookstoves Programme Uganda – CPA No 036 supported by Republic of Korea,Uganda,11525,UpEnergy Group,Energy Efficiency - Domestic,AMS-II.G. Energy Efficiency Measures in Thermal Applications of Non-Renewable Biomass,Small Scale,41186
Up Energy Improved Cookstoves Programme Uganda – CPA No 035 supported by Republic of Korea,Uganda,11524,UpEnergy Group,Energy Efficiency - Domestic,AMS-II.G. Energy Efficiency Measures in Thermal Applications of Non-Renewable Biomass,Small Scale,41186
Up Energy Improved Cookstoves Programme Uganda – CPA No 034 supported by Republic of Korea,Uganda,11523,UpEnergy Group,Energy Efficiency - Domestic,AMS-II.G. Energy Efficiency Measures in Thermal Applications of Non-Renewable Biomass,Small Scale,41186
Up Energy Improved Cookstoves Programme Uganda – CPA No 033 supported by Republic of Korea,Uganda,11522,UpEnergy Group,Energy Efficiency - Domestic,AMS-II.G. Energy Efficiency Measures in Thermal Applications of Non-Renewable Biomass,Small Scale,41186
Up Energy Improved Cookstoves Programme Uganda – CPA No 032 supported by Republic of Korea,Uganda,11521,UpEnergy Group,Energy Efficiency - Domestic,AMS-II.G. Energy Efficiency Measures in Thermal Applications of Non-Renewable Biomass,Small Scale,41186
Up Energy Improved Cookstoves Programme Uganda – CPA No 031 supported by Republic of Korea,Uganda,11520,UpEnergy Group,Energy Efficiency - Domestic,AMS-II.G. Energy Efficiency Measures in Thermal Applications of Non-Renewable Biomass,Small Scale,41186
Up Energy Improved Cookstoves Programme Uganda – CPA No 030 supported by Republic of Korea,Uganda,11519,UpEnergy Group,Energy Efficiency - Domestic,AMS-II.G. Energy Efficiency Measures in Thermal Applications of Non-Renewable Biomass,Small Scale,41186
Up Energy Improved Cookstoves Programme Uganda – CPA No 029 supported by Republic of Korea,Uganda,11518,UpEnergy Group,Energy Efficiency - Domestic,AMS-II.G. Energy Efficiency Measures in Thermal Applications of Non-Renewable Biomass,Small Scale,41186
Up Energy Improved Cookstoves Programme Uganda – CPA No 028 supported by Republic of Korea,Uganda,11517,UpEnergy Group,Energy Efficiency - Domestic,AMS-II.G. Energy Efficiency Measures in Thermal Applications of Non-Renewable Biomass,Small Scale,41186
Up Energy Improved Cookstoves Programme Uganda – CPA No 027 supported by Republic of Korea,Uganda,11516,UpEnergy Group,Energy Efficiency - Domestic,AMS-II.G. Energy Efficiency Measures in Thermal Applications of Non-Renewable Biomass,Small Scale,41186
Up Energy Improved Cookstoves Programme Uganda – CPA No 026 supported by Republic of Korea,Uganda,11515,UpEnergy Group,Energy Efficiency - Domestic,AMS-II.G. Energy Efficiency Measures in Thermal Applications of Non-Renewable Biomass,Small Scale,41186
Up Energy Improved Cookstoves Programme Uganda – CPA No 025 supported by Republic of Korea,Uganda,11514,UpEnergy Group,Energy Efficiency - Domestic,AMS-II.G. Energy Efficiency Measures in Thermal Applications of Non-Renewable Biomass,Small Scale,41186
Up Energy Improved Cookstoves Programme Uganda – CPA No 024 supported by Republic of Korea,Uganda,11513,UpEnergy Group,Energy Efficiency - Domestic,AMS-II.G. Energy Efficiency Measures in Thermal Applications of Non-Renewable Biomass,Small Scale,41186
GS11638 GS11640 RVPA-1 SPOUTS Water Purifier Programme in Africa- WPS in Uganda by TASC- VPA 3,Uganda,11861,AGS Carbon Advisory,Energy Efficiency - Domestic,GS Methodology for emission reductions from safe drinking water supply,Small Scale,60000
GS Microscale PoA : Integrated Domestic  Energy Systems (IDES) for rural communities  in India– RVPA 04,India,11812,Value Network Ventures Pte. Ltd.,Energy Efficiency - Domestic,GS MS Simplified Methodology for Efficient Cookstoves v1.1,Micro Scale,4208
GS Microscale PoA : Integrated Domestic  Energy Systems (IDES) for rural communities  in India– RVPA 02,India,11810,Value Network Ventures Pte. Ltd.,Energy Efficiency - Domestic,GS MS Simplified Methodology for Efficient Cookstoves v1.1,Micro Scale,9344
GS Microscale PoA : Integrated Domestic  Energy Systems (IDES) for rural communities  in India– RVPA 03,India,11811,Value Network Ventures Pte. Ltd.,Energy Efficiency - Domestic,GS MS Simplified Methodology for Efficient Cookstoves v1.1,Micro Scale,9344
GS Microscale PoA : Integrated Domestic  Energy Systems (IDES) for rural communities  in India– RVPA 01,India,11809,Value Network Ventures Pte. Ltd.,Energy Efficiency - Domestic,GS MS Simplified Methodology for Efficient Cookstoves v1.1,Micro Scale,9344
Agasco Improved Cookstoves Nigeria,Nigeria,11729,AGASCO Limited,Energy Efficiency - Domestic,,Large Scale,506488
Fair Climate Programme for Sustainable Household Energy (PoA):  Bachat - Karnataka India (VPA 6),India,11802,FairClimateFund,Energy Efficiency - Domestic,GS MS Simplified Methodology for Efficient Cookstoves v1.1,Micro scale,9721
Uganda Dairy Biogas Program,Uganda,11682,SISTEMA.BIO INC.,Biogas - Heat,,Large Scale,120171
GS11695 VPA-1 Water Purifier Project in Maharashtra India,India,11696,AGS Carbon Advisory,Energy Efficiency - Domestic,,Small Scale,59070
GS10789 GS 10790 RVPA 47: Efficient and Clean Cooking for households in Tanzania,Tanzania United Republic of,11731,Global Cookstoves Ltd.,Energy Efficiency - Domestic,,Large Scale,170409
GS10789 GS 10790 VPA42: Efficient and Clean  Cooking for households in Tanzania,Tanzania United Republic of,11732,ECOA Climate Capital,Energy Efficiency - Domestic,,Large Scale,418729
Top Third Ventures Stove Programme CPA KE0008 – BURN Efficient Cookstoves for Kenya supported by Republic of Korea,Kenya,11614,ECOA Climate Capital,Energy Efficiency - Domestic,,Small Scale,37825
Top Third Ventures Stove Programme CPA KE0007 – BURN Efficient Cookstoves for Kenya supported by Republic of Korea,Kenya,11613,ECOA Climate Capital,Energy Efficiency - Domestic,,Small Scale,7565
Top Third Ventures Stove Programme CPA KE0006 – BURN Efficient Cookstoves for Kenya supported by Republic of Korea,Kenya,11612,ECOA Climate Capital,Energy Efficiency - Domestic,,Small Scale,26185
Top Third Ventures Stove Programme CPA KE0005 – BURN Efficient Cookstoves for Kenya supported by Republic of Korea,Kenya,11611,ECOA Climate Capital,Energy Efficiency - Domestic,,Small Scale,25800
Top Third Ventures Stove Programme CPA KE0004 – BURN Efficient Cookstoves for Kenya supported by Republic of Korea,Kenya,11610,ECOA Climate Capital,Energy Efficiency - Domestic,,Small Scale,25885
Top Third Ventures Stove Programme CPA KE0003 – BURN Efficient Cookstoves for Kenya supported by Republic of Korea,Kenya,11609,ECOA Climate Capital,Energy Efficiency - Domestic,,Small Scale,26103
Top Third Ventures Stove Programme CPA KE0002 – BURN Efficient Cookstoves for Kenya supported by Republic of Korea,Kenya,11608,ECOA Climate Capital,Energy Efficiency - Domestic,,Small Scale,25922
Biodigesters program for a low-carbon livestock sector in Vietnam (BioLive),Viet Nam,11568,Nexus-Carbon for Development,Biogas - Heat,GS TPDDTEC v3.1,Large Scale,100000
GS10789 VPA8: Efficient and Clean Cooking for households in Kenya,Kenya,11603,ECC- Talanton Trust,Energy Efficiency - Domestic,GS TPDDTEC v3.1,Large Scale,120144
Implementation of clean energy technology in rural areas of India-2 ,India,11656,GRENEITY INFOCOM SERVICE PRIVATE LIMITED,Biogas - Heat,AMS-I.E. Switch from Non-Renewable Biomass for Thermal Applications by the User,Small Scale,55779
Implementation of clean energy technology in rural areas of India-1 ,India,11655,GRENEITY INFOCOM SERVICE PRIVATE LIMITED,Biogas - Heat,AMS-I.E. Switch from Non-Renewable Biomass for Thermal Applications by the User,Small Scale,53605
GS10789 GS10790 RVPA-10: Efficient and Clean Cooking for households in Mozambique,Mozambique,11606,ECOA Climate Capital,Energy Efficiency - Domestic,,Large Scale,100262
Ras Ghareb Wind Energy Project,Egypt,11557,Ras Ghareb Wind Energy SAE,Wind,,Large Scale,583360
TASC Clean Cooking PoA – VPA 3 (Zambia),Zambia,11596,THE AFRICAN STOVE COMPANY LIMITED,Energy Efficiency - Domestic,,Large Scale,290377
UpEnergy-Social and Climate Impact Programme- Cooking Devices VPA-15,Uganda,11647,UpEnergy Group,Energy Efficiency - Domestic,GS TPDDTEC v3.1,Small Scale,46410
Improved Cooking Stoves in Bangladesh – CPA No.20 “SZ Consultancy Services Ltd.”,Bangladesh,11488,Bangladesh Bondhu Foundation,Energy Efficiency - Commercial Sector,AMS-II.G. Energy Efficiency Measures in Thermal Applications of Non-Renewable Biomass,Small Scale,2548677
GS11638 VPA-2 SPOUTS Water Purifier Programme in Africa- WPS in Uganda by TASC- VPA 2,Uganda,11640,AGS Carbon Advisory,Energy Efficiency - Domestic,,Small Scale,57044
Maji Safi Maisha Bora Project,Kenya,11544,OFFGRIDSUN S.R.L.,Energy Efficiency - Domestic,,Small Scale,14315
Dongrui Animal Manure Management System GHG Mitigation Project in Heyuan City,China,11674,Profit Carbon Environmental Energy Technology (Shanghai) Co. Ltd.,Biogas - Electricity,ACM0010 GHG emission reductions from manure management systems,Large Scale,423531
GS11551 - TASC Clean Cooking PoA – VPA 2 Cicada Carbon (Zimbabwe),Zimbabwe,11551,THE AFRICAN STOVE COMPANY LIMITED,Energy Efficiency - Domestic,,Large Scale,212590
GS1385 Man and Man Enterprise Improved Cooking Stoves Programme in Ghana - VPA003,Ghana,11624,Man and Man Enterprise,Energy Efficiency - Domestic,AMS-II.G. Energy Efficiency Measures in Thermal Applications of Non-Renewable Biomass,Small Scale,312125
GS10818 - Dissemination of Improved Cookstoves in India by Greenway - Dissemination of Improved Cookstoves in Karnataka by Greenway - VPA015,India,11634,Greenway Grameen Infra Private Limited,Energy Efficiency - Domestic,AMS-II.G. Energy Efficiency Measures in Thermal Applications of Non-Renewable Biomass,Small Scale,39126
GS10818 - Dissemination of Improved Cookstoves in India by Greenway - Dissemination of Improved Cookstoves in Karnataka by Greenway - VPA014,India,11633,Greenway Grameen Infra Private Limited,Energy Efficiency - Domestic,AMS-II.G. Energy Efficiency Measures in Thermal Applications of Non-Renewable Biomass,Small Scale,39126
GS10818 - Dissemination of Improved Cookstoves in India by Greenway - Dissemination of Improved Cookstoves in Karnataka by Greenway - VPA013,India,11632,Greenway Grameen Infra Private Limited,Energy Efficiency - Domestic,AMS-II.G. Energy Efficiency Measures in Thermal Applications of Non-Renewable Biomass,Small Scale,39126
GS10818 - Dissemination of Improved Cookstoves in India by Greenway - Dissemination of Improved Cookstoves in Karnataka by Greenway - VPA012,India,11631,Greenway Grameen Infra Private Limited,Energy Efficiency - Domestic,AMS-II.G. Energy Efficiency Measures in Thermal Applications of Non-Renewable Biomass,Small Scale,39126
GS10818 - Dissemination of Improved Cookstoves in India by Greenway - Dissemination of Improved Cookstoves in Karnataka by Greenway - VPA011,India,11630,Greenway Grameen Infra Private Limited,Energy Efficiency - Domestic,AMS-II.G. Energy Efficiency Measures in Thermal Applications of Non-Renewable Biomass,Small Scale,39126
GS10818 - Dissemination of Improved Cookstoves in India by Greenway - Dissemination of Improved Cookstoves in Karnataka by Greenway - VPA010,India,11629,Greenway Grameen Infra Private Limited,Energy Efficiency - Domestic,AMS-II.G. Energy Efficiency Measures in Thermal Applications of Non-Renewable Biomass,Small Scale,39126
GS10818 - Dissemination of Improved Cookstoves in India by Greenway - Dissemination of Improved Cookstoves in Karnataka by Greenway - VPA009,India,11628,Greenway Grameen Infra Private Limited,Energy Efficiency - Domestic,AMS-II.G. Energy Efficiency Measures in Thermal Applications of Non-Renewable Biomass,Small Scale,39126
GS11506 VPA1: Advanced Biomass Cooking Solutions by Biomassters in Rwanda,Rwanda,11507,FairClimateFund,Energy Efficiency - Domestic,Methodology for Metered & Measured Energy Cooking Devices,Micro Scale,9629
GS11450 - MicroEnergy Credits – Microfinance for Clean Energy Product Lines – India - CPA 06 - GS11505,India,11505,MicroEnergy Credits,Energy Efficiency - Domestic,AMS-I.A. Electricity generation by the user,Small Scale,52352
GS11450 - MicroEnergy Credits – Microfinance for Clean Energy Product Lines – India - CPA 26 - Clear Sky Partners – GS11496,India,11496,MicroEnergy Credits,Energy Efficiency - Domestic,AMS-I.A. Electricity generation by the user,Small Scale,149445
GS11450 - MicroEnergy Credits – Microfinance for Clean Energy Product Lines – India - CPA 24 - Clear Sky Partners – GS11498,India,11498,MicroEnergy Credits,Energy Efficiency - Domestic,AMS-I.A. Electricity generation by the user,Small Scale,158248
GS11450 - MicroEnergy Credits – Microfinance for Clean Energy Product Lines – India - CPA 23 - Clear Sky Partners – GS11499,India,11499,MicroEnergy Credits,Energy Efficiency - Domestic,AMS-I.A. Electricity generation by the user,Small Scale,254633
GS11450 - MicroEnergy Credits – Microfinance for Clean Energy Product Lines – India - CPA 22 - Clear Sky Partners – GS11500,India,11500,MicroEnergy Credits,Energy Efficiency - Domestic,AMS-I.A. Electricity generation by the user,Small Scale,560009
GS11450 - MicroEnergy Credits – Microfinance for Clean Energy Product Lines – India - CPA 21 - Clear Sky Partners – GS11501,India,11501,MicroEnergy Credits,Energy Efficiency - Domestic,AMS-I.A. Electricity generation by the user,Small Scale,291759
GS11450 - MicroEnergy Credits – Microfinance for Clean Energy Product Lines – India - CPA 19 - Clear Sky Partners – GS11503,India,11503,MicroEnergy Credits,Energy Efficiency - Domestic,AMS-I.A. Electricity generation by the user,Small Scale,158248
GS11450 - MicroEnergy Credits – Microfinance for Clean Energy Product Lines – India - CPA 05 - GS11504,India,11504,MicroEnergy Credits,Energy Efficiency - Domestic,AMS-I.A. Electricity generation by the user,Small Scale,72351
GS11450 - MicroEnergy Credits – Microfinance for Clean Energy Product Lines – India - CPA 31 - GS11491,India,11491,MicroEnergy Credits,Energy Efficiency - Domestic,AMS-I.A. Electricity generation by the user,Small Scale,185492
GS11450 - MicroEnergy Credits – Microfinance for Clean Energy Product Lines – India - CPA 33 - GS11490,India,11490,MicroEnergy Credits,Energy Efficiency - Domestic,AMS-I.A. Electricity generation by the user,Small Scale,526580
GS11450 - MicroEnergy Credits – Microfinance for Clean Energy Product Lines – India - CPA 18 - GS11486,India,11486,MicroEnergy Credits,Energy Efficiency - Domestic,AMS-I.A. Electricity generation by the user,Small Scale,537458
GS11450 - MicroEnergy Credits – Microfinance for Clean Energy Product Lines – India - CPA 15 - GS11485,India,11485,MicroEnergy Credits,Energy Efficiency - Domestic,AMS-I.A. Electricity generation by the user,Small Scale,185861
GS11450 - MicroEnergy Credits – Microfinance for Clean Energy Product Lines – India - CPA 14 - GS11484,India,11484,MicroEnergy Credits,Energy Efficiency - Domestic,AMS-I.A. Electricity generation by the user,Small Scale,483028
GS11450 - MicroEnergy Credits – Microfinance for Clean Energy Product Lines – India - CPA 13 - GS11483,India,11483,MicroEnergy Credits,Energy Efficiency - Domestic,AMS-I.A. Electricity generation by the user,Small Scale,490909
GS11450 - MicroEnergy Credits – Microfinance for Clean Energy Product Lines – India - CPA 12 - GS11482 ,India,11482,MicroEnergy Credits,Energy Efficiency - Domestic,AMS-I.A. Electricity generation by the user,Small Scale,867980
GS11450 - MicroEnergy Credits – Microfinance for Clean Energy Product Lines – India - CPA 11 - GS11481,India,11481,MicroEnergy Credits,Energy Efficiency - Domestic,GS TPDDTEC v3.1,Small Scale,108396
GS11450 - MicroEnergy Credits – Microfinance for Clean Energy Product Lines – India - CPA 10 - GS11480,India,11480,MicroEnergy Credits,Energy Efficiency - Domestic,AMS-I.A. Electricity generation by the user,Small Scale,111265
GS11450 - MicroEnergy Credits – Microfinance for Clean Energy Product Lines – India - CPA 09 - GS11479,India,11479,MicroEnergy Credits,Energy Efficiency - Domestic,AMS-I.A. Electricity generation by the user,Small Scale,106719
GS11450 - MicroEnergy Credits – Microfinance for Clean Energy Product Lines – India - CPA 08 - GS11478,India,11478,MicroEnergy Credits,Energy Efficiency - Domestic,AMS-I.A. Electricity generation by the user,Small Scale,53605
GS11450 - MicroEnergy Credits – Microfinance for Clean Energy Product Lines – India - CPA 07 - GS11477,India,11477,MicroEnergy Credits,Energy Efficiency - Domestic,GS TPDDTEC v3.1,Small Scale,53605
GS11450 - MicroEnergy Credits – Microfinance for Clean Energy Product Lines – India - CPA 04 - GS11476,India,11476,MicroEnergy Credits,Energy Efficiency - Domestic,GS TPDDTEC v3.1,Small Scale,55763
GS11450 - MicroEnergy Credits – Microfinance for Clean Energy Product Lines – India - CPA 03 - GS11475,India,11475,MicroEnergy Credits,Energy Efficiency - Domestic,GS TPDDTEC v3.1,Small Scale,61452
GS11450 - MicroEnergy Credits – Microfinance for Clean Energy Product Lines – India - CPA 34 - GS11489,India,11489,MicroEnergy Credits,Energy Efficiency - Domestic,AMS-I.A. Electricity generation by the user,Small Scale,526580
Water and Climate VPA #2 – Madhya Pradesh India,India,11448,CARBON IMPACT CAPITAL PTE. LTD.,Energy Efficiency - Domestic,GS Methodology for emission reductions from safe drinking water supply,Small Scale,57775
GS1385 Man and Man Enterprise Improved Cooking Stoves Programme in Ghana - VPA002 (Western Region),Ghana,11564,Man and Man Enterprise,Energy Efficiency - Domestic,AMS-II.G. Energy Efficiency Measures in Thermal Applications of Non-Renewable Biomass,Small Scale,413653
GS11450 - MicroEnergy Credits – Microfinance for Clean Energy Product Lines – India - CPA 02 - GS11474,India,11474,MicroEnergy Credits,Energy Efficiency - Domestic,AMS-I.A. Electricity generation by the user,Small Scale,58984
Anakot Thmei Safe Water Project,Cambodia,11466,Schneider Electric France,Energy Efficiency - Domestic,,Small Scale,6225
Yandun 8C Wind Farm Project,China,11558,Profit Carbon Environmental Energy Technology (Shanghai) Co. Ltd.,Wind,ACM0002 Grid-connected electricity generation from renewable sources,Large Scale,335134
Yunxiao Zengjiang Wind Farm,China,11556,Profit Carbon Environmental Energy Technology (Shanghai) Co. Ltd.,Wind,ACM0002 Grid-connected electricity generation from renewable sources,Large Scale,45365
CNOOC Weifang Binhai Wind Farm Phase II Project,China,11560,Profit Carbon Environmental Energy Technology (Shanghai) Co. Ltd.,Wind,ACM0002 Grid-connected electricity generation from renewable sources,Large Scale,81358
CNOOC Pingyin Wind Farm Phase I project,China,11559,Profit Carbon Environmental Energy Technology (Shanghai) Co. Ltd.,Wind,,Large Scale,83913
Dengzhou AMMS GHG Mitigation Project,China,11595,Sirreon Technology & Development (Beijing) Co.Ltd,Biogas - Heat,ACM0010 GHG emission reductions from manure management systems,Large Scale,461437
GS11450 - MicroEnergy Credits – Microfinance for Clean Energy Product Lines – India - CPA 17 - GS11451,India,11451,MicroEnergy Credits,Energy Efficiency - Domestic,AMS-I.A. Electricity generation by the user,Small Scale,128446
Bundling of household biogas plants for thermal energy applications,India,11539,GRENEITY INFOCOM SERVICE PRIVATE LIMITED,Biogas - Heat,AMS-I.E. Switch from Non-Renewable Biomass for Thermal Applications by the User,Small Scale,36000
Implementation of Bio digestors in rural areas of Madhya Pradesh India,India,11455,Radheshyam Cottex,Other,AMS-I.E. Switch from Non-Renewable Biomass for Thermal Applications by the User,Small Scale,48466
Water and Climate VPA #1 – Madhya Pradesh India,India,11447,CARBON IMPACT CAPITAL PTE. LTD.,Energy Efficiency - Domestic,GS Methodology for emission reductions from safe drinking water supply,Small Scale,57775
GS1340 Efficient cookstoves in Burkina Faso – VPA-25 – Solidagro F3PA cookstoves in Passoré ,Burkina Faso,11070,CO2logic,Energy Efficiency - Domestic,,Micro Scale,9700
Bundled household biogas plants project in Jammu and Punjab ,India,11441,Value Network Ventures Pte. Ltd.,Biogas - Heat,AMS-I.E. Switch from Non-Renewable Biomass for Thermal Applications by the User,Small Scale,40129
GS10884 - KOKO Kenya - Ethanol Cookstoves Program - CPA-0002,Kenya,11440,KOKO Network limited,Energy Efficiency - Domestic,,Small Scale,1081893
Installation of Household biogas plants in India,India,11437,GRENEITY INFOCOM SERVICE PRIVATE LIMITED,Biogas - Heat,AMS-I.E. Switch from Non-Renewable Biomass for Thermal Applications by the User,Small Scale,35000
GS10789 VPA6: Efficient and Clean Cooking for households in Cote d’Ivoire ,Côte d'Ivoire,11434,ECOA Climate Capital,Energy Efficiency - Domestic,,Large Scale,33796
GS10789 VPA5: Efficient and Clean Cooking for households in the Democratic Republic of Congo (DRC),Congo the Democratic Republic of the,11433,ECOA Climate Capital,Energy Efficiency - Domestic,,Large Scale,57442
GS10789 GS10791 RVPA-4: Efficient and Clean Cooking for households in Kenya,Kenya,11432,ECOA Climate Capital,Energy Efficiency - Domestic,,Large Scale,171888
Installation of Household Biogas plants in various states of India,India,11427,GRENEITY INFOCOM SERVICE PRIVATE LIMITED,Biogas - Heat,AMS-I.E. Switch from Non-Renewable Biomass for Thermal Applications by the User,Small Scale,46657
Installation of Household Biogas plants in Punjab - 1,India,11426,GRENEITY INFOCOM SERVICE PRIVATE LIMITED,Biogas - Heat,AMS-I.E. Switch from Non-Renewable Biomass for Thermal Applications by the User,Small Scale,33000
The Breathing Space Improved Cooking Stoves Programme India – VPA No. 16 Envirofit,India,11424,Envirofit International Ltd.,Energy Efficiency - Domestic,,Small Scale,114822
Ea Nam Wind Power Project,Viet Nam,11421,Monsoon Carbon Pte Ltd,Wind,ACM0002 Grid-connected electricity generation from renewable sources,Large Scale,933236
10MW Iris (Baruthankanda) Solar Power Project (2018-SOP-004-10.0MW) ,Sri Lanka,11420,Koho Trading and Consultancy (Private) Limited,Other,AMS-I.D. Grid connected renewable electricity generation,Small Scale,15065
10MW Anorchi Lanka (Baruthankanda) Solar Power Project (2018-SOP-003-10.0MW) ,Sri Lanka,11419,Koho Trading and Consultancy (Private) Limited,Other,AMS-I.D. Grid connected renewable electricity generation,Small Scale,15065
10MW Nedunkulam Solar PV Project (2018-SOP-002-10.0MW) ,Sri Lanka,11418,Koho Trading and Consultancy (Private) Limited,Other,AMS-I.D. Grid connected renewable electricity generation,Small Scale,18984
10MW Solar One Ceylon (Pudukadumalai) Solar Power Project (2018-SOP-001-10.0MW) ,Sri Lanka,11417,Koho Trading and Consultancy (Private) Limited,Other,AMS-I.D. Grid connected renewable electricity generation,Small Scale,17969
Nhon Hoa 2 Wind Power Project,Viet Nam,11415,Monsoon Sustainability Co. Ltd.,Wind,,Large Scale,135655
Nhon Hoa 1 Wind Power Project,Viet Nam,11414,Monsoon Sustainability Co. Ltd.,Wind,,Large Scale,135301
Solar Water Heater Progam in India CPA-08 ,India,11409,Nuetech Solar Systems Private Limited,Solar Thermal - Heat,AMS-I.C. Thermal energy production with or without electricity,Small Scale,43328
ReNew Solar Power Project in AP ,India,11405,Renew Power Synergy Private Limited,Solar Thermal - Electricity,,Large Scale,89622
Lingasugur Wind Power Project in Karnataka ,India,11404,Renew Power Synergy Private Limited,Wind,ACM0002 Grid-connected electricity generation from renewable sources,Large Scale,75834
Rajgarh Wind Power Project in Rajasthan ,India,11403,Renew Power Synergy Private Limited,Wind,ACM0002 Grid-connected electricity generation from renewable sources,Large Scale,72085
Mandsaur Wind Power Project in Madhya Pradesh ,India,11402,Renew Power Synergy Private Limited,Wind,ACM0002 Grid-connected electricity generation from renewable sources,Large Scale,84956
Bhesada Wind Power Project in Rajasthan,India,11401,Renew Power Synergy Private Limited,Wind,ACM0002 Grid-connected electricity generation from renewable sources,Large Scale,185075
Fajina Geothermal Based Space Heating System,China,11400,Profit Carbon Environmental Energy Technology (Shanghai) Co. Ltd.,Geothermal,AM0072 Fossil Fuel Displacement by Geothermal Resources for Space Heating,Large Scale,487050
India Dairy Biogas Program,India,11394,SISTEMA.BIO INC.,Biogas - Heat,GS TPDDTEC v 3.,Large Scale,416214
Efficient Kitchens in India,India,11358,Climate Impact Partners Limited,Energy Efficiency - Domestic,,Large Scale,84502
Kenya biomass gasification for clean cooking,Kenya,11352,Better Cooking Company Inc.,Energy Efficiency - Domestic,,Micro Scale,9000
Thuan Nhien Phong Wind Farm,Viet Nam,11351,Gaia Environment (S) Pte Ltd,Wind,ACM0002 Grid-connected electricity generation from renewable sources,Large Scale,85736
Shuangbaotai Animal Manure Management System GHG Mitigation Project in Anhui Province,China,11338,Profit Carbon Environmental Energy Technology (Shanghai) Co. Ltd.,Biogas - Electricity,ACM0010 GHG emission reductions from manure management systems,Large Scale,208966
Shuangbaotai Animal Manure Management System GHG Mitigation Project in Jiangxi Province,China,11337,Profit Carbon Environmental Energy Technology (Shanghai) Co. Ltd.,Biogas - Electricity,ACM0010 GHG emission reductions from manure management systems,Large Scale,473691
Shuangbaotai Animal Manure Management System GHG Mitigation Project in Guangxi Province,China,11336,Profit Carbon Environmental Energy Technology (Shanghai) Co. Ltd.,Biogas - Electricity,ACM0010 GHG emission reductions from manure management systems,Large Scale,280549
Shuangbaotai Animal Manure Management System GHG Mitigation Project in Guangdong Province,China,11335,Profit Carbon Environmental Energy Technology (Shanghai) Co. Ltd.,Biogas - Electricity,ACM0010 GHG emission reductions from manure management systems,Large Scale,268650
Heilongjiang Swine Farm Animal Waste Management System GHG Mitigation Project,China,11334,Profit Carbon Environmental Energy Technology (Shanghai) Co. Ltd.,Biogas - Electricity,ACM0010 GHG emission reductions from manure management systems,Large Scale,435352
Circle Gas LPG Smart Meter Program in Kenya,Kenya,11331,CIRCLE GAS LIMITED,Energy Efficiency - Domestic,,Large Scale,1949899
Congo (DRC) Improved Cook Stoves VPA 003– Ngaliema,Congo the Democratic Republic of the,11327,Vitol SA,Energy Efficiency - Domestic,GS TPDDTEC V4.0: REDUCED EMISSIONS FROM COOKING AND HEATING – TECHNOLOGIES AND PRACTICES TO DISPLACE DECENTRALIZED THERMAL ENERGY CONSUMPTION,Small Scale,50199
GS11324 - VPA002 - Congo (DRC) Improved Cook Stoves-Kinshasa,Congo the Democratic Republic of the,11326,Vitol SA,Energy Efficiency - Domestic,GS TPDDTEC V4.0: REDUCED EMISSIONS FROM COOKING AND HEATING – TECHNOLOGIES AND PRACTICES TO DISPLACE DECENTRALIZED THERMAL ENERGY CONSUMPTION,Small Scale,27884
Congo (DRC) Improved Cook Stoves VPA 001– Limete,Congo the Democratic Republic of the,11325,Vitol SA,Energy Efficiency - Domestic,GS TPDDTEC V4.0: REDUCED EMISSIONS FROM COOKING AND HEATING – TECHNOLOGIES AND PRACTICES TO DISPLACE DECENTRALIZED THERMAL ENERGY CONSUMPTION,Small Scale,30801
GS10818 - Dissemination of Improved Cookstoves in India by Greenway - Dissemination of Improved Cookstoves in Karnataka by Greenway - VPA008,India,11313,Greenway Grameen Infra Private Limited,Energy Efficiency - Domestic,AMS-II.G. Energy Efficiency Measures in Thermal Applications of Non-Renewable Biomass,Small Scale,37982
GS10818 - Dissemination of Improved Cookstoves in India by Greenway - Dissemination of Improved Cookstoves in Karnataka by Greenway - VPA007,India,11312,Greenway Grameen Infra Private Limited,Energy Efficiency - Domestic,AMS-II.G. Energy Efficiency Measures in Thermal Applications of Non-Renewable Biomass,Small Scale,37982
GS10818 - Dissemination of Improved Cookstoves in India by Greenway - Dissemination of Improved Cookstoves in Karnataka by Greenway - VPA006,India,11311,Greenway Grameen Infra Private Limited,Energy Efficiency - Domestic,AMS-II.G. Energy Efficiency Measures in Thermal Applications of Non-Renewable Biomass,Small Scale,37982
GS10818 - Dissemination of Improved Cookstoves in India by Greenway - Dissemination of Improved Cookstoves in Karnataka by Greenway - VPA005,India,11310,Greenway Grameen Infra Private Limited,Energy Efficiency - Domestic,AMS-II.G. Energy Efficiency Measures in Thermal Applications of Non-Renewable Biomass,Small Scale,37982
GS10818 - Dissemination of Improved Cookstoves in India by Greenway - Dissemination of Improved Cookstoves in Karnataka by Greenway - VPA004,India,11309,Greenway Grameen Infra Private Limited,Energy Efficiency - Domestic,AMS-II.G. Energy Efficiency Measures in Thermal Applications of Non-Renewable Biomass,Small Scale,37982
Healthy cooking initiative for Tea Estate Workers of Nepal ,Nepal,11308,Value Network Ventures Pte. Ltd.,Energy Efficiency - Domestic,GS MS Simplified Methodology for Efficient Cookstoves v1.1,Micro Scale,9697
Sapphire 49.5MW Wind Farm Project,Pakistan,11307,Monsoon Carbon Pte Ltd,Wind,ACM0002 Grid-connected electricity generation from renewable sources,Large Scale,78196
Improved Cookstove  Programme - Nigeria - VPA 48,Nigeria,11306,Impact Carbon,Energy Efficiency - Domestic,,Small Scale,274420
Safe Water Programme – Kenya – VPA 47,Kenya,11305,Impact Carbon,Energy Efficiency - Domestic,,Small Scale,60000
 Safe Water Programme – Kenya – VPA 46,Kenya,11304,Impact Carbon,Energy Efficiency - Domestic,,Small Scale,60000
Safe Water Programme – Kenya – VPA 45,Kenya,11303,Impact Carbon,Energy Efficiency - Domestic,,Small Scale,60000
Safe Water Programme – Kenya – VPA 44,Kenya,11302,Impact Carbon,Energy Efficiency - Domestic,,Small Scale,60000
Safe Water Programme – Kenya – VPA 43,Kenya,11301,Impact Carbon,Energy Efficiency - Domestic,,Small Scale,60000
Safe Water Programme – Kenya – VPA 42,Kenya,11300,Impact Carbon,Energy Efficiency - Domestic,,Small Scale,60000
Safe Water Programme – Kenya – VPA 41,Kenya,11299,Impact Carbon,Energy Efficiency - Domestic,,Small Scale,60000
Safe Water Programme – Kenya – VPA 40,Kenya,11298,Impact Carbon,Energy Efficiency - Domestic,,Small Scale,60000
 Safe Water Programme – Kenya – VPA 39,Kenya,11297,Impact Carbon,Energy Efficiency - Domestic,,Small Scale,60000
Safe Water Programme – Kenya – VPA 38,Kenya,11296,Impact Carbon,Energy Efficiency - Domestic,,Small Scale,60000
Safe Water Programme – Kenya – VPA 37,Kenya,11295,Impact Carbon,Energy Efficiency - Domestic,,Small Scale,60000
Safe Water Programme – Kenya – VPA 36,Kenya,11294,Impact Carbon,Energy Efficiency - Domestic,,Small Scale,60000
Safe Water Programme – Kenya – VPA 35,Kenya,11293,Impact Carbon,Energy Efficiency - Domestic,,Small Scale,60000
Safe Water Programme – Kenya – VPA 34,Kenya,11292,Impact Carbon,Energy Efficiency - Domestic,,Small Scale,60000
Safe Water Programme – Kenya – VPA 33,Kenya,11291,Impact Carbon,Energy Efficiency - Domestic,,Small Scale,60000
 Safe Water Programme – Kenya – VPA 32,Kenya,11290,Impact Carbon,Energy Efficiency - Domestic,,Small Scale,60000
Safe Water Programme – Kenya – VPA 31,Kenya,11289,Impact Carbon,Energy Efficiency - Domestic,,Small Scale,54811
Safe Water Programme – Nigeria – VPA 30 ,Nigeria,11288,Impact Carbon,Energy Efficiency - Domestic,,Small Scale,60000
Safe Water Programme – Nigeria – VPA 29 ,Nigeria,11287,Impact Carbon,Energy Efficiency - Domestic,,Small Scale,60000
Safe Water Programme – Nigeria – VPA 28 ,Nigeria,11286,Impact Carbon,Energy Efficiency - Domestic,,Small Scale,60000
Safe Water Programme – Nigeria – VPA 27 ,Nigeria,11285,Impact Carbon,Energy Efficiency - Domestic,,Small Scale,60000
Safe Water Programme – Nigeria – VPA 26 ,Nigeria,11284,Impact Carbon,Energy Efficiency - Domestic,,Small Scale,60000
Safe Water Programme – Nigeria – VPA 25 ,Nigeria,11283,Impact Carbon,Energy Efficiency - Domestic,,Small Scale,60000
Safe Water Programme – Nigeria – VPA 24 ,Nigeria,11282,Impact Carbon,Energy Efficiency - Domestic,,Small Scale,60000
Safe Water Programme – Nigeria – VPA 23 ,Nigeria,11281,Impact Carbon,Energy Efficiency - Domestic,,Small Scale,60000
Safe Water Programme – Nigeria – VPA 22,Nigeria,11280,Impact Carbon,Energy Efficiency - Domestic,,Small Scale,60000
Safe Water Programme – Nigeria – VPA 21,Nigeria,11279,Impact Carbon,Energy Efficiency - Domestic,,Small Scale,60000
Safe Water Programme – Nigeria – VPA 20 ,Nigeria,11278,Impact Carbon,Energy Efficiency - Domestic,,Small Scale,60000
Safe Water Programme – Nigeria – VPA 19 ,Nigeria,11277,Impact Carbon,Energy Efficiency - Domestic,,Small Scale,60000
Safe Water Programme – Nigeria – VPA 18 ,Nigeria,11276,Impact Carbon,Energy Efficiency - Domestic,,Small Scale,60000
 Safe Water Programme – Nigeria – VPA 17,Nigeria,11275,Impact Carbon,Energy Efficiency - Domestic,,Small Scale,60000
Safe Water Programme – Nigeria – VPA 16,Nigeria,11274,Impact Carbon,Energy Efficiency - Domestic,,Small Scale,60000
 Safe Water Programme – Nigeria – VPA 15,Nigeria,11273,Impact Carbon,Energy Efficiency - Domestic,,Small Scale,60000
 Safe Water Programme – Nigeria – VPA 14,Nigeria,11272,Impact Carbon,Energy Efficiency - Domestic,,Small Scale,60000
Safe Water Programme – Nigeria – VPA 13,Nigeria,11271,Impact Carbon,Energy Efficiency - Domestic,,Small Scale,60000
 Safe Water Programme – Nigeria – VPA 12,Nigeria,11270,Impact Carbon,Energy Efficiency - Domestic,,Small Scale,60000
Safe Water Programme – Nigeria – VPA 11,Nigeria,11269,Impact Carbon,Energy Efficiency - Domestic,,Small Scale,60000
Safe Water Programme – Nigeria – VPA 10,Nigeria,11268,Impact Carbon,Energy Efficiency - Domestic,,Small Scale,60000
Safe Water Programme – Nigeria – VPA 09,Nigeria,11267,Impact Carbon,Energy Efficiency - Domestic,,Small Scale,60000
Safe Water Programme – Nigeria – VPA 08,Nigeria,11266,Impact Carbon,Energy Efficiency - Domestic,,Small Scale,60000
Safe Water Programme – Nigeria – VPA 07,Nigeria,11265,Impact Carbon,Energy Efficiency - Domestic,,Small Scale,60000
Safe Water Programme – Nigeria – VPA 06,Nigeria,11264,Impact Carbon,Energy Efficiency - Domestic,,Small Scale,60000
Safe Water Programme – Nigeria – VPA 05,Nigeria,11263,Impact Carbon,Energy Efficiency - Domestic,,Small Scale,60000
Safe Water Programme – Nigeria – VPA 04,Nigeria,11262,Impact Carbon,Energy Efficiency - Domestic,,Small Scale,60000
Safe Water Programme – Nigeria – VPA 03,Nigeria,11261,Impact Carbon,Energy Efficiency - Domestic,,Small Scale,60000
Safe Water Programme – Nigeria – VPA 02,Nigeria,11260,Impact Carbon,Energy Efficiency - Domestic,,Small Scale,59312
Safe Water Programme – Nigeria – VPA 01,Nigeria,11259,Impact Carbon,Energy Efficiency - Domestic,,Small Scale,59312
Changdao Geothermal Central Heating System,China,11256,Profit Carbon Environmental Energy Technology (Shanghai) Co. Ltd.,Geothermal,AM0072 Fossil Fuel Displacement by Geothermal Resources for Space Heating,Large Scale,382547
Muyuan Nanyang Swine Farm Animal Waste Management System GHG Mitigation Project ,China,11255,Profit Carbon Environmental Energy Technology (Shanghai) Co. Ltd.,Biogas - Electricity,ACM0010 GHG emission reductions from manure management systems,Large Scale,478780
Thai Hoa Wind Power Project,Viet Nam,11251,South Pole Ltd SCV,Wind,ACM0002 Grid-connected electricity generation from renewable sources,Large Scale,214728
Fair Climate Programme for Sustainable Household Energy (PoA) - Fair Climate Programme: Project Exhale - Maharashtra India (VPA 4),India,11247,FairClimateFund,Energy Efficiency - Domestic,GS MS Simplified Methodology for Efficient Cookstoves v1.,Micro scale,10000
Fair Climate Programme for Sustainable Household Energy (PoA) - Fair Climate Programme: Bachat project - Odisha India (VPA 1) ,India,11246,FairClimateFund,Energy Efficiency - Domestic,GS MS Simplified Methodology for Efficient Cookstoves v1.,Micro Scale,9795
Community Carbon Safe Water Drinking Programme VPA10,Malawi,11245,Community Carbon,Energy Efficiency - Domestic,,Small Scale,367
Shangrao Swine Farm Animal Manure Management System GHG Mitigation Project ,China,11239,Profit Carbon Environmental Energy Technology (Shanghai) Co. Ltd.,Biogas - Electricity,ACM0010 GHG emission reductions from manure management systems,Large Scale,432932
Ji’an Swine Farm Animal Manure Management System GHG Mitigation Project ,China,11238,Profit Carbon Environmental Energy Technology (Shanghai) Co. Ltd.,Biogas - Electricity,ACM0010 GHG emission reductions from manure management systems,Large Scale,480495
Ia Bang 1 Wind Power,Viet Nam,11237,Monsoon Carbon Pte Ltd,Wind,,Large Scale,140145
BioLite Improved Cook stoves Programme - CPA 028 supported by Republic of Korea,Uganda,11236,BioLite Inc.,Energy Efficiency - Domestic,,Small Scale,42510
BioLite Improved Cook stoves Programme - CPA 022 supported by Republic of Korea,Uganda,11235,BioLite Inc.,Energy Efficiency - Domestic,,Small Scale,42510
BioLite Improved Cook stoves Programme - CPA 021 supported by Republic of Korea,Uganda,11234,BioLite Inc.,Energy Efficiency - Domestic,,Small Scale,42510
BioLite Improved Cook stoves Programme - CPA 020 supported by Republic of Korea,Uganda,11233,BioLite Inc.,Energy Efficiency - Domestic,,Small Scale,42510
BioLite Improved Cook stoves Programme - CPA 019 supported by Republic of Korea,Uganda,11232,BioLite Inc.,Energy Efficiency - Domestic,,Small Scale,42510
BioLite Improved Cook stoves Programme - CPA 018 supported by Republic of Korea,Uganda,11231,BioLite Inc.,Energy Efficiency - Domestic,,Small Scale,42510
BioLite Improved Cook stoves Programme - CPA 017 supported by Republic of Korea,Uganda,11230,BioLite Inc.,Energy Efficiency - Domestic,,Small Scale,42510
BioLite Improved Cook stoves Programme - CPA 016 supported by Republic of Korea,Uganda,11229,BioLite Inc.,Energy Efficiency - Domestic,,Small Scale,42510
BioLite Improved Cook stoves Programme - CPA 015 supported by Republic of Korea,Uganda,11228,BioLite Inc.,Energy Efficiency - Domestic,,Small Scale,42510
BioLite Improved Cook stoves Programme - CPA 014 supported by Republic of Korea,Uganda,11227,BioLite Inc.,Energy Efficiency - Domestic,,Small Scale,42510
PANAB TEKIRDAG BIOGAS PLANT,Turkey,11226,Panab Tekirdag Enerji,Biogas - Electricity,,Large Scale,158169
Ganzhou Swine Farm Animal Manure Management System GHG Mitigation Project,China,11222,Profit Carbon Environmental Energy Technology (Shanghai) Co. Ltd.,Biogas - Electricity,ACM0010 GHG emission reductions from manure management systems,Large Scale,498012
GS10818 - Dissemination of Improved Cookstoves in India by Greenway - Dissemination of Improved Cookstoves in Karnataka by Greenway - VPA003,India,11218,Greenway Grameen Infra Private Limited,Energy Efficiency - Domestic,AMS-II.G. Energy Efficiency Measures in Thermal Applications of Non-Renewable Biomass,Small Scale,38333
GS1247 VPA 312 Guatemala Improved Cookstoves Project,Guatemala,11213,CO2balance UK ltd,Energy Efficiency - Domestic,,Micro Scale,8780
GS1247 VPA 311 Guatemala Improved Cookstoves Project,Guatemala,11212,CO2balance UK ltd,Energy Efficiency - Domestic,GS MS Simplified Methodology for Efficient Cookstoves v1.,Micro Scale,8531
Community Carbon Efficient Cooking Programme VPA-9,Mozambique,11211,Community Carbon,Energy Efficiency - Domestic,,Small Scale,37771
Production and sale of efficient cookstoves in the urban areas of Maputo Province,Mozambique,11209,Carbonsink (Carbonsink Group S.r.l.),Energy Efficiency - Domestic,GS TPDDTEC v3.1,Large Scale,112437
Multi-Layer Household Water Filtration System in Kenya,Kenya,11207,Profit Carbon Environmental Energy Technology (Shanghai) Co. Ltd.,Energy Efficiency - Domestic,GS Methodology for emission reductions from safe drinking water supply,Large Scale,471924
GS7591 VPA 46 Improved Cookstove Distribution in Kayonza Bugesera and Nyamasheke Districts of Rwanda (GS11205),Rwanda,11205,CO2balance UK ltd,Energy Efficiency - Domestic,GS TPDDTEC v3.1,Small Scale,34199
Waste composting project in Madagascar ,Madagascar,11201,GoodPlanet,Other,,Micro Scale,1197
GS11191 GS11193 RVPA-1 Biolite  Improved Charcoal Stoves in Kenya VPA 1 ,Kenya,11200,BioLite Inc.,Energy Efficiency - Domestic,,Large Scale,1498873
CPA 054 – Charcoal Stoves in Kenya,Kenya,11199,BioLite Inc.,Energy Efficiency - Domestic,,Small Scale,49023
CPA 053 – Charcoal Stoves in Kenya,Kenya,11198,BioLite Inc.,Energy Efficiency - Domestic,,Small Scale,49023
CPA 052 – Charcoal Stoves in Kenya,Kenya,11197,BioLite Inc.,Energy Efficiency - Domestic,,Small Scale,49023
CPA 051 – Charcoal Stoves in Kenya,Kenya,11196,BioLite Inc.,Energy Efficiency - Domestic,,Small Scale,48236
CPA 041 – BioLite HomeStove in Kenya,Kenya,11195,BioLite Inc.,Energy Efficiency - Domestic,,Small Scale,48877
CPA 009 – Charcoal Stoves in Kenya,Kenya,11194,BioLite Inc.,Energy Efficiency - Domestic,,Small Scale,48387
GS11191 VPA-1 Biolite Improved Charcoal  Stoves in Kenya,Kenya,11193,BioLite Inc.,Energy Efficiency - Domestic,,Large Scale,529802
CPA 003 – BioLite HomeStove in Kenya,Kenya,11192,BioLite Inc.,Energy Efficiency - Domestic,,Small Scale,48500
Household biogas plants in selected districts of Assam,India,11190,Value Network Ventures Pte. Ltd.,Biogas - Heat,AMS-I.E. Switch from Non-Renewable Biomass for Thermal Applications by the User,Small Scale,19040
GS1247 VPA 310 - Togo Safe Water,Togo,11183,CO2balance UK ltd,Energy Efficiency - Domestic,GS TPDDTEC v3.1,Micro Scale,9919
GS1247 VPA 309 - Togo Safe Water,Togo,11182,CO2balance UK ltd,Energy Efficiency - Domestic,GS TPDDTEC v3.1,Micro Scale,10000
GS1247 VPA 308 - Togo Safe Water,Togo,11181,CO2balance UK ltd,Energy Efficiency - Domestic,GS TPDDTEC v3.1,Micro Scale,10000
GS1247 VPA 307 - Togo Safe Water,Togo,11180,CO2balance UK ltd,Energy Efficiency - Domestic,GS TPDDTEC v3.1,Micro Scale,10000
GS1247 VPA 306 - Togo Safe Water,Togo,11179,CO2balance UK ltd,Energy Efficiency - Domestic,GS TPDDTEC v3.1,Micro Scale,10000
GS1247 VPA 305 - Togo Safe Water,Togo,11178,CO2balance UK ltd,Energy Efficiency - Domestic,GS TPDDTEC v3.1,Micro Scale,10000
GS1247 VPA 304 - Togo Safe Water,Togo,11177,CO2balance UK ltd,Energy Efficiency - Domestic,GS TPDDTEC v3.1,Micro Scale,9919
GS1247 VPA 303 - Togo Safe Water,Togo,11176,CO2balance UK ltd,Energy Efficiency - Domestic,GS TPDDTEC v3.1,Micro Scale,10000
Decentralized Clean Cooking for Smallholder Farmers in Mexico,Mexico,11173,SISTEMA.BIO INC.,Biogas - Heat,GS TPDDTEC v3.1,Small Scale,59236
Aqua Clara Safe Water Program,Kenya,11169,Climate Impact Partners Limited,Energy Efficiency - Domestic,,Large Scale,195994
Taishan Geothermal Central Heating System,China,11167,Profit Carbon Environmental Energy Technology (Shanghai) Co. Ltd.,Geothermal,AM0072 Fossil Fuel Displacement by Geothermal Resources for Space Heating,Large Scale,143987
GS5658 VPA 38: Fuel-efficient cookstoves for the resilience of rural communities in Burundi,Burundi,11155,Carbonsink (Carbonsink Group S.r.l.),Energy Efficiency - Domestic,,Micro Scale,7699
GS10959 VPA10 Safe Water Project in Bangladesh IV,Bangladesh,11153,Iceberg Environment Pte. Ltd.,Energy Efficiency - Domestic,,Small Scale,60000
GS10959 VPA09 Safe Water Project in Bangladesh III,Bangladesh,11152,Iceberg Environment Pte. Ltd.,Energy Efficiency - Domestic,,Small Scale,60000
GS10959 VPA08 Safe Water Project in Bangladesh II,Bangladesh,11151,Iceberg Environment Pte. Ltd.,Energy Efficiency - Domestic,,Small Scale,60000
GS10959 VPA07 Safe Water Project in Bangladesh I,Bangladesh,11150,Iceberg Environment Pte. Ltd.,Energy Efficiency - Domestic,,Small Scale,60000
Energy Efficient Stoves Program - CPA 3,Ethiopia,11149,World Vision Australia,Energy Efficiency - Domestic,AMS-II.G. Energy Efficiency Measures in Thermal Applications of Non-Renewable Biomass,Small Scale,46528
Energy Efficient Stoves Program - CPA 2,Ethiopia,11148,World Vision Australia,Energy Efficiency - Domestic,AMS-II.G. Energy Efficiency Measures in Thermal Applications of Non-Renewable Biomass,Small Scale,46528
Energy Efficient Stoves Program - CPA1,Ethiopia,11147,World Vision Australia,Energy Efficiency - Domestic,AMS-II.G. Energy Efficiency Measures in Thermal Applications of Non-Renewable Biomass,Small Scale,46528
TASC Clean Cooking PoA – VPA 1 (Zambia),Zambia,11145,THE AFRICAN STOVE COMPANY LIMITED,Energy Efficiency - Domestic,,Large Scale,429495
Improved biomass cookstoves for returnees in Burundi,Burundi,11140,AERA Group,Energy Efficiency - Domestic,GS TPDDTEC v3.1,Large Scale,378335
National Biodigester Programme Phase IV,Cambodia,11138,MAFF/National Biodigester Programme,Biogas - Heat,,Small Scale,21717
GS10959 VPA06 Safe Water Project in Rwanda VI,Rwanda,11137,Iceberg Environment Pte. Ltd.,Energy Efficiency - Domestic,,Small Scale,60000
GS10959 VPA05 Safe Water Project in Rwanda V,Rwanda,11136,Iceberg Environment Pte. Ltd.,Energy Efficiency - Domestic,,Small Scale,60000
GS10959 VPA04 Safe Water Project in Rwanda IV,Rwanda,11135,Iceberg Environment Pte. Ltd.,Energy Efficiency - Domestic,,Small Scale,60000
GS10959 VPA03 Safe Water Project in Rwanda III,Rwanda,11134,Iceberg Environment Pte. Ltd.,Energy Efficiency - Domestic,,Small Scale,60000
GS10959 VPA02 Safe Water Project in Rwanda II,Rwanda,11133,Iceberg Environment Pte. Ltd.,Energy Efficiency - Domestic,,Small Scale,60000
GS 10959 VPA01 Safe Water Project in Rwanda I,Rwanda,11098,Iceberg Environment Pte. Ltd.,Energy Efficiency - Domestic,,Small Scale,60000
GS1247 VPA 287 - Burkina Faso Safe Water,Burkina Faso,11083,CO2balance UK ltd,Energy Efficiency - Domestic,GS TPDDTEC v3.1,Micro Scale,10000
GS1340 Efficient cookstoves in Burkina Faso - VPA-29 - Improved Cookstove F3PA project in Nahouri,Burkina Faso,11074,Tiipaalga,Energy Efficiency - Domestic,GS MS Simplified Methodology for Efficient Cookstoves v1.,Micro Scale,9199
GS1340 Efficient cookstoves in Burkina Faso – VPA-28 – Solidagro F3PA cookstoves in Passoré ,Burkina Faso,11073,CO2logic,Energy Efficiency - Domestic,,Micro Scale,9700
GS1340 Efficient cookstoves in Burkina Faso – VPA-27 – Solidagro F3PA cookstoves in Passoré ,Burkina Faso,11072,CO2logic,Energy Efficiency - Domestic,,Micro Scale,9700
GS1340 Efficient cookstoves in Burkina Faso – VPA-26 – Solidagro F3PA cookstoves in Passoré ,Burkina Faso,11071,CO2logic,Energy Efficiency - Domestic,,Micro Scale,9700
Enlightening lives by propagating Household biogas projects in India,India,11068,Radheshyam Cottex,Biogas - Heat,,Small Scale,41381
GS1247 VPA 271 - Burkina Faso Safe Water,Burkina Faso,11051,CO2balance UK ltd,Energy Efficiency - Domestic,GS TPDDTEC v3.1,Micro Scale,10000
GS1247 VPA 270 - Burkina Faso Safe Water,Burkina Faso,11050,CO2balance UK ltd,Energy Efficiency - Domestic,GS TPDDTEC v3.1,Micro Scale,10000
GS1247 VPA 269 - Burkina Faso Safe Water,Burkina Faso,11049,CO2balance UK ltd,Energy Efficiency - Domestic,GS TPDDTEC v3.1,Micro Scale,10000
GS1247 VPA 268 - Burkina Faso Safe Water,Burkina Faso,11048,CO2balance UK ltd,Energy Efficiency - Domestic,GS TPDDTEC v3.1,Micro Scale,10000
GS1247 VPA 267 - Burkina Faso Safe Water,Burkina Faso,11047,CO2balance UK ltd,Energy Efficiency - Domestic,GS TPDDTEC v3.1,Micro Scale,10000
GS1247 VPA 266 - Burkina Faso Safe Water,Burkina Faso,11046,CO2balance UK ltd,Energy Efficiency - Domestic,GS TPDDTEC v3.1,Micro Scale,10000
GS5658 VPA 37: “Access to energy for local development and resilience building in Uganda”,Uganda,11044,Carbonsink (Carbonsink Group S.r.l.),Energy Efficiency - Domestic,GS TPDDTEC v3.1,Micro Scale,7539
GS5658 VPA 36: “Access to energy for local development and resilience building in Uganda”,Uganda,11043,Carbonsink (Carbonsink Group S.r.l.),Energy Efficiency - Domestic,GS TPDDTEC v3.1,Micro Scale,7568
GS5658 VPA 35: “Access to energy for local development and resilience building in Uganda”,Uganda,11042,Carbonsink (Carbonsink Group S.r.l.),Energy Efficiency - Domestic,GS TPDDTEC v3.1,Micro Scale,7568
GS5658 VPA 34: “Access to energy for local development and resilience building in Uganda”,Uganda,11041,Carbonsink (Carbonsink Group S.r.l.),Energy Efficiency - Domestic,GS TPDDTEC v3.1,Micro Scale,7539
GS5658 VPA 33: Access to energy for local development and women's empowerment in Cabo Delgado Province Mozambique,Mozambique,11029,Carbonsink (Carbonsink Group S.r.l.),Energy Efficiency - Domestic,GS MS Simplified Methodology for Efficient Cookstoves v1.,Micro Scale,10000
GS5047 VPA91 African Improved Cookstoves and Clean Water Programme: Gishwati – Mukura Forest Conservation Project XVIII,Rwanda,11026,Likano Project Development GmbH,Energy Efficiency - Domestic,,Micro Scale,8802
GS5047 VPA90 African Improved Cookstoves and Clean Water Programme: Gishwati – Mukura Forest Conservation Project XVII,Rwanda,11025,Likano Project Development GmbH,Energy Efficiency - Domestic,,Micro Scale,8802
GS5047 VPA89 African Improved Cookstoves and Clean Water Programme: Gishwati – Mukura Forest Conservation Project XVI,Rwanda,11024,Likano Project Development GmbH,Energy Efficiency - Domestic,,Micro Scale,8802
GS5047 VPA87 African Improved Cookstoves and Clean Water Programme: Gishwati – Mukura Forest Conservation Project XV,Rwanda,11023,Likano Project Development GmbH,Energy Efficiency - Domestic,,Micro Scale,8802
GS5047 VPA86 African Improved Cookstoves and Clean Water Programme: Gishwati – Mukura Forest Conservation Project XIV,Rwanda,11022,Likano Project Development GmbH,Energy Efficiency - Domestic,,Micro Scale,8802
GS5047 VPA85 African Improved Cookstoves and Clean Water Programme: Gishwati – Mukura Forest Conservation Project XIII,Rwanda,11021,Likano Project Development GmbH,Energy Efficiency - Domestic,,Micro Scale,8802
GS5047 VPA84 African Improved Cookstoves and Clean Water Programme: Gishwati – Mukura Forest Conservation Project XII,Rwanda,11020,Likano Project Development GmbH,Energy Efficiency - Domestic,,Micro Scale,8802
GS5047 VPA83 African Improved Cookstoves and Clean Water Programme: Gishwati – Mukura Forest Conservation Project XI,Rwanda,11019,Likano Project Development GmbH,Energy Efficiency - Domestic,,Micro Scale,8802
GS5047 VPA82 African Improved Cookstoves and Clean Water Programme: Gishwati – Mukura Forest Conservation Project X,Rwanda,11018,Likano Project Development GmbH,Energy Efficiency - Domestic,,Micro Scale,8802
GS5047 VPA81 African Improved Cookstoves and Clean Water Programme: Gishwati – Mukura Forest Conservation Project IX,Rwanda,11017,Likano Project Development GmbH,Energy Efficiency - Domestic,,Micro Scale,8802
GS5047 VPA80 African Improved Cookstoves and Clean Water Programme: Gishwati – Mukura Forest Conservation Project VIII,Rwanda,11016,Likano Project Development GmbH,Energy Efficiency - Domestic,,Micro Scale,8802
GS5047 VPA79 African Improved Cookstoves and Clean Water Programme: Gishwati – Mukura Forest Conservation Project VII,Rwanda,11015,Likano Project Development GmbH,Energy Efficiency - Domestic,,Micro Scale,8802
GS5047 VPA78 African Improved Cookstoves and Clean Water Programme: Gishwati – Mukura Forest Conservation Project VI,Rwanda,11014,Likano Project Development GmbH,Energy Efficiency - Domestic,,Micro Scale,8802
GS5047 VPA77 African Improved Cookstoves and Clean Water Programme: Gishwati – Mukura Forest Conservation Project V,Rwanda,11013,Likano Project Development GmbH,Energy Efficiency - Domestic,,Micro Scale,8802
GS5047 VPA76 African Improved Cookstoves and Clean Water Programme: Gishwati – Mukura Forest Conservation Project IV,Rwanda,11012,Likano Project Development GmbH,Energy Efficiency - Domestic,,Micro Scale,8802
GS7591 VPA 38 Zambia Western Province Safe Water Project,Zambia,11011,CO2balance UK ltd,Energy Efficiency - Domestic,,Small Scale,60000
GS7591 VPA 37 Zambia Western Province Safe Water Project,Zambia,11010,CO2balance UK ltd,Energy Efficiency - Domestic,,Small Scale,60000
UpEnergy – Social and Climate Impact Programme-Cooking Devices VPA-6,Zambia,11007,UpEnergy Group,Energy Efficiency - Domestic,GS TPDDTEC v3.1,Small Scale,75873
GS5047 VPA64 African Improved Cookstoves and Clean Water Programme: Ibanda – Makera Forest Cook Stove Project IX,Rwanda,10995,Likano Project Development GmbH,Energy Efficiency - Domestic,,Micro Scale,8802
GS5047 VPA63 African Improved Cookstoves and Clean Water Programme: Ibanda – Makera Forest Cook Stove Project VIII,Rwanda,10994,Likano Project Development GmbH,Energy Efficiency - Domestic,,Micro Scale,8802
GS5047 VPA62 African Improved Cookstoves and Clean Water Programme: Ibanda – Makera Forest Cook Stove Project VII,Rwanda,10993,Likano Project Development GmbH,Energy Efficiency - Domestic,,Micro Scale,8802
GS5047 VPA61 African Improved Cookstoves and Clean Water Programme: Ibanda – Makera Forest Cook Stove Project VI,Rwanda,10992,Likano Project Development GmbH,Energy Efficiency - Domestic,,Micro Scale,8802
GS5047 VPA60 African Improved Cookstoves and Clean Water Programme: Ibanda – Makera Forest Cook Stove Project V,Rwanda,10991,Likano Project Development GmbH,Energy Efficiency - Domestic,,Micro Scale,8802
GS5047 VPA59 African Improved Cookstoves and Clean Water Programme: Ibanda – Makera Forest Cook Stove Project IV,Rwanda,10990,Likano Project Development GmbH,Energy Efficiency - Domestic,GS TPDDTEC v3.1,Micro Scale,8802
GS5658 VPA 32: Improved Cookstoves for Environmental Conservation in Southern Ethiopia,Ethiopia,10989,Carbonsink (Carbonsink Group S.r.l.),Energy Efficiency - Domestic,,Micro Scale,9654
GS5658 VPA 31: Improved Cookstoves for Environmental Conservation in Southern Ethiopia,Ethiopia,10988,Carbonsink (Carbonsink Group S.r.l.),Energy Efficiency - Domestic,,Micro Scale,10000
GivePower Kenya Solar Water Farms,Kenya,10987,CO2balance UK ltd,Energy Efficiency - Domestic,GS TPDDTEC v3.1,Small Scale,72402
Improved Cooking Stoves in Bangladesh – CPA No.19 “SZ Consultancy Services Ltd.”,Bangladesh,10982,Bangladesh Bondhu Foundation,Energy Efficiency - Domestic,AMS-II.G. Energy Efficiency Measures in Thermal Applications of Non-Renewable Biomass,Small Scale,50000
Improved Cooking Stoves in Bangladesh – CPA No.18 “SZ Consultancy Services Ltd.”,Bangladesh,10981,Bangladesh Bondhu Foundation,Energy Efficiency - Domestic,AMS-II.G. Energy Efficiency Measures in Thermal Applications of Non-Renewable Biomass,Small Scale,50000
Improved Cooking Stoves in Bangladesh – CPA No.17 “SZ Consultancy Services Ltd.”,Bangladesh,10980,Bangladesh Bondhu Foundation,Energy Efficiency - Domestic,AMS-II.G. Energy Efficiency Measures in Thermal Applications of Non-Renewable Biomass,Small Scale,50000
Improved Cooking Stoves in Bangladesh – CPA No.16 “SZ Consultancy Services Ltd.”,Bangladesh,10979,Bangladesh Bondhu Foundation,Energy Efficiency - Domestic,AMS-II.G. Energy Efficiency Measures in Thermal Applications of Non-Renewable Biomass,Small Scale,49272
Improved Cooking Stoves in Bangladesh – CPA No.15 “SZ Consultancy Services Ltd.”,Bangladesh,10978,Bangladesh Bondhu Foundation,Energy Efficiency - Domestic,AMS-II.G. Energy Efficiency Measures in Thermal Applications of Non-Renewable Biomass,Small Scale,50000
Improved Cooking Stoves in Bangladesh – CPA No.14 “SZ Consultancy Services Ltd.”,Bangladesh,10977,Bangladesh Bondhu Foundation,Energy Efficiency - Domestic,AMS-II.G. Energy Efficiency Measures in Thermal Applications of Non-Renewable Biomass,Small Scale,50000
Improved Cooking Stoves in Bangladesh – CPA No.13 “SZ Consultancy Services Ltd.”,Bangladesh,10976,Bangladesh Bondhu Foundation,Energy Efficiency - Domestic,AMS-II.G. Energy Efficiency Measures in Thermal Applications of Non-Renewable Biomass,Small Scale,49554
Improved Cooking Stoves in Bangladesh – CPA No.12 “SZ Consultancy Services Ltd.”,Bangladesh,10974,Bangladesh Bondhu Foundation,Energy Efficiency - Domestic,AMS-II.G. Energy Efficiency Measures in Thermal Applications of Non-Renewable Biomass,Small Scale,49554
UpEnergy-Social and Climate Impact Programme- Cooking Devices VPA-4,Malawi,10970,UpEnergy Group,Energy Efficiency - Domestic,GS TPDDTEC v3.1,Small Scale,61923
Community Carbon Safe Water Drinking Programme-VPA2,Uganda,10968,Community Carbon,Energy Efficiency - Domestic,,Small Scale,30963
Community Carbon Efficient Cooking Programme-VPA1,Uganda,10967,Community Carbon,Energy Efficiency - Domestic,,Large Scale,192328
GS1340 - Efficient cookstoves in Burkina Faso – tiipaalga F3PA cookstoves in Center-South Protected Areas - VPA-20,Burkina Faso,10924,Tiipaalga,Energy Efficiency - Domestic,,Micro Scale,9700
GS1340 - Efficient cookstoves in Burkina Faso – tiipaalga F3PA cookstoves in Center-South Protected Areas - VPA-19,Burkina Faso,10923,Tiipaalga,Energy Efficiency - Domestic,,Micro Scale,9700
GS1340 - Efficient cookstoves in Burkina Faso – tiipaalga F3PA cookstoves in Center-South Protected Areas - VPA-18,Burkina Faso,10922,Tiipaalga,Energy Efficiency - Domestic,,Micro Scale,9700
Up Energy Improved Cookstoves Programme Uganda – CPA No 023,Uganda,10921,UpEnergy Group,Energy Efficiency - Domestic,,Small Scale,17965
Up Energy Improved Cookstoves Programme Uganda – CPA No 022,Uganda,10920,UpEnergy Group,Energy Efficiency - Domestic,,Small Scale,17965
Up Energy Improved Cookstoves Programme Uganda – CPA No 021,Uganda,10919,UpEnergy Group,Energy Efficiency - Domestic,,Small Scale,17965
Up Energy Improved Cookstoves Programme Uganda – CPA No 020,Uganda,10918,UpEnergy Group,Energy Efficiency - Domestic,,Small Scale,17965
Up Energy Improved Cookstoves Programme Uganda – CPA No 019,Uganda,10917,UpEnergy Group,Energy Efficiency - Domestic,,Small Scale,17965
Up Energy Improved Cookstoves Programme Uganda – CPA No 018,Uganda,10916,UpEnergy Group,Energy Efficiency - Domestic,,Small Scale,17965
Up Energy Improved Cookstoves Programme Uganda – CPA No 017,Uganda,10915,UpEnergy Group,Energy Efficiency - Domestic,,Small Scale,17965
Up Energy Improved Cookstoves Programme Uganda – CPA No 016,Uganda,10914,UpEnergy Group,Energy Efficiency - Domestic,,Small Scale,17965
Up Energy Improved Cookstoves Programme Uganda – CPA No 015,Uganda,10913,UpEnergy Group,Energy Efficiency - Domestic,,Small Scale,17965
Up Energy Improved Cookstoves Programme Uganda – CPA No 014   ,Uganda,10912,UpEnergy Group,Energy Efficiency - Domestic,,Small Scale,17925
Up Energy Improved Cookstoves Programme Uganda – CPA No 013,Uganda,10911,UpEnergy Group,Energy Efficiency - Domestic,,Small Scale,17965
Up Energy Improved Cookstoves Programme Uganda – CPA No 012 ,Uganda,10910,UpEnergy Group,Energy Efficiency - Domestic,,Small Scale,118953
Up Energy Improved Cookstoves Programme Uganda – CPA No 011,Uganda,10909,UpEnergy Group,Energy Efficiency - Domestic,,Small Scale,118953
Up Energy Improved Cookstoves Programme Uganda – CPA No 010,Uganda,10908,UpEnergy Group,Energy Efficiency - Domestic,,Small Scale,118953
Up Energy Improved Cookstoves Programme Uganda – CPA No 009,Uganda,10907,UpEnergy Group,Energy Efficiency - Domestic,,Small Scale,118593
Up Energy Improved Cookstoves Programme Uganda – CPA No 008,Uganda,10906,UpEnergy Group,Energy Efficiency - Domestic,,Small Scale,118953
Up Energy Improved Cookstoves Programme Uganda – CPA No 007,Uganda,10905,UpEnergy Group,Energy Efficiency - Domestic,,Small Scale,118953
Up Energy Improved Cookstoves Programme Uganda – CPA No 006,Uganda,10904,UpEnergy Group,Energy Efficiency - Domestic,,Small Scale,118953
Up Energy Improved Cookstoves Programme Uganda – CPA No 005,Uganda,10903,UpEnergy Group,Energy Efficiency - Domestic,,Small Scale,118953
Up Energy Improved Cookstoves Programme Uganda – CPA No 003,Uganda,10901,UpEnergy Group,Energy Efficiency - Domestic,,Small Scale,44980
Up Energy Improved Cookstoves Programme Uganda – CPA No 004 ,Uganda,10902,UpEnergy Group,Energy Efficiency - Domestic,,Small Scale,44980
Up Energy Improved Cookstoves Programme Uganda – CPA No 002,Uganda,10900,UpEnergy Group,Energy Efficiency - Domestic,,Small Scale,118953
Up Energy Improved Cookstoves Programme Uganda – CPA No 001,Uganda,10899,UpEnergy Group,Energy Efficiency - Domestic,AMS-II.G. Energy Efficiency Measures in Thermal Applications of Non-Renewable Biomass,Small Scale,44874
Rwanda Kamonyi District Clean Water Project I,Rwanda,10897,Guangzhou Iceberg Environmental Consulting Services Co. Ltd.,Energy Efficiency - Domestic,,Micro Scale,2974
Methane Recovery and Biogas Utilization Project Quang Tri Province Vietnam,Viet Nam,10890,AGASCO Limited,"Biomass, or Liquid Biofuel - Cogeneration",AMS-I.C. Thermal energy production with or without electricity,Small Scale,54626
Methane Recovery and Biogas Utilization Project Lao Cai Province Vietnam,Viet Nam,10889,AGASCO Limited,"Biomass, or Liquid Biofuel - Cogeneration",AMS-I.C. Thermal energy production with or without electricity,Small Scale,61935
Methane Recovery and Biogas Utilization Project Yen Bai Province Vietnam,Viet Nam,10888,AGASCO Limited,"Biomass, or Liquid Biofuel - Cogeneration",AMS-I.C. Thermal energy production with or without electricity,Small Scale,47295
AVN08-S-01 Methane Recovery and Biogas Utilization Project Nghe An Province Vietna,Viet Nam,10887,AGASCO Limited,"Biomass, or Liquid Biofuel - Cogeneration",AMS-I.C. Thermal energy production with or without electricity,Small Scale,57455
“Commonland African Improved Cookstove Programme – VPA 01 (Peace Parks and Simalaha Community Conservancy)”,Zambia,10886,Commonland B.V.,Energy Efficiency - Domestic,GS TPDDTEC v3.1,Large Scale,63153
GS10884 - KOKO Kenya - Ethanol Cookstoves Program - CPA-0001,Kenya,10885,KOKO Network limited,Energy Efficiency - Domestic,,Small Scale,156063
Orb Energy Solar Program In India - VPA06,India,10879,Orb Energy Private Limited,Solar Thermal - Electricity,AMS-I.C. Thermal energy production with or without electricity,Small Scale,16000
GS5658 VPA 30: Improved Cookstoves for Environmental Conservation in Southern Ethiopia ,Ethiopia,10873,Carbonsink (Carbonsink Group S.r.l.),Energy Efficiency - Domestic,GS MS Simplified Methodology for Efficient Cookstoves v1.,Micro Scale,9794
GS5658 VPA 29: Improved Cookstoves for Environmental Conservation in Southern Ethiopia ,Ethiopia,10872,Carbonsink (Carbonsink Group S.r.l.),Energy Efficiency - Domestic,GS MS Simplified Methodology for Efficient Cookstoves v1.,Micro Scale,10000
GS1729 Myanmar Stoves Campaign - Soneva in Myanmar - VPA No. 017,Myanmar,10866,Soneva Foundation,Energy Efficiency - Domestic,GS MS Simplified Methodology for Efficient Cookstoves v1.,Micro scale,10000
Implementation and operation of Food & Energy Systems in Madagascar,Madagascar,10832,atmosfair gGmbH,Solar Thermal - Electricity,,Micro Scale,3137
Zorlu Enerji Wind Project (GS3946 CER to VER conversion),Pakistan,10830,Zorlu Enerji Pakistan Limited,Wind,ACM0002 Grid-connected electricity generation from renewable sources,Small Scale,98172
GS5047 VPA52 African Improved Cookstoves and Clean Water Programme: Ibanda – Makera Forest Cook Stove Project III,Rwanda,10828,Likano Project Development GmbH,Energy Efficiency - Domestic,GS TPDDTEC v3.1,Micro Scale,8802
GS5047 VPA51 African Improved Cookstoves and Clean Water Programme: Ibanda – Makera Forest Cook Stove Project II,Rwanda,10827,Likano Project Development GmbH,Energy Efficiency - Domestic,GS TPDDTEC v3.1,Micro Scale,8802
GS5047 VPA50 African Improved Cookstoves and Clean Water Programme: Ibanda – Makera Forest Cook Stove Project I,Rwanda,10826,Likano Project Development GmbH,Energy Efficiency - Domestic,GS TPDDTEC v3.1,Micro Scale,8802
GS10818 - Dissemination of Improved Cookstoves in India by Greenway - Dissemination of Improved Cookstoves in Karnataka by Greenway - VPA002,India,10825,Greenway Grameen Infra Private Limited,Energy Efficiency - Domestic,AMS-II.G. Energy Efficiency Measures in Thermal Applications of Non-Renewable Biomass,Small Scale,53964
Solar Drip Irrigation for Smallholder Farmers in Morocco,Morocco,10823,atmosfair gGmbH,Solar Thermal - Electricity,AMS-I.A. Electricity generation by the user,Micro Scale,7537
GS10818 - Dissemination of Improved Cookstoves in India by Greenway - Dissemination of Improved Cookstoves in Karnataka by Greenway - VPA001,India,10821,Greenway Grameen Infra Private Limited,Energy Efficiency - Domestic,AMS-II.G. Energy Efficiency Measures in Thermal Applications of Non-Renewable Biomass,Small Scale,55912
Biogas Support Program – Nepal Activity-4,Nepal,10813,Alternative Energy Promotion Centre,Biogas - Heat,AMS-I.E. Switch from Non-Renewable Biomass for Thermal Applications by the User,Small Scale,75307
Biogas Support Program – Nepal Activity-3,Nepal,10812,Alternative Energy Promotion Centre,Biogas - Heat,AMS-I.E. Switch from Non-Renewable Biomass for Thermal Applications by the User,Small Scale,74082
Biogas Support Program – Nepal (BSP-Nepal) Activity-2,Nepal,10811,Alternative Energy Promotion Centre,Biogas - Heat,AMS-I.E. Switch from Non-Renewable Biomass for Thermal Applications by the User,Small Scale,35357
Biogas Support Program – Nepal (BSP-Nepal) Activity-1,Nepal,10810,Alternative Energy Promotion Centre,Biogas - Heat,AMS-I.E. Switch from Non-Renewable Biomass for Thermal Applications by the User,Small Scale,35607
Grid-connected Solar PV project in Kael,Senegal,10809,AERA Group,PV,,Large Scale,34194
Grid-connected Solar PV project in Kahone,Senegal,10808,AERA Group,PV,,Large Scale,43406
GS5658 VPA 26: Promoting energy efficiency & clean cooking in Pemba,Mozambique,10807,Carbonsink (Carbonsink Group S.r.l.),Energy Efficiency - Domestic,,Micro Scale,10000
GS5658 VPA 25: Promoting energy efficiency & clean cooking in Pemba,Mozambique,10806,Carbonsink (Carbonsink Group S.r.l.),Energy Efficiency - Domestic,,Micro Scale,10000
GS1247 VPA 265 Improved Kitchen Regimes Multi-Country PoA - Dowa Boreholes Malawi,Malawi,10805,CO2balance UK ltd,Energy Efficiency - Domestic,GS TPDDTEC v3.1,Micro Scale,10000
GS1247 VPA 264 Improved Kitchen Regimes Multi-Country PoA - Dowa Boreholes Malawi,Malawi,10804,CO2balance UK ltd,Energy Efficiency - Domestic,GS TPDDTEC v3.1,Micro Scale,10000
GS1247 VPA 263 Improved Kitchen Regimes Multi-Country PoA - Dowa Boreholes Malawi,Malawi,10803,CO2balance UK ltd,Energy Efficiency - Domestic,GS TPDDTEC v3.1,Micro Scale,10000
GS1247 VPA 262 Improved Kitchen Regimes Multi-Country PoA - Dowa Boreholes Malawi,Malawi,10802,CO2balance UK ltd,Energy Efficiency - Domestic,GS TPDDTEC v3.1,Micro Scale,10000
GS1247 VPA 261 Improved Kitchen Regimes Multi-Country PoA - Dowa Boreholes Malawi,Malawi,10801,CO2balance UK ltd,Energy Efficiency - Domestic,GS TPDDTEC v3.1,Micro Scale,10000
GS1247 VPA 260 Improved Kitchen Regimes Multi-Country PoA - Dowa Boreholes Malawi,Malawi,10800,CO2balance UK ltd,Energy Efficiency - Domestic,GS TPDDTEC v3.1,Micro Scale,10000
GS1247 VPA 259 Improved Kitchen Regimes Multi-Country PoA - Dowa Boreholes Malawi,Malawi,10799,CO2balance UK ltd,Energy Efficiency - Domestic,GS TPDDTEC v3.1,Micro Scale,10000
Wind Power Project At Sea – No.5 Wind Power Plant Thanh Hai 1-4,Viet Nam,10798,South Pole Ltd SCV,Wind,ACM0002 Grid-connected electricity generation from renewable sources,Large Scale,319920
 Himalayan Rocket Stove Project in India ,India,10797,South Pole Ltd SCV,Energy Efficiency - Public Sector,,Large Scale,196195
Implementation and operation of water kiosks in Kenya - VPA 1,Kenya,10796,atmosfair gGmbH,Energy Efficiency - Domestic,,Micro Scale,3593
Kodeni Solar,Burkina Faso,10793,AERA Group,Other,,Large Scale,37686
GS10789 VPA3: Efficient and Clean Cooking for households in Kenya,Kenya,10792,ECC- Talanton Trust,Energy Efficiency - Domestic,,Large Scale,180217
GS10789 VPA2: Efficient and Clean Cooking for households in Kenya,Kenya,10791,ABLE IMPACT,Energy Efficiency - Domestic,,Large Scale,350907
GS10789 VPA1: Efficient and Clean Cooking for households in Somalia,Somalia,10790,ECOA Climate Capital,Energy Efficiency - Domestic,,Large Scale,358068
Sustainable Market Development of Improved cooking in rural Nepal by Practical Action,Nepal,10788,Value Network Ventures Pte. Ltd.,Energy Efficiency - Domestic,AMS-II.G. Energy Efficiency Measures in Thermal Applications of Non-Renewable Biomass,Small Scale,37390
GS5658 VPA 24: Water is Life Madagascar,Madagascar,10784,Madaprojects Srl SB,Energy Efficiency - Domestic,GS TPDDTEC v3.1,Micro Scale,10000
GS5658 VPA 23: Water is Life Madagascar,Madagascar,10783,Madaprojects Srl SB,Energy Efficiency - Domestic,,Micro Scale,8122
Household biogas plants in rural parts of Central India,India,10782,Value Network Ventures Pte. Ltd.,Biogas - Electricity,,Small Scale,56235
GS1340 Efficient cookstoves in Burkina Faso - VPA-17 - Improved Cookstove F3PA project in Nahouri,Burkina Faso,10781,Tiipaalga,Energy Efficiency - Domestic,GS MS Simplified Methodology for Efficient Cookstoves v1.,Micro Scale,9599
GS1340 Efficient cookstoves in Burkina Faso - VPA-16 - Improved Cookstove F3PA project in Nahouri,Burkina Faso,10780,Tiipaalga,Energy Efficiency - Domestic,GS MS Simplified Methodology for Efficient Cookstoves v1.,Micro Scale,9599
 GS1340 Efficient cookstoves in Burkina Faso - VPA-15 - Improved Cookstove F3PA project in Nahouri,Burkina Faso,10779,Tiipaalga,Energy Efficiency - Domestic,GS MS Simplified Methodology for Efficient Cookstoves v1.,Micro Scale,9599
GS1340 Efficient cookstoves in Burkina Faso - VPA-14 - Improved Cookstove F3PA project in Nahouri ,Burkina Faso,10778,Tiipaalga,Energy Efficiency - Domestic,GS MS Simplified Methodology for Efficient Cookstoves v1.,Micro Scale,9599
GS5658 VPA 22: Production and sale of efficient cookstoves in the urban areas of Maputo Province,Mozambique,10777,Carbonsink (Carbonsink Group S.r.l.),Energy Efficiency - Domestic,GS TPDDTEC v3.1,Micro Scale,6355
GS5658 VPA 21: Access to energy for local development and women's empowerment in Cabo Delgado Province Mozambique,Mozambique,10776,Carbonsink (Carbonsink Group S.r.l.),Energy Efficiency - Domestic,GS TPDDTEC v3.1,Micro Scale,6877
GS5047 VPA49 African Improved Cookstoves and Clean Water Programme: Gishwati – Mukura Forest Conservation Project III,Rwanda,10742,Likano Project Development GmbH,Energy Efficiency - Domestic,,Micro Scale,8802
GS5047 VPA48 African Improved Cookstoves and Clean Water Programme: Gishwati – Mukura Forest Conservation Project II,Rwanda,10741,Likano Project Development GmbH,Energy Efficiency - Domestic,,Micro Scale,8802
GS5047 VPA47 African Improved Cookstoves and Clean Water Programme: Gishwati – Mukura Forest Conservation Project I,Rwanda,10740,Likano Project Development GmbH,Energy Efficiency - Domestic,,Micro Scale,8802
Nepal Biogas Support Program-CPA 10: 10589 digesters,Nepal,10739,Alternative Energy Promotion Centre,Biogas - Heat,AMS-I.E. Switch from Non-Renewable Biomass for Thermal Applications by the User,Small Scale,38731
WADI - Innovation for Safe Water and Climate in Uganda,Uganda,10738,myclimate Foundation,Energy Efficiency - Domestic,GS TPDDTEC v3.1,Small Scale,18000
GS1247 VPA 258 Northern Ethiopia Community Protected Springs,Ethiopia,10737,CO2balance UK ltd,Energy Efficiency - Domestic,,Micro Scale,10000
GS1247 VPA 257 Northern Ethiopia Community Protected Springs,Ethiopia,10736,CO2balance UK ltd,Energy Efficiency - Domestic,,Micro Scale,10000
GS1247 VPA 256 Northern Ethiopia Community Safe Water,Ethiopia,10735,CO2balance UK ltd,Energy Efficiency - Domestic,,Micro Scale,10000
GS1247 VPA 247 Kaliro Safe Water,Uganda,10726,CO2balance UK ltd,Energy Efficiency - Domestic,,Micro Scale,10000
GS1247 VPA 246 Kaliro Safe Water,Uganda,10725,CO2balance UK ltd,Energy Efficiency - Domestic,,Micro Scale,10000
Zaidi Bomba Maji Arusha,Tanzania United Republic of,10718,Anthesis B.V.,Energy Efficiency - Domestic,GS TPDDTEC v3.1,Small Scale,12887
Improved cook stoves and sustainable charcoal initiative CPA 1,India,10716,atmosfair gGmbH,Energy Efficiency - Domestic,AMS-II.G. Energy Efficiency Measures in Thermal Applications of Non-Renewable Biomass,Small Scale,608055
MIVO Energie - Enabling LPG access for cooking in Togo,Togo,10712,Entrepreneurs du Monde,Energy Efficiency - Domestic,,Large Scale,28127
Promotion of clean cooking solutions in rural India by Infosys – VPA 1,India,10710,Infosys,Biogas - Electricity,,Small Scale,76195
GS1247 VPA 233 Sierra Leone Safe Water,Sierra Leone,10665,CO2balance UK ltd,Energy Efficiency - Domestic,,Micro Scale,10000
GS1247 VPA 232 Sierra Leone Safe Water,Sierra Leone,10664,CO2balance UK ltd,Energy Efficiency - Domestic,,Micro Scale,10000
GS1247 VPA 231 Sierra Leone Safe Water ,Sierra Leone,10663,CO2balance UK ltd,Energy Efficiency - Domestic,,Micro Scale,10000
Vaayu India Wind Power Project in Jaisalmer Rajasthan (GS5013 CER to VER conversion),India,10662,Wind World (India) Limited,Wind,ACM0002 Grid-connected electricity generation from renewable sources,Large scale,87159
Vaayu India Wind Power Project in Gujarat (GS3958 CER to VER conversion),India,10661,Wind World (India) Limited,Wind,ACM0002 Grid-connected electricity generation from renewable sources,Large scale,106378
GS5658 VPA 18: Water is Life Madagascar  ,Madagascar,10659,Madaprojects Srl SB,Energy Efficiency - Domestic,GS TPDDTEC v3.1,Micro Scale,10000
GS5658 VPA 17: Water is Life Madagascar  ,Madagascar,10658,Madaprojects Srl SB,Energy Efficiency - Domestic,GS TPDDTEC v3.1,Micro Scale,10000
GS5658 VPA 16: Water is Life Madagascar  ,Madagascar,10657,Madaprojects Srl SB,Energy Efficiency - Domestic,GS TPDDTEC v3.1,Micro Scale,8166
Enercon Wind Farm (Hindustan) Ltd in Rajasthan (GS2483 CER to VER conversion),India,10656,Wind World (India) Limited,Wind,ACM0002 Grid-connected electricity generation from renewable sources,Large scale,101047
Saros Wind Power Plant,Turkey,7801,BORUSAN ENBW ENERJI YATIRIMLARI VE ÜRETIM A.S.,Wind,,Large Scale,280909
ANTALYA Solar Power Plant,Turkey,7800,GTE KARBON SUSTAINABLE ENERJI EGITIM DANISMANLIK VE TICARET A.S.,Solar Thermal - Electricity,ACM0002 Grid-connected electricity generation from renewable sources,Large Scale,27000
Wind power project in Tirunelveli Tamil Nadu by TVS Energy Limited,India,7794,Sembcorp Green Infra Private Limited,Wind,AMS-I.D. Grid connected renewable electricity generation,Small Scale,28406
Wind power project in Maharashtra by TVS Energy Limited,India,7789,Sembcorp Green Infra Private Limited,Wind,,Large Scale,43919
ECOLIFE Conservation Patsari Improved Cookstove project Monarch Butterfly Biosphere Reserve Mexico ,Mexico,7783,ECOLIFE Conservation,Energy Efficiency - Domestic,GS TPDDTEC v3.1,Small Scale,28124
ARISU SOLAR POWER PLANT,Turkey,7775,GTE KARBON SUSTAINABLE ENERJI EGITIM DANISMANLIK VE TICARET A.S.,Solar Thermal - Electricity,,Large Scale,45000
27 MWp Solar PV Project by MH Technique Solaire India Private Limited,India,7762,MH Technique Solaire India Private Limited,Solar Thermal - Electricity,,Large Scale,32340
Clean Electricity Generation by Solar Power Project in Rajasthan,India,7760,AZURE POWER INDIA PRIVATE LIMITED,Solar Thermal - Electricity,,Large Scale,1011772
Tuppadahalli Wind Energy Project,India,7754,Kosher Climate India Pvt Ltd.,Wind,,Large Scale,128809
West Huaybong 3 wind farm project,Thailand,7746,Kosher Climate India Pvt Ltd.,Wind,ACM0002 Grid-connected electricity generation from renewable sources,Large Scale,139035
300 MW Wind Power Project in Gujarat by Alfanar Power ,India,7745,Kosher Climate India Pvt Ltd.,Wind,,Large Scale,901559
West Huaybong 2 wind farm project,Thailand,7744,Kosher Climate India Pvt Ltd.,Wind,ACM0002 Grid-connected electricity generation from renewable sources,Large Scale,124825
Gazi-9 WPP,Turkey,7741,Sanko Enerji Sanayi ve Ticaret A.Ş.,Wind,,Large Scale,115699
West Bakr Wind Farm Project,Egypt,7739,First Climate Markets GmbH,Wind,,Large Scale,531674
Parque de los Llanos umbrella project,Argentina,7737,Empresa Federal de Energia S.A.,Solar Thermal - Electricity,ACM0002 Grid-connected electricity generation from renewable sources,Large Scale,21578
Kuyulukoyak WIND POWER PLANT ,Turkey,7734,GTE KARBON SUSTAINABLE ENERJI EGITIM DANISMANLIK VE TICARET A.S.,Wind,,Large Scale,28910
Kartal Wind Power Project,Turkey,7733,Life Iklim ve Enerji Ltd. Sti.,Wind,ACM0002 Grid-connected electricity generation from renewable sources,Large Scale,79388
GS5304 MKOPA Solar Lighting Programme of Activities - Kenya VPA 5 by Natural Capital Partners,Kenya,7731,Climate Impact Partners Limited,Solar Thermal - Electricity,AMS-III.AR. Substituting fossil fuel based lighting with LED lighting systems,Small Scale,42000
250 MW Solar PV Plant at Bhainsada Rajasthan,India,7727,Infinite Environmental Solutions Limited,Solar Thermal - Electricity,ACM0002 Grid-connected electricity generation from renewable sources,Large Scale,410318
300 MW Solar PV Plant at Bhadla Rajasthan,India,7726,CLEAN SOLAR POWER (BHADLA) PRIVATE LIMITED,Solar Thermal - Electricity,,Large Scale,693327
180 MW Renewable Energy Project by Greenko Group ,India,7724,Orange Renewable Power Pvt Ltd,Solar Thermal - Electricity,ACM0002 Grid-connected electricity generation from renewable sources,Large Scale,331749
VPA 28 Coastal Kenya Borehole Rehabilitation Project,Kenya,7692,CO2balance UK ltd,Energy Efficiency - Domestic,,Small Scale,60000
GS7591 VPA 36 Zambian Central Province Safe Water,Zambia,7691,CO2balance UK ltd,Energy Efficiency - Domestic,,Small Scale,70000
GS7591 VPA 35 Zambian Central Province Safe Water,Zambia,7690,CO2balance UK ltd,Energy Efficiency - Domestic,,Small Scale,70000
GS7591 VPA 34 Zambian Central Province Safe Water,Zambia,7689,CO2balance UK ltd,Energy Efficiency - Domestic,,Small Scale,70000
GS7591 VPA 32 Zambian Central Province Safe Water,Zambia,7687,CO2balance UK ltd,Energy Efficiency - Domestic,,Small Scale,64419
GS7591 VPA 33 Zambian Central Province Safe Water,Zambia,7688,CO2balance UK ltd,Energy Efficiency - Domestic,,Small Scale,70000
Wind Energy Project at Jaisalmer district Rajasthan by Enn Enn Corp Limited,India,7686,EKI Energy Services Limited,Wind,AMS-I.D. Grid connected renewable electricity generation,Small Scale,11435
300 MW Wind Power Project by SITAC Kabini in Gujarat,India,7678,Kabini Renewables Private Limited,Wind,,Large Scale,909553
GS1247 VPA 220 Central and Western Uganda Safe Water Project,Uganda,7672,CO2balance UK ltd,Energy Efficiency - Domestic,,Micro Scale,10000
GS1247 VPA 219 Central and Western Uganda Safe Water Project,Uganda,7671,CO2balance UK ltd,Energy Efficiency - Domestic,,Micro Scale,10000
Jeori Hydro-Electric Project ,India,7668,Orange Renewable Power Pvt Ltd,"Small, Low - Impact Hydro",AMS-I.D. Grid connected renewable electricity generation,Small Scale,43634
Greenhouse Gas Emission Reductions Through Thermal Solar Power Technology - Rajasthan Sun Technique Energy Pvt. Ltd,India,7666,Infinite Environmental Solutions Limited,Solar Thermal - Electricity,ACM0002 Grid-connected electricity generation from renewable sources,Large Scale,101315
Tayakadın Wind Power Project Turkey,Turkey,7652,Fiba Yenilenebilir Enerji Holding A.Ş,Wind,ACM0002 Grid-connected electricity generation from renewable sources,Large Scale,82982
GS7591 VPA 31 Central Mozambique Safe Water Programme,Mozambique,7651,CO2balance UK ltd,Energy Efficiency - Domestic,,Small Scale,70000
GS7591 VPA 30 Central Mozambique Safe Water Programme,Mozambique,7650,CO2balance UK ltd,Energy Efficiency - Domestic,,Small Scale,70000
GS7591 VPA 29 Central Mozambique Safe Water Programme,Mozambique,7649,CO2balance UK ltd,Energy Efficiency - Domestic,,Small Scale,70000
GS7591 VPA 28 Central Mozambique Safe Water Programme,Mozambique,7648,CO2balance UK ltd,Energy Efficiency - Domestic,,Small Scale,60000
GS7591 VPA 27 Central Mozambique Safe Water Programme,Mozambique,7647,CO2balance UK ltd,Energy Efficiency - Domestic,,Small Scale,70000
GS7591 VPA 26 Central Mozambique Safe Water Programme,Mozambique,7646,CO2balance UK ltd,Energy Efficiency - Domestic,,Small Scale,70000
GS7591 VPA 25 Central Mozambique Safe Water Programme,Mozambique,7645,CO2balance UK ltd,Energy Efficiency - Domestic,,Small Scale,70000
GS7591 VPA 24 Central Mozambique Safe Water Programme,Mozambique,7644,CO2balance UK ltd,Energy Efficiency - Domestic,,Small Scale,70000
GS7591 VPA 23 Central Mozambique Safe Water Programme,Mozambique,7643,CO2balance UK ltd,Energy Efficiency - Domestic,,Small Scale,70000
GS7591 VPA 22 Central Mozambique Safe Water Programme,Mozambique,7642,CO2balance UK ltd,Energy Efficiency - Domestic,,Small Scale,70000
GS7591 VPA 21 Central Mozambique Safe Water Programme,Mozambique,7641,CO2balance UK ltd,Energy Efficiency - Domestic,,Small Scale,70000
GS7591 VPA 20 Central Mozambique Safe Water Programme,Mozambique,7640,CO2balance UK ltd,Energy Efficiency - Domestic,,Small Scale,70000
GS7591 VPA 19 Central Mozambique Safe Water Programme,Mozambique,7639,CO2balance UK ltd,Energy Efficiency - Domestic,,Small Scale,70000
GS7591 VPA 18 Central Mozambique Safe Water Programme,Mozambique,7638,CO2balance UK ltd,Energy Efficiency - Domestic,GS TPDDTEC v3.1,Small Scale,70000
GS7591 VPA 17 Central Mozambique Safe Water Programme,Mozambique,7637,CO2balance UK ltd,Energy Efficiency - Domestic,,Small Scale,70000
Wind power project in Ratlam MP ,India,7633,Orange Renewable Power Pvt Ltd,Other,ACM0002 Grid-connected electricity generation from renewable sources,Large Scale,127609
Wind power project in Gujarat by Kaze Energy Limited ,India,7632,Orange Renewable Power Pvt Ltd,Other,ACM0002 Grid-connected electricity generation from renewable sources,Large Scale,108398
Wind project by LWEPL-2 ,India,7631,Orange Renewable Power Pvt Ltd,Wind,,Large Scale,79470
Wind energy project by KWEPL - 1 ,India,7630,Orange Renewable Power Pvt Ltd,Wind,ACM0002 Grid-connected electricity generation from renewable sources,Large Scale,67063
Wind power project in Madhya Pradesh (2) India ,India,7629,Orange Renewable Power Pvt Ltd,Other,ACM0002 Grid-connected electricity generation from renewable sources,Large Scale,88711
Wind farm at Lalpur Gujarat ,India,7628,Orange Renewable Power Pvt Ltd,Wind,ACM0002 Grid-connected electricity generation from renewable sources,Large Scale,94584
150 MW Solar PV Plant by Juniper Green Field Pvt. Ltd. in Maharashtra,India,7627,Juniper Green Energy Pvt. Ltd.,Solar Thermal - Electricity,ACM0002 Grid-connected electricity generation from renewable sources,Large Scale,331609
Rural electrification program Madagascar,Madagascar,7623,atmosfair gGmbH,"Biomass, or Liquid Biofuel - Electricity",AMS-I.L. Electrification of rural communities using renewable energy,Micro Scale,5000
50.6 MW Wind Power Project at Umrali Gujarat by Powerica Limited ,India,7620,Powerica Limited,Wind,,Large Scale,149487
Solar PV Power project in Barmer Rajasthan.,India,7616,Infinite Environmental Solutions Limited,Solar Thermal - Electricity,ACM0002 Grid-connected electricity generation from renewable sources,Large Scale,88189
MRMPL Wind Power Project.,India,7615,Infinite Environmental Solutions LLP,Wind,ACM0002 Grid-connected electricity generation from renewable sources,Large Scale,32788
Wind based power project in Maharashtra by Siddhayu Ayurvedic Research Foundation Pvt. Ltd.,India,7614,EKI Energy Services Limited,Wind,AMS-I.D. Grid connected renewable electricity generation,Small Scale,21807
Waste Management PoA in India VPA 1,India,7610,Value Network Ventures Pte. Ltd.,Other,,Small Scale,775
FCN GS PoA for Rural Communities VPA 04,India,10466,Fair Climate Services Private Limited (FCS),Energy Efficiency - Domestic,GS Methodology for Improved Cook stoves and Kitchen Regimes v2.,Small Scale,40000
Zaoyuan Solar Cooker Project,China,7606,Sirreon Technology & Development (Beijing) Co.Ltd,Solar Thermal - Heat,AMS-I.C. Thermal energy production with or without electricity,Small Scale,109294
Shifosi Solar Cooker Project,China,7605,Sirreon Technology & Development (Beijing) Co.Ltd,Solar Thermal - Heat,AMS-I.C. Thermal energy production with or without electricity,Small Scale,109294
Houji Solar Cooker Project ,China,7604,Sirreon Technology & Development (Beijing) Co.Ltd,Solar Thermal - Heat,AMS-I.C. Thermal energy production with or without electricity,Small Scale,109294
Grid Connected Wind Power Project In Maharashtra India By Bhilwara (GS3705 CER to VER Conversion),India,10459,CLEAN SOLAR POWER (BHADLA) PRIVATE LIMITED,Wind,,Large Scale,73789
Proyecto Mirador Enhanced Distribution of Improved Cookstoves in Latin America – Second VPA for Distribution of Dos por Tres Cookstoves in Guatemala,Guatemala,10457,Proyecto Mirador,Energy Efficiency - Domestic,GS TPDDTEC v 2.,Large Scale,16270
Solar Water Heater Program in India- “CPA-7”,India,7602,Nuetech Solar Systems Private Limited,Solar Thermal - Heat,,Small Scale,43970
GS7591 VPA 11 Northern Uganda Safe Water Project,Uganda,7596,CO2balance UK ltd,Energy Efficiency - Domestic,,Small Scale,60000
GS7591 VPA 10 Northern Uganda Safe Water Project,Uganda,7595,CO2balance UK ltd,Energy Efficiency - Domestic,,Small Scale,60000
GS7591 VPA 9 Northern Uganda Safe Water Project,Uganda,7594,CO2balance UK ltd,Energy Efficiency - Domestic,,Small Scale,60000
GS7591 VPA 8 Northern Uganda Safe Water Project,Uganda,7593,CO2balance UK ltd,Energy Efficiency - Domestic,,Small Scale,60000
GS7591 VPA 7 Northern Uganda Safe Water Project,Uganda,7592,CO2balance UK ltd,Energy Efficiency - Domestic,,Small Scale,60000
Household and commercial biogas plants in Kenya,Kenya,7587,SISTEMA.BIO INC.,Biogas - Heat,,Large Scale,375053
GS1247 VPA 225 The Gambia Safe Water,Gambia,7581,CO2balance UK ltd,Energy Efficiency - Domestic,,Micro Scale,10000
GS1247 VPA 226 The Gambia Safe Water,Gambia,7582,CO2balance UK ltd,Energy Efficiency - Domestic,,Micro Scale,10000
GS1247 VPA 227 The Gambia Safe Water,Gambia,7583,CO2balance UK ltd,Energy Efficiency - Domestic,,Micro Scale,10000
GS1247 VPA 228 The Gambia Safe Water,Gambia,7584,CO2balance UK ltd,Energy Efficiency - Domestic,,Micro Scale,10000
GS1247 VPA 229 The Gambia Safe Water,Gambia,7585,CO2balance UK ltd,Energy Efficiency - Domestic,,Micro Scale,10000
GS1247 VPA 224 - The Gambia Safe Water,Gambia,7580,CO2balance UK ltd,Energy Efficiency - Domestic,GS TPDDTEC v 1.,Micro Scale,10000
CECIC HKC Danjinghe Wind Farm Project (GS6753 CER to VER Conversion),China,10411,Beijing Fangzhou Jiaye Technology Co ltd,Wind,ACM0002 Grid-connected electricity generation from renewable sources,Large scale,395001
Vaayu India Wind Power Project in Andhra Pradesh (GS4603 CER to VER conversion),India,10410,Wind World (India) Limited,Wind,ACM0002 Grid-connected electricity generation from renewable sources,Large scale,92971
Household biogas plants in rural parts of North East India,India,7576,Value Network Ventures Pte. Ltd.,Biogas - Heat,AMS-I.E. Switch from Non-Renewable Biomass for Thermal Applications by the User,Small Scale,57690
SolarAce1 Energy Project,Philippines,7575,AC Energy Inc.,Solar Thermal - Electricity,ACM0002 Grid-connected electricity generation from renewable sources,Large Scale,114433
Toliara PV Plant,Madagascar,7574,atmosfair gGmbH,Other,AMS-I.D. Grid connected renewable electricity generation,Micro Scale,3980
120 MW Solar PV Plant by Juniper Green Sigma Private Ltd. in Gujarat,India,7572,Juniper Green Energy Pvt. Ltd.,Solar Thermal - Electricity,,Large Scale,275305
Nam Long Hydropower Project (GS2707 CER to VER conversion),Lao People's Democratic Republic,10355,Climate Bridge (Shanghai) Ltd.,"Small, Low - Impact Hydro",,Small Scale,24035
VPA - Spouts-5 by Believe Green LLC,Uganda,7571,Believe Green LLC,Energy Efficiency - Domestic,GS TPDDTEC v3.1,Micro Scale,10000
Spouts-4 by Believegreen LLC,Uganda,7570,Believe Green LLC,Energy Efficiency - Domestic,GS TPDDTEC v3.1,Micro Scale,10000
GS5658 VPA 13: Water is Life Madagascar,Madagascar,7567,Madaprojects Srl SB,Energy Efficiency - Domestic,,Micro Scale,10000
Water is Life Madagascar ,Madagascar,7566,Madaprojects Srl SB,Energy Efficiency - Domestic,,Small Scale,60000
Gianyar Waste Recovery Project ,Indonesia,7561,Yayasan Bumi Sasmaya,Other,AMS-III.F. Avoidance of methane emissions through controlled biological treatment of biomass,Micro Scale,9093
GS7591 VPA 1 Western Kenya Borehole Rehabilitation Project,Kenya,7557,CO2balance UK ltd,Energy Efficiency - Domestic,,Small Scale,60000
GS5658 VPA 12: Improved Cookstoves for Environmental Conservation in Southern Ethiopia,Ethiopia,7556,Carbonsink (Carbonsink Group S.r.l.),Energy Efficiency - Domestic,GS MS Simplified Methodology for Efficient Cookstoves v1.,Micro Scale,10000
42 MWp Bundled Solar Photovoltaic Power project in Indonesia,Indonesia,7553,Kosher Climate India Pvt Ltd.,Solar Thermal - Electricity,ACM0002 Grid-connected electricity generation from renewable sources,Large Scale,57565
Jbel Sendouq-Khalladi (“Khalladi”) wind farm project in Morocco (GS5073 CER to VER conversion),Morocco,10309,ACWA Khalladi,Wind,ACM0002 Grid-connected electricity generation from renewable sources,Large Scale,143960
AMI Khanh Hoa Solar Project,Viet Nam,7551,AC Energy and Infrastructure Corporation,Solar Thermal - Electricity,,Large Scale,61856
Chaiyaphum Wind Farm Power Project,Thailand,7550,EKI Energy Services Limited,Wind,ACM0002 Grid-connected electricity generation from renewable sources,Large Scale,73396
Bundled Solar Project 2 by Aditya Birla Group of Companies,India,7549,EKI Energy Services Limited,Solar Thermal - Electricity,ACM0002 Grid-connected electricity generation from renewable sources,Large Scale,77735
Biomass based power plant in Mahendargarh Haryana,India,7548,Infinite Environmental Solutions Limited,"Biomass, or Liquid Biofuel - Electricity",AMS-I.D. Grid connected renewable electricity generation,Small Scale,52453
Bundled Solar Project 1 by Aditya Birla Group of Companies,India,7547,EKI Energy Services Limited,Solar Thermal - Electricity,ACM0002 Grid-connected electricity generation from renewable sources,Large Scale,326914
Clean Cooking Solutions for Rural Nepal,Nepal,7544,Deactivated Projects,Energy Efficiency - Domestic,AMS-II.G. Energy Efficiency Measures in Thermal Applications of Non-Renewable Biomass,Small Scale,33724
GS1729 Myanmar Stoves Campaign - Soneva in Myanmar - VPA No. 016,Myanmar,7539,Soneva Foundation,Energy Efficiency - Domestic,,Micro Scale,10000
Energising India using Solar Energy,India,7538,AZURE POWER INDIA PRIVATE LIMITED,Solar Thermal - Electricity,ACM0002 Grid-connected electricity generation from renewable sources,Large Scale,801350
10MW Solar Power Project (EnvironmentFirst-213),India,7535,EKI Energy Services Limited,Solar Thermal - Electricity,AMS-I.D. Grid connected renewable electricity generation,Small Scale,16403
250 MW Solar Power Plant in Pavagada Solar Park in Karnataka,India,7534,Fortum India Private Limited,Solar Thermal - Electricity,,Large Scale,426731
100 MW Solar Power plant in Maharashtra,India,7533,Juniper Green Energy Pvt. Ltd.,Solar Thermal - Electricity,ACM0002 Grid-connected electricity generation from renewable sources,Large Scale,216494
200 MW solar power project in India by SB Energy.,India,7532,Adani Green Energy Limited,Solar Thermal - Electricity,ACM0002 Grid-connected electricity generation from renewable sources,Large Scale,393905
Durabric Bricks Project by 14Trees in Malawi: VPA (01),Malawi,7531,Climate Impact Partners Limited ,Energy Efficiency - Industrial,"AMS-III.Z. Fuel Switch = 159, process improvement and energy efficiency in brick manufacture",Small Scale,50000
BMT Solar Farm,Viet Nam,7526,AC Energy and Infrastructure Corporation,Solar Thermal - Electricity,,Large Scale,34794
BIM Solar Farm,Viet Nam,7525,AC Energy and Infrastructure Corporation,Solar Thermal - Electricity,ACM0002 Grid-connected electricity generation from renewable sources,Large Scale,540295
GS5658 VPA 11: Promoting energy efficiency & clean cooking in Pemba,Mozambique,7524,Carbonsink (Carbonsink Group S.r.l.),Energy Efficiency - Domestic,,Micro Scale,10000
VPA 16 Kilifi Borehole Rehabilitation Project ,Kenya,7513,CO2balance UK ltd,Energy Efficiency - Domestic,GS TPDDTEC v 1.,Small Scale,60000
GS1729 Myanmar Stoves Campaign - Soneva in Myanmar - VPA No. 015 by Soneva Foundation,Myanmar,7512,Soneva Foundation,Energy Efficiency - Domestic,,Micro Scale,10000
Household biogas plants installed in rural areas of Madhya Pradesh  India,India,7510,Value Network Ventures Pte. Ltd.,Biogas - Heat,AMS-I.E. Switch from Non-Renewable Biomass for Thermal Applications by the User,Small Scale,53716
Nepal Biogas Support Program-CPA 9: 17304 digesters,Nepal,7509,Alternative Energy Promotion Centre,Biogas - Electricity,AMS-I.E. Switch from Non-Renewable Biomass for Thermal Applications by the User,Small Scale,57134
Nepal Biogas Support Program-CPA 8: 19445 digesters,Nepal,7508,Alternative Energy Promotion Centre,Biogas - Electricity,,Small Scale,64565
Orb Energy Solar Program in India - VPA05,India,7507,Orb Energy Private Limited,Solar Thermal - Electricity,AMS-I.C. Thermal energy production with or without electricity,Small Scale,15000
Orb Energy Solar Program in India - VPA04,India,7506,Orb Energy Private Limited,Solar Thermal - Heat,AMS-I.C. Thermal energy production with or without electricity,Small Scale,15000
CPA-KE-009 KENYA  ,Kenya,7505,ClimateCare Limited,"Biomass, or Liquid Biofuel - Heat",AMS-I.E. Switch from Non-Renewable Biomass for Thermal Applications by the User,Small Scale,40363
CPA-KE-008 KISUMU ,Kenya,7504,ClimateCare Limited,"Biomass, or Liquid Biofuel - Heat",AMS-I.E. Switch from Non-Renewable Biomass for Thermal Applications by the User,Small Scale,29020
CPA-KE-001 KIBERA,Kenya,7498,ClimateCare Limited,"Biomass, or Liquid Biofuel - Heat",AMS-I.E. Switch from Non-Renewable Biomass for Thermal Applications by the User,Small Scale,32100
Believe Green Safe Drinking Water – Spring Health-2,India,7496,Believe Green LLC,Energy Efficiency - Domestic,GS TPDDTEC v3.1,Micro scale,10000
Hifadhi-Livelihoods Improved Cookstove Project in Tharaka Nithi County Kenya,Kenya,7495,Livelihoods Fund SICAV SIF,Energy Efficiency - Domestic,,Large Scale,223583
Erzurum Aziziye Solar Power Plant ,Turkey,7493,Galata Wind Enerji A.S.,Solar Thermal - Electricity,AMS-I.D. Grid connected renewable electricity generation,Small Scale,14067
ORLEMIS WPP,Turkey,7491,GTE KARBON SUSTAINABLE ENERJI EGITIM DANISMANLIK VE TICARET A.S.,Wind,,Large Scale,57046
GS1247 VPA 212 Sierra Leone Safe Water,Sierra Leone,7484,CO2balance UK ltd,Energy Efficiency - Domestic,,Micro Scale,10000
GS1247 VPA 211 Sierra Leone Safe Water,Sierra Leone,7483,CO2balance UK ltd,Energy Efficiency - Domestic,,Micro Scale,10000
GS1247 VPA 210 Sierra Leone Safe Water,Sierra Leone,7482,CO2balance UK ltd,Energy Efficiency - Domestic,,Micro Scale,10000
GS1247 VPA 209 Sierra Leone Safe Water,Sierra Leone,7481,CO2balance UK ltd,Energy Efficiency - Domestic,,Micro Scale,10000
GS1247 VPA 208 Sierra Leone Safe Water,Sierra Leone,7480,CO2balance UK ltd,Energy Efficiency - Domestic,,Micro Scale,10000
GS1247 VPA 207 Sierra Leone Safe Water,Sierra Leone,7479,CO2balance UK ltd,Energy Efficiency - Domestic,,Micro Scale,10000
GS1247 VPA 206 Sierra Leone Safe Water,Sierra Leone,7478,CO2balance UK ltd,Energy Efficiency - Domestic,,Micro Scale,10000
GS1247 VPA 205 Sierra Leone Safe Water,Sierra Leone,7477,CO2balance UK ltd,Energy Efficiency - Domestic,,Micro Scale,10000
GS1247 VPA 204 Sierra Leone Safe Water,Sierra Leone,7476,CO2balance UK ltd,Energy Efficiency - Domestic,,Micro Scale,10000
GS1247 VPA 203 Sierra Leone Safe Water,Sierra Leone,7475,CO2balance UK ltd,Energy Efficiency - Domestic,,Micro Scale,10000
GS1247 VPA 202 Improved Kitchen Regimes Manica Province Safe Water (Mozambique),Mozambique,7474,CO2balance UK ltd,Energy Efficiency - Domestic,,Micro Scale,8592
GS1247 VPA 201 Improved Kitchen Regimes Manica Province Safe Water (Mozambique),Mozambique,7473,CO2balance UK ltd,Energy Efficiency - Domestic,GS TPDDTEC v 1.,Micro Scale,10000
GS1247 VPA 200 Improved Kitchen Regimes Manica Province Safe Water (Mozambique),Mozambique,7472,CO2balance UK ltd,Energy Efficiency - Domestic,,Micro Scale,8400
GS1247 VPA 199 Improved Kitchen Regimes Manica Province Safe Water (Mozambique),Mozambique,7471,CO2balance UK ltd,Energy Efficiency - Domestic,GS TPDDTEC v 1.,Micro Scale,10000
GS1247 VPA 198 Improved Kitchen Regimes Manica Province Safe Water (Mozambique),Mozambique,7470,CO2balance UK ltd,Energy Efficiency - Domestic,,Micro Scale,7614
50.6 MW Wind Energy Project by Powerica Limited,India,7469,Powerica Limited,Wind,,Large Scale,101733
300 MW Wind Energy Project by Green Infra Wind Energy Limited,India,7468,Sembcorp Green Infra Private Limited,Wind,,Large Scale,487922
Solar DC programme in off-grid regions in India,India,7467,Value Network Ventures Pte. Ltd.,Solar Thermal - Electricity,AMS-III.BL. Integrated methodology for electrification of communities v2,Small Scale,14793
Integrated Domestic Energy Systems (IDES) for Clean Energy access and clean cooking in rural households in India ,India,7466,Value Network Ventures Pte. Ltd.,Energy Efficiency - Domestic,AMS-II.G. Energy Efficiency Measures in Thermal Applications of Non-Renewable Biomass,Small Scale,17634
GS1729 Myanmar Stoves Campaign - Soneva in Myanmar - VPA No. 014,Myanmar,7465,Soneva Foundation,Energy Efficiency - Domestic,,Micro Scale,9606
GS1247 VPA 194 Zambia Eastern Province Safe Water Project,Zambia,7460,CO2balance UK ltd,Energy Efficiency - Domestic,GS TPDDTEC v 1.,Micro Scale,10000
GS1247 VPA 193 Zambia Eastern Province Safe Water Project,Zambia,7459,CO2balance UK ltd,Energy Efficiency - Domestic,GS TPDDTEC v 1.,Micro Scale,10000
GS1247 VPA 192 Zambia Eastern Province Safe Water Project,Zambia,7458,CO2balance UK ltd,Energy Efficiency - Domestic,GS TPDDTEC v 1.,Micro Scale,10000
GS1247 VPA 191 Zambia Eastern Province Safe Water Project,Zambia,7457,CO2balance UK ltd,Energy Efficiency - Domestic,GS TPDDTEC v 1.,Micro Scale,10000
GS1247 VPA 190 Zambia Eastern Province Safe Water Project,Zambia,7456,CO2balance UK ltd,Energy Efficiency - Domestic,GS TPDDTEC v 1.,Micro Scale,10000
CECIC HKC Danjinghe Wind Farm Project,China,6753,Beijing Fangzhou Jiaye Technology Co ltd,Wind,ACM0002 Grid-connected electricity generation from renewable sources,Large Scale,395001
25.5 MW Wind Energy Farm at Nandurbar Maharashtra by HZL,India,6748,Hindustan Zinc Limited,Wind,ACM0002 Grid-connected electricity generation from renewable sources,Large Scale,42669
52.50 MW Wind energy farm at Mokla Rajasthan by HZL,India,6747,Hindustan Zinc Limited,Wind,,Large Scale,85755
Promoting Clean Cooking Solutions for the Disadvantaged Households in Nepal,Nepal,6597,Value Network Ventures Pte. Ltd.,Energy Efficiency - Domestic,Other,Small Scale,21404
Improved Cook Stoves programme for Rwanda CPA 0008,Rwanda,6264,atmosfair gGmbH,Energy Efficiency - Domestic,,Small Scale,42787
Sustainable Agroforestry Based Dairy Value Chain in Mount Elgon Kenya,Kenya,6588,Livelihoods Fund SICAV SIF,A/R,,Micro Scale,50618
CPA 057 - Charcoal Stoves in Kenya,Kenya,3951,"BioLite, Inc.",Energy Efficiency - Domestic,,Small Scale,48733
Zhangjiajie  Meitanwan MSW landfill site LFG recovery to power project ,China,3551,"Henan BCCY Environmental Energy Co., Ltd.",Biogas - Electricity,ACM0001 Flaring or use of landfill gas,Large Scale,80388
GEYCEK Wind Farm Project,Turkey,608,AL-YEL Elektrik Uretim A.S.,Wind,ACM0002 Grid-connected electricity generation from renewable sources,Large Scale,319922
72 MW Wind power project in the South Sulawesi Province of Indonesia,Indonesia,7164,Kosher Climate India Pvt Ltd.,Wind,ACM0002 Grid-connected electricity generation from renewable sources,Large Scale,198676
TATLIPINAR WIND POWER PLANT,Turkey,7105,GTE KARBON SUSTAINABLE ENERJI EGITIM DANISMANLIK VE TICARET A.S.,Wind,ACM0002 Grid-connected electricity generation from renewable sources,Large Scale,204508
Community Level Green Energy Promotion in Nepal VPA-01,Nepal,6887,Sahas Foundation,Energy Efficiency - Domestic,,Small Scale,110036
50 MW Solar Power Project by Mytrah Energy India Private Limited,India,6832,MYTRAH ENERGY (INDIA) PRIVATE LIMITED,Solar Thermal - Electricity,ACM0002 Grid-connected electricity generation from renewable sources,Large Scale,88788
Energy efficiency improvement  project leading to multiple sustainable development benefits,Uganda,6831,Pacific Engineering Services Limited,Energy Efficiency - Domestic,AMS-II.G. Energy Efficiency Measures in Thermal Applications of Non-Renewable Biomass,Small Scale,38659
Guttigoli Solar Power Project in Karnataka,India,6760,Kosher Climate India Pvt Ltd.,Solar Thermal - Electricity,,Large Scale,198602
Improved Cook Stoves programme for Rwanda CPA 0010,Rwanda,6272,atmosfair gGmbH,Energy Efficiency - Domestic,,Small Scale,51422
Improved Cook Stoves programme for Rwanda CPA 0009,Rwanda,6271,atmosfair gGmbH,Energy Efficiency - Domestic,,Small Scale,51422
20 MW Solar Project in Sanwreej Jodhpur Rajasthan- Pre CDM Clone,India,7361,Infinite Environmental Solutions LLP,Solar Thermal - Electricity,Other,Large scale,34882
Namene Solar Light Company: Solar Lighting Project Zambia 1,Zambia,7002,NAMENE CLIMATE INVESTMENT VEHICLE LIMITED,Solar Thermal - Electricity,AMS-III.AR. Substituting fossil fuel based lighting with LED lighting systems,Small Scale,41869
21 MW Wind energy farm at Palladam TamilNadu by HZL,India,6858,Hindustan Zinc Limited,Wind,ACM0002 Grid-connected electricity generation from renewable sources,Large Scale,42131
15 MW Wind energy farm at Gopalpura Karnataka by HZL,India,6857,Hindustan Zinc Limited,Wind,AMS-I.D. Grid connected renewable electricity generation,Small Scale,32797
9 MW Wind Energy Farm at Jodhpur Rajasthan by HZL,India,6856,Hindustan Zinc Limited,Wind,,Small Scale,14846
27.3 MW Wind energy farm at Mokla Rajasthan by HZL,India,6855,Hindustan Zinc Limited,Wind,ACM0002 Grid-connected electricity generation from renewable sources,Large Scale,44067
Wind power project by HZL in Karnataka,India,6854,Hindustan Zinc Limited,Wind,,Large Scale,65555
5.10 MW Wind Power Project by Shyam Metalics & Energy Limited in Maharashtra India,India,6852,EKI Energy Services Limited,Wind,AMS-I.D. Grid connected renewable electricity generation,Small Scale,8416
Solar Water Pumps for salt farmers of Kutch,India,6830,Value Network Ventures Pte. Ltd.,Solar Thermal - Electricity,AMS-I.B. Mechanical energy for the user with or without electrical energy,Small Scale,4322
30 MW Wind Energy Project by Giriraj Enterprises,India,6756,Climera Carbon Private Limited,Wind,,Large Scale,73567
Energy efficiency improvement project leading to multiple sustainable development impacts.,Uganda,6604,Pacific Engineering Services Limited,Energy Efficiency - Domestic,AMS-II.G. Energy Efficiency Measures in Thermal Applications of Non-Renewable Biomass,Small Scale,39012
Adilabad biogas project,India,6395,MyPlanet,Biogas - Heat,,Large Scale,70352
Jabalpur biogas project ,India,6256,MyPlanet,Biogas - Heat,Other,Large Scale,70000
Bangna Starch Wastewater Treatment and Biogas Utilization Project (300084) (GS565 CER to VER conversion),Thailand,7303,South Pole Ltd,Biogas - Electricity,AMS-I.D. Grid connected renewable electricity generation,Small Scale,41701
Sichuan Rural Poor-Household Biogas Development Programme (GS1239 CER to VER conversion),China,7049,UPM Umwelt-Projekt-Management GmbH,Biogas - Heat,,Small Scale,800000
Solar thermal power plant by Godawari Green Energy Limited (GS3429 CER to VER conversion),India,6586,Godawari Green Energy Limited,Solar Thermal - Electricity,Other,Large scale,113160
Wind Energy Project in Gujarat (GS4426 CER to VER conversion),India,6498,Unknown Project Developer,Wind,Other,Large scale,101234
Improved Cookstoves Project Activity in Honduras “Vida Mejor con Ecofogones de Alto Rendimiento” – CPA No 001 Pre-CDM VER,Honduras,5844,Envirofit International Ltd.,Energy Efficiency - Domestic,AMS-II.G. Energy Efficiency Measures in Thermal Applications of Non-Renewable Biomass,Small Scale,42222
Sayan 14.896 MWe Small Scale Power Project Turkey,Turkey,730,Unknown Project Developer,"Small, Low - Impact Hydro",AMS-I.D. Grid connected renewable electricity generation,Small Scale,30000
Biomass Briquette Based Earth Stove Project,India,671,Climate Impact Partners Limited,"Biomass, or Liquid Biofuel - Heat",Other,Micro scale,2997
Wind power project by HZL in Gujarat.,India,6853,Hindustan Zinc Limited,Wind,ACM0002 Grid-connected electricity generation from renewable sources,Large Scale,164413
0.75 MW Kerala Wind Power Project,India,561,MITCON Consultancy & Engineering Services Ltd.,Wind,Other,Microscale,1440
*SolarAid Microsolar Lanterns Project for Malawi,Malawi,393,Unknown Project Developer,Solar Thermal - Electricity,Other,Microscale,2700
*Zengamina Mini Hydro Scheme- Zambia,Zambia,355,Climate Impact Partners Limited,"Small, Low - Impact Hydro",,Micro Scale,4385
*Project White Hill,New Zealand,340,Meridian Energy Ltd,Wind,Other,Large scale,130500
REMONDIS Recycling CO2 Emissions Reductions from Glass Recycling Germany,Germany,7435,REMONDIS Recycling Gmbh & Co. KG,Energy Efficiency - Industrial,AMS-III.AJ. Recovery and recycling of materials from solid wastes,Micro Scale,863
Mabwepande Composting Facility for Market Waste,Tanzania United Republic of,5988,atmosfair gGmbH,Other,AMS-III.F. Avoidance of methane emissions through controlled biological treatment of biomass,Micro scale,8529
Energy for Mam Rashan,Iraq,6460,atmosfair gGmbH,Other,GS MS Microscale Electrification and Energization v1.,Micro Scale,1200
Borey Energo,Kazakhstan,4273,EKI Energy Services Limited,Wind,ACM0002 Grid-connected electricity generation from renewable sources,Large Scale,409968
WWF Mamize Firewood-Saving Cook Stove Project II,China,1097,South Pole Ltd,Energy Efficiency - Domestic,AMS-II.G. Energy Efficiency Measures in Thermal Applications of Non-Renewable Biomass,Micro Scale,3334
WWF Mamize Firewood-Saving Cook Stove Project IV,China,1096,South Pole Ltd,Energy Efficiency - Domestic,AMS-II.G. Energy Efficiency Measures in Thermal Applications of Non-Renewable Biomass,Micro Scale,3422
WWF Mamize Firewood-Saving Cook Stove Project III,China,1095,South Pole Ltd,Energy Efficiency - Domestic,AMS-II.G. Energy Efficiency Measures in Thermal Applications of Non-Renewable Biomass,Micro Scale,3323
Samsun Landfill Gas to Energy Project Turkey,Turkey,935,Samsun Avdan Energy,Biogas - Electricity,,Large Scale,135155
*Anemon Intepe Wind Farm Turkey,Turkey,347,Anemon Enerji Elektrik Uretim A.S.,Wind,ACM0002 Grid-connected electricity generation from renewable sources,Large Scale,79136
*Te Apiti Wind Farm,New Zealand,338,Meridian Energy Ltd,Wind,,Large scale,180000
Kuyasa low-cost urban housing energy upgrade project Khayelitsha (Cape Town; South Africa),South Africa,337,atmosfair gGmbH,Energy Efficiency - Domestic,,Small Scale,6580
Ecofiltro Guatemala Improved Stoves and Water Purification Project,Guatemala,1321,Climate Impact Partners Limited,Energy Efficiency - Domestic,GS TPDDTEC v3.1,Large Scale,214032
Electricity generation from mustard crop residues: Tonk India,India,441,Kalpataru Power Transmission Limited,"Biomass, or Liquid Biofuel - Electricity",AMS-I.D. Grid connected renewable electricity generation,Small Scale,50002
*Ningxia Yinyi 49.50MW Wind-farm Project_preCDM VERs,China,455,Climate Impact Partners Limited,Wind,ACM0002 Grid-connected electricity generation from renewable sources,Small Scale,98283
*Sri Balaji 6 MW Non-Conventional Renewable Sources Biomass Power Project,India,382,Deactivated Projects,"Biomass, or Liquid Biofuel - Electricity",AMS-I.D. Grid connected renewable electricity generation,Small Scale,28590
Carbon Emission Reduction Program through CCDB Improved Cook Stove (ICS) in Bangladesh – VPA 1 – Patharghata and Morrelganj 1  ,Bangladesh,7444,CCDB Enterprise Ltd.,Energy Efficiency - Domestic,GS MS Simplified Methodology for Efficient Cookstoves v1.,Micro Scale,9253
Zarafshan Wind Farm,Uzbekistan,3901,SHAMOL ZARAFSHAN ENERGY’ FE LLC,Wind,ACM0002 Grid-connected electricity generation from renewable sources,Large Scale,992600
Diverting Sargassum from Landfills in Mexico,Mexico,4530,Geoff Chapin,Other,Not provided,Large Scale,86232
Henan Funiushan Solar Cooker Project Phase I,China,7433,Sirreon Technology & Development (Beijing) Co.Ltd,Solar Thermal - Heat,AMS-I.C. Thermal energy production with or without electricity,Small Scale,90723
African Biogas Carbon Programme (ABC) - Kenya - VPA006,Kenya,5801,AFRICA BIOENERGY PROGRAMS LIMITED,Biogas - Heat,GS TPDDTEC v 1.,Small Scale,0
*Sayalar Wind Farm Turkey,Turkey,369,Dogal Enerji Elektrik Uretim A.S.,Wind,ACM0002 Grid-connected electricity generation from renewable sources,Large Scale,85035
Catalca Wind Power Project,Turkey,367,Sanko Enerji Sanayi ve Ticaret A.Ş.,Wind,ACM0002 Grid-connected electricity generation from renewable sources,Large Scale,186103
Samli Wind Power Project Turkiye,Turkey,351,Baki Elektrik Uretim Limited Şirketi,Wind,,Large Scale,227080
Clean Cooking Program in Rural India,India,4236,EKI Energy Services Limited,Energy Efficiency - Domestic,,Large Scale,111672
Hoa Binh 1 Wind Power Project ,Viet Nam,2751,South Pole Ltd SCV,Wind,ACM0002 Grid-connected electricity generation from renewable sources,Large Scale,135833
Kodeni Solar,Burkina Faso,2750,AERA Group,Other,,Large Scale,37686
*Suzhou Qizi Mountain Landfill Gas Recovery Project (300259),China,397,South Pole Ltd,Other,ACM0001 Flaring or use of landfill gas,Large Scale,105170
Belen Wind Power Plant,Turkey,390,Belen Elektrik Üretim A.Ş.,Wind,,Large Scale,84601
Greentech Plastic Offset Credits from Romania: Emission Reductions through Recycling,Romania,5099,GREENTECH SA,Other,,Small Scale,45380
Solentegre Solar Power Project,Turkey,5574,Life Iklim ve Enerji Ltd. Sti.,Solar Thermal - Electricity,AMS-I.D. Grid connected renewable electricity generation,Small Scale,8545
Improved Cookstoves and Healthy Lives in Nepal - VPA 4,Nepal,4922,ClimatePartner Foundation GmbH,Energy Efficiency - Domestic,"The Gold Standard Simplified Methodology for Clean and Efficient Cookstoves, Version 3.0",Micro Scale,10000
Cuamba Solar with Battery Storage Project,Mozambique,3966,Monsoon Carbon Pte Ltd,PV,,Large Scale,38198
GS1366 VPA 34 Coastal Kenya Borehole Rehabilitation Project,Kenya,2543,CO2balance UK ltd,Energy Efficiency - Domestic,GS TPDDTEC v 1.,Microscale,10000
Hamal Solar Power Project ,Turkey,6414,YBT ENERJI ELEKTRONIK INSAAT SANAYI VE TICARET LIMITED SIRKETI,Solar Thermal - Electricity,,Small Scale,10314
"Sistema.bio Global Carbon Program: Waste management, clean energy and regenerative agriculture on family farms in Kenya",International,4269,FarmCarbon Management S.à r.l.,Biogas - Heat,,Large Scale,135000
Solar Power for Rural Regions in Nigeria,Nigeria,3852,atmosfair gGmbH,Other,AMS-I.F. Renewable electricity generation for captive use and mini-grid,Micro Scale,10000
GS5047 VPA39 African Improved Cookstoves and Clean Water Programme: Nyungwe Rainforest Cookstove Project VII,Rwanda,7454,Likano Project Development GmbH,Energy Efficiency - Domestic,,Micro Scale,8498
GS5047 VPA33 African Improved Cookstoves and Clean Water Programme: Nyungwe Rainforest Cookstove Project I,Rwanda,7448,Likano Project Development GmbH,Energy Efficiency - Domestic,,Micro Scale,8498
Efficient Cook Stoves in the Bahian Reconcavo region,Brazil,832,Instituto Perene,Energy Efficiency - Domestic,GS Methodology for Improved Cook stoves and Kitchen Regimes v2.,Micro Scale,8834
GS5047 VPA38 African Improved Cookstoves and Clean Water Programme: Nyungwe Rainforest Cookstove Project VI,Rwanda,7453,Likano Project Development GmbH,Energy Efficiency - Domestic,,Micro Scale,8498
GS5047 VPA37 African Improved Cookstoves and Clean Water Programme: Nyungwe Rainforest Cookstove Project V,Rwanda,7452,Likano Project Development GmbH,Energy Efficiency - Domestic,,Micro Scale,8498
GS5047 VPA36 African Improved Cookstoves and Clean Water Programme: Nyungwe Rainforest Cookstove Project IV,Rwanda,7451,Likano Project Development GmbH,Energy Efficiency - Domestic,,Micro Scale,8498
GS5047 VPA35 African Improved Cookstoves and Clean Water Programme: Nyungwe Rainforest Cookstove Project III,Rwanda,7450,Likano Project Development GmbH,Energy Efficiency - Domestic,,Micro Scale,8498
GS5047 VPA34 African Improved Cookstoves and Clean Water Programme: Nyungwe Rainforest Cookstove Project II,Rwanda,7449,Likano Project Development GmbH,Energy Efficiency - Domestic,,Micro Scale,8498
 GS12602 GS12677 RVPA-1 Powerstove Multiple Fuel Project,Nigeria,5303,EKI Energy Services Limited,Energy Efficiency - Domestic,,Large Scale,208375
GS12382 GS12383 BVPA 01 Improved agricultural practices for rice cultivation in West Bengal,India,4813,Kosher Climate India Pvt Ltd.,Other,,Small Scale,53340
GS5658 VPA 10: Resilience with Safe drinking water in Drought Prone Areas of Bale Zone in Oromia (Ethiopia) phase II,Ethiopia,7436,Carbonsink (Carbonsink Group S.r.l.),Energy Efficiency - Domestic,GS TPDDTEC v3.1,Micro scale,10000
Los Santos Wind Power Project,Costa Rica,3405,Carbonbay GmbH & Co. KG,Wind,AMS-I.D. Grid connected renewable electricity generation,Small Scale,11383
Composting of municipal organic waste in Lome ,Togo,1147,GoodPlanet,Other,,Micro Scale,5086
Domestic Biogas Project for rural households in India,India,6275,Value Network Ventures Pte. Ltd.,Biogas - Heat,AMS-I.E. Switch from Non-Renewable Biomass for Thermal Applications by the User,Small Scale,45716
Promoting Clean Cooking Solutions for the Disadvantaged Households,Nepal,6212,Value Network Ventures Pte. Ltd.,Energy Efficiency - Domestic,AMS-II.G. Energy Efficiency Measures in Thermal Applications of Non-Renewable Biomass,Small Scale,58376
Household Biogas plants installed in rural areas of Uttar Pradesh & Gujarat,India,2520,Value Network Ventures Pte. Ltd.,Biogas - Heat,,Small Scale,21845
Renewable Energy Project by Panama Solar Energy Pvt. Ltd.,India,1378,EKI Energy Services Limited,Solar Thermal - Electricity,AMS-I.D. Grid connected renewable electricity generation,Small Scale,17129
"The Breathing Space Improved Cooking Stoves Programme, India – VPA No. 16 Envirofit",India,3445,"Envirofit International, Ltd.",Energy Efficiency - Domestic,,Small Scale,114822
Henan Funiushan Solar Cooker Project Phase II,China,7434,Sirreon Technology & Development (Beijing) Co.Ltd,Solar Thermal - Heat,AMS-I.C. Thermal energy production with or without electricity,Small Scale,90000
GS1247 VPA189 Southern Ethiopia Efficient Cook Stoves,Ethiopia,7437,CO2balance UK ltd,Energy Efficiency - Domestic,,Micro Scale,9698
Improved Cookstove Project In Uganda,Uganda,7438,South Pole Ltd,Energy Efficiency - Domestic,GS TPDDTEC v3.1,Large Scale,171495
"Utilization of waste gas from DRI Kiln for power generation in Raipur, India",India,3262,EKI Energy Services Limited,Energy Efficiency - Industrial,,Large Scale,48951
VPA - Spring Health - 1,India,6513,Believe Green LLC,Energy Efficiency - Domestic,Not provided,Micro Scale,9992
GS5047 VPA26 African Improved Cookstoves and Clean Water Programme: Nyagatare Safe Water Project VI,Rwanda,7395,Likano Project Development GmbH,Energy Efficiency - Domestic,GS TPDDTEC v3.1,Micro Scale,8768
Myanmar Stoves Campaign - Soneva in Myanmar - VPA No. 025,Myanmar,4205,Soneva Foundation,Energy Efficiency - Domestic,,Micro Scale,9758
GS1290: Native Energy  Clean Water Central America: VPA (04)  Honduras (GS 7356) ,Honduras,7356,NATIVE A PUBLIC BENEFIT CORPORATION,Energy Efficiency - Domestic,,Micro Scale,9710
GS1729 Myanmar Stoves Campaign - Soneva in Myanmar - VPA No. 013,Myanmar,7394,Soneva Foundation,Energy Efficiency - Domestic,,Micro Scale,10000
GS10789 GS10790 RVPA-52 Efficient and Clean  cooking for Households in Somalia,Somalia,4290,Global Cookstoves Ltd.,Energy Efficiency - Domestic,,Large Scale,67483
GS5047 VPA25 African Improved Cookstoves and Clean Water Programme: Nyagatare Safe Water Project V,Rwanda,7150,Likano Project Development GmbH,Energy Efficiency - Domestic,,Micro Scale,8768
GS5047 VPA24 African Improved Cookstoves and Clean Water Programme: Nyagatare Safe Water Project IV,Rwanda,7149,Likano Project Development GmbH,Energy Efficiency - Domestic,,Micro Scale,8768
GS5047 VPA23 African Improved Cookstoves and Clean Water Programme: Nyagatare Safe Water Project III,Rwanda,7148,Likano Project Development GmbH,Energy Efficiency - Domestic,,Micro Scale,8768
Native Hydraid Water Filtration in Kenya,Kenya,1124,NATIVE A PUBLIC BENEFIT CORPORATION,Energy Efficiency - Domestic,GS TPDDTEC v 1.,Micro Scale,10000
Yandun 8C Wind Farm Project,China,3509,"Profit Carbon Environmental Energy Technology (Shanghai) Co., Ltd.",Wind,ACM0002 Grid-connected electricity generation from renewable sources,Large Scale,335134
GS5047 VPA22 African Improved Cookstoves and Clean Water Programme: Nyagatare Safe Water Project II,Rwanda,7147,Likano Project Development GmbH,Energy Efficiency - Domestic,,Micro Scale,8768
GS 5796 Native Energy Clean Water Programme Central America: VPA (03) Haiti,Haiti,5796,NATIVE A PUBLIC BENEFIT CORPORATION,Energy Efficiency - Domestic,GS TPDDTEC v 1.,Micro scale,10000
GS1290: Native Clean Water Programme Central America: VPA (01) Honduras,Honduras,1332,NATIVE A PUBLIC BENEFIT CORPORATION,Energy Efficiency - Domestic,GS TPDDTEC v 1.,Micro Scale,10000
Safe Water Programme – Kenya – VPA 47,Kenya,3326,Impact Carbon,Energy Efficiency - Domestic,,Small Scale,60000
GS5047 VPA32 African Improved Cookstoves and Clean Water Programme: Nyagatare Safe Water Project XII,Rwanda,7401,Likano Project Development GmbH,Energy Efficiency - Domestic,GS TPDDTEC v3.1,Micro Scale,8768
GS5047 VPA31 African Improved Cookstoves and Clean Water Programme: Nyagatare Safe Water Project XI,Rwanda,7400,Likano Project Development GmbH,Energy Efficiency - Domestic,GS TPDDTEC v3.1,Micro Scale,8768
GS5047 VPA30 African Improved Cookstoves and Clean Water Programme: Nyagatare Safe Water Project X,Rwanda,7399,Likano Project Development GmbH,Energy Efficiency - Domestic,GS TPDDTEC v3.1,Micro Scale,8768
GS5047 VPA29 African Improved Cookstoves and Clean Water Programme: Nyagatare Safe Water Project IX,Rwanda,7398,Likano Project Development GmbH,Energy Efficiency - Domestic,GS TPDDTEC v3.1,Micro Scale,8768
GS5047 VPA28 African Improved Cookstoves and Clean Water Programme: Nyagatare Safe Water Project VIII,Rwanda,7397,Likano Project Development GmbH,Energy Efficiency - Domestic,GS TPDDTEC v3.1,Micro Scale,8768
GS5047 VPA27 African Improved Cookstoves and Clean Water Programme: Nyagatare Safe Water Project VII,Rwanda,7396,Likano Project Development GmbH,Energy Efficiency - Domestic,GS TPDDTEC v3.1,Micro Scale,8768
GS1264: Native Clean Water Programme West Africa: VPA(01) Ghana,Ghana,1294,NATIVE A PUBLIC BENEFIT CORPORATION,Energy Efficiency - Domestic,Not provided,Micro scale,10000
GS1247 VPA 188 Southern Ethiopia Efficient Cook Stoves,Ethiopia,7391,CO2balance UK ltd,Energy Efficiency - Domestic,,Micro Scale,9698
Biomass based power project of VPL,India,6607,VAYUNANDANA POWER LIMITED,"Biomass, or Liquid Biofuel - Electricity",AMS-I.D. Grid connected renewable electricity generation,Small Scale,49106
"GS1247 VPA 261 Improved Kitchen Regimes Multi-Country PoA - Dowa Boreholes, Malawi",Malawi,2758,CO2balance UK ltd,Energy Efficiency - Domestic,GS TPDDTEC v3.1,Micro Scale,10000
*Proyecto Mirador enhanced distribution of efficient woodstoves,Honduras,690,Proyecto Mirador,Energy Efficiency - Domestic,GS TPDDTEC v 2.,Small Scale,38149
GS1264: Native Clean Water Programme West Africa- VPA (03) Santrokofi Ghana,Ghana,5802,NATIVE A PUBLIC BENEFIT CORPORATION,Energy Efficiency - Domestic,GS TPDDTEC v 1.,Micro Scale,9540
GS1366 VPA 15 Kilifi Borehole Rehabilitation Project ,Kenya,7372,CO2balance UK ltd,Energy Efficiency - Domestic,GS TPDDTEC v 1.,Microscale,10000
GS1366 VPA 14 Kilifi Borehole Rehabilitation Project ,Kenya,7371,CO2balance UK ltd,Energy Efficiency - Domestic,GS TPDDTEC v 1.,Microscale,10000
GS1366 VPA 13 Kilifi Borehole Rehabilitation Project ,Kenya,7370,CO2balance UK ltd,Energy Efficiency - Domestic,GS TPDDTEC v 1.,Microscale,10000
GS1366 VPA 12 Kilifi Borehole Rehabilitation Project ,Kenya,7369,CO2balance UK ltd,Energy Efficiency - Domestic,GS TPDDTEC v 1.,Microscale,10000
GS1366 VPA 11 Kilifi Borehole Rehabilitation Project ,Kenya,7368,CO2balance UK ltd,Energy Efficiency - Domestic,GS TPDDTEC v 1.,Microscale,10000
GS1366 VPA 10 Kilifi Borehole Rehabilitation Project ,Kenya,7367,CO2balance UK ltd,Energy Efficiency - Domestic,GS TPDDTEC v 1.,Microscale,10000
Burn Stoves Project in Kenya,Kenya,5642,ECOA Climate Capital,Energy Efficiency - Domestic,,Large Scale,144000
EcoMakala Virunga Energy project,Congo the Democratic Republic of the,5391,CO2logic,Energy Efficiency - Domestic,AMS-III.BG Emission reduction through sustainable charcoal production and consumption,Large Scale,116605
GS1247 VPA 185 Lango Safe Water Project,Uganda,7364,CO2balance UK ltd,Energy Efficiency - Domestic,GS TPDDTEC v 1.,Micro Scale,9425
GS1247 VPA 183 Lango Safe Water Project,Uganda,7362,CO2balance UK ltd,Energy Efficiency - Domestic,GS TPDDTEC v 1.,Micro Scale,10000
Darfur Efficient Cook-stove Project,Sudan,500,Carbon Clear,Energy Efficiency - Domestic,GS Methodology for Improved Cook stoves and Kitchen Regimes v1.,Small Scale,33994
GS1247 VPA 187 Lango Safe Water Project,Uganda,7366,CO2balance UK ltd,Energy Efficiency - Domestic,GS TPDDTEC v 1.,Micro Scale,9839
GS1247 VPA 186 Lango Safe Water Project,Uganda,7365,CO2balance UK ltd,Energy Efficiency - Domestic,GS TPDDTEC v 1.,Micro Scale,9978
GS1247 VPA 184 Lango Safe Water Project,Uganda,7363,CO2balance UK ltd,Energy Efficiency - Domestic,GS TPDDTEC v 1.,Micro Scale,9978
GS2489 Efficient cookstoves in Benin and Togo – VPA4 – EcoBenin – Women Soils and Energy,Benin,7112,CO2logic,Energy Efficiency - Domestic,GS MS Simplified Methodology for Efficient Cookstoves v1.,Micro Scale,8629
GS2489 Efficient cookstoves in Benin and Togo – VPA3 – EcoBenin – Women Soils and Energy,Benin,6998,CO2logic,Energy Efficiency - Domestic,GS MS Simplified Methodology for Efficient Cookstoves v1.,Micro Scale,8461
Ova Wind Power Plant,Turkey,2681,Desilyon Consultancy Trade J.S.C.,Wind,ACM0002 Grid-connected electricity generation from renewable sources,Small Scale,23299
Kardemir Bozyaka Wind Power Plant,Turkey,1306,Desilyon Consultancy Trade J.S.C.,Wind,ACM0002 Grid-connected electricity generation from renewable sources,Small Scale,34964
GS1247 VPA 40 Improved Kitchen Regimes: Dissemination of improved stove in Zoba Anseba Eritrea 2,Eritrea,4036,CO2balance UK ltd,Energy Efficiency - Domestic,GS TPDDTEC v3.1,Micro Scale,8706
"GS11949 GS11996 RVPA-15 Small-scale solar electrical programme, South Africa",South Africa,5230,BLUE WORLD CARBON ASSET MANAGEMENT (PTY) LTD,PV,,Small Scale,0
Water for Climate Rwanda Project,Rwanda,6598,CO2logic,Energy Efficiency - Domestic,GS TPDDTEC v3.1,Large Scale,59480
Taspinar Wind Solar Hybrid Project,Turkey,6793,Galata Wind Enerji A.S.,Wind,,Large Scale,85592
GS1729 Myanmar Stoves Campaign - Soneva in Myanmar - VPA No. 012,Myanmar,7343,Soneva Foundation,Energy Efficiency - Domestic,GS MS Simplified Methodology for Efficient Cookstoves v1.,Micro scale,10000
GS1247 VPA 182 Zoba Debub Community Boreholes,Eritrea,7336,CO2balance UK ltd,Energy Efficiency - Domestic,GS TPDDTEC v 1.,Micro scale,10000
GS1247 VPA 181 Zoba Debub Community Boreholes,Eritrea,7335,CO2balance UK ltd,Energy Efficiency - Domestic,GS TPDDTEC v 1.,Micro scale,10000
GS1247 VPA 180 Zoba Debub Community Boreholes,Eritrea,7334,CO2balance UK ltd,Energy Efficiency - Domestic,GS TPDDTEC v 1.,Micro Scale,10000
GS1247 VPA 179 Zoba Debub Community Boreholes,Eritrea,7333,CO2balance UK ltd,Energy Efficiency - Domestic,GS TPDDTEC v 1.,Micro scale,10000
GS1247 VPA 178 Zoba Debub Community Boreholes,Eritrea,7332,CO2balance UK ltd,Energy Efficiency - Domestic,GS TPDDTEC v 1.,Micro scale,10000
GS1247 VPA 177 Zoba Debub Community Boreholes,Eritrea,7331,CO2balance UK ltd,Energy Efficiency - Domestic,GS TPDDTEC v 1.,Micro scale,10000
GS1247 VPA 176 Zoba Debub Community Boreholes,Eritrea,7330,CO2balance UK ltd,Energy Efficiency - Domestic,GS TPDDTEC v 1.,Micro scale,10000
Plantation activities in Nestlé India’s Milk Supply Chain,India,5042,NESTLE INDIA LIMITED,A/R,,Large Scale,79620
GS23255 VPA001: Sustainable Energy Project for Drying Agricultural Products in Thai Nguyen,Viet Nam,5038,"VNEEC., JSC",Energy Efficiency - Domestic,,Large Scale,0
VPA 175 EcoZoom Improved Stove Programme Uganda,Uganda,7345,BioLite Inc.,Energy Efficiency - Domestic,,Micro Scale,9998
VPA 174 EcoZoom Improved Stove Programme Uganda,Uganda,7317,BioLite Inc.,Energy Efficiency - Domestic,,Micro Scale,9998
GS5658 VPA 9: Water is Life - Phase II Madagascar,Madagascar,7311,Madaprojects Srl SB,Energy Efficiency - Domestic,GS TPDDTEC v3.1,Micro Scale,10000
GS5658 VPA 8: The Community Safe Water (Madagascar),Madagascar,7090,Carbonsink (Carbonsink Group S.r.l.),Energy Efficiency - Domestic,GS TPDDTEC v3.1,Micro Scale,10000
GS5658 VPA 7: Water is Life Madagascar,Madagascar,6752,Madaprojects Srl SB,Energy Efficiency - Domestic,GS TPDDTEC v3.1,Micro Scale,10000
GS5658 VPA 5: Resilience with Safe drinking water in Somali Regional State (Ethiopia),Ethiopia,6750,Carbonsink (Carbonsink Group S.r.l.),Energy Efficiency - Domestic,GS TPDDTEC v3.1,Micro scale,7747
VPA 173 EcoZoom Improved Stove Programme Uganda,Uganda,7318,BioLite Inc.,Energy Efficiency - Domestic,,Micro Scale,9998
Chumporn applied biogas technology for advanced waste water management,Thailand,708,Deutsche Gesellschaft fuer Internationale Zusammenarbeit GmbH,Biogas - Heat,AMS-III.I. Avoidance of methane production in wastewater treatment through replacement of anaerobic systems by aerobic systems,Large scale,28133
2025 - The First set of wells in the CEED Ugandan Clean Water Project for the Reduction of GHG,Uganda,5244,CHRISTIAN EAST AFRICA AND EQUATORIAL DEVELOPMENT (CEED) FOUNDATION LTD,Energy Efficiency - Domestic,,Small Scale,46109
Parque Fotovoltaico Cotoperi Solar,Dominican Republic,4797,Cotoperí Solar FV SRL,Other,,Large Scale,0
GS11574 VPA-1 Madagascar Water Project,Madagascar,4518,GREEN DEVELOPMENT AS,Energy Efficiency - Domestic,AMS-III.AV. Low greenhouse gas emitting water purification systems,Small Scale,168023
GS5658 VPA 4: Resilience with Safe Drinking Water in Drought Prone Areas of Bale Zone in Oromia (Ethiopia),Ethiopia,6749,Carbonsink (Carbonsink Group S.r.l.),Energy Efficiency - Domestic,GS TPDDTEC v3.1,Micro scale,10000
GS1247 VPA 155 Improved Kitchen Regimes: Gatsibo District Borehole Project Rwanda,Rwanda,6790,Deactivated Projects,Energy Efficiency - Domestic,GS TPDDTEC v 2.,Micro Scale,10000
"Emission reduction from plastic recycling, Chile.",Chile,4202,REVALORA SpA,Energy Efficiency - Industrial,,Small Scale,26500
Sustainable Water Purification Programme,"Tanzania, United Republic of",3432,Deactivated Projects,Energy Efficiency - Domestic,Other,Small Scale,60000
Solar Water Heater Progam in India CPA-08 ,India,3430,Nuetech Solar Systems Private Limited,Solar Thermal - Heat,AMS-I.C. Thermal energy production with or without electricity,Small Scale,43328
Safe Water Programme – Nigeria – VPA 27 ,Nigeria,3306,Impact Carbon,Energy Efficiency - Domestic,,Small Scale,60000
GS1729 Myanmar Stoves Campaign - Stoves for Myanmar - VPA No. 003,Myanmar,2395,Soneva Foundation,Energy Efficiency - Domestic,GS MS Simplified Methodology for Efficient Cookstoves v1.,Microscale,10000
GS1729 Myanmar Stoves Campaign - Soneva in Myanmar - VPA No. 008,Myanmar,6338,Soneva Foundation,Energy Efficiency - Domestic,GS MS Simplified Methodology for Efficient Cookstoves v1.,Micro scale,10000
GS1729 Myanmar Stoves Campaign - Soneva in Myanmar - VPA No. 007,Myanmar,6129,Soneva Foundation,Energy Efficiency - Domestic,GS MS Simplified Methodology for Efficient Cookstoves v1.,Micro scale,10000
GS1729 - Myanmar Stoves Campaign - Soneva in Myanmar - VPA No. 005,Myanmar,5661,Soneva Foundation,Energy Efficiency - Domestic,GS MS Simplified Methodology for Efficient Cookstoves v1.,Microscale,10000
GS1729 - Myanmar Stoves Campaign - Soneva in Myanmar - VPA No. 004,Myanmar,5660,QK TS Pvt. Ltd.,Energy Efficiency - Domestic,GS MS Simplified Methodology for Efficient Cookstoves v1.,Microscale,10000
Nepal Biogas Support Program - CPA 7: 18392 digesters,Nepal,6394,Alternative Energy Promotion Centre,Biogas - Heat,AMS-I.E. Switch from Non-Renewable Biomass for Thermal Applications by the User,Small Scale,61191
Nepal Biogas Support Program - CPA 6: 18504 digesters,Nepal,6393,Alternative Energy Promotion Centre,Biogas - Heat,AMS-I.E. Switch from Non-Renewable Biomass for Thermal Applications by the User,Small Scale,61565
GS11450 - MicroEnergy Credits – Microfinance for Clean Energy Product Lines – India - CPA 18 - GS11486,India,3566,MicroEnergy Credits,Energy Efficiency - Domestic,AMS-I.A. Electricity generation by the user,Small Scale,537458
Nepal Biogas Support Program - CPA 4: 19970 digesters,Nepal,3116,Alternative Energy Promotion Centre,Biogas - Heat,AMS-I.E. Switch from Non-Renewable Biomass for Thermal Applications by the User,Small Scale,66397
Nepal Biogas Support Program - CPA 3: 19959 digesters,Nepal,3114,Alternative Energy Promotion Centre,Biogas - Heat,AMS-I.E. Switch from Non-Renewable Biomass for Thermal Applications by the User,Small Scale,66329
JOil Jatropha plantation in Ghana ,Ghana,3109,JOIL (S) Pte. Ltd.,A/R,,Small Scale,55072
GS1729 Myanmar Stoves Campaign - Soneva in Myanmar - VPA No. 009,Myanmar,6599,Soneva Foundation,Energy Efficiency - Domestic,,Micro Scale,10000
GS1729 Myanmar Stoves Campaign - Soneva in Myanmar - VPA No. 011,Myanmar,6861,Soneva Foundation,Energy Efficiency - Domestic,GS MS Simplified Methodology for Efficient Cookstoves v1.,Micro scale,10000
GS1729 Myanmar Stoves Campaign - SLOW LIFE in Myanmar - VPA No. 001,Myanmar,2295,Deactivated Projects,Energy Efficiency - Domestic,GS MS Simplified Methodology for Efficient Cookstoves v1.,Microscale,9865
GS1247 VPA 116 Improved Kitchen Regimes Multi-Country PoA - Dowa Boreholes Malawi,Malawi,5441,CO2balance UK ltd,Energy Efficiency - Domestic,GS TPDDTEC v 1.,Micro scale,10000
Nefer Benban Solar Energy,Egypt,5439,Value Network Ventures Pte. Ltd.,PV,,Large Scale,287881
Alternative Fuel and Clinker Optimization Project,Viet Nam,5438,Orbion Carbon Ltd,Energy Efficiency - Industrial,,Large Scale,200000
GS1247 VPA 112 Improved Kitchen Regimes Multi-Country PoA - Dowa Boreholes Malawi,Malawi,5437,CO2balance UK ltd,Energy Efficiency - Domestic,GS TPDDTEC v 1.,Micro scale,10000
GS1247 VPA 104 Improved Kitchen Regimes Multi-Country PoA - Kasungu Boreholes Malawi,Malawi,5344,CO2balance UK ltd,Energy Efficiency - Domestic,GS TPDDTEC v 1.,Micro scale,10000
Infosys Agroforestry Project for Rural Farmers in India,India,5343,Infosys,A/R,,Large Scale,28346
GS1247 VPA 102 Improved Kitchen Regimes Multi-Country PoA - Kasungu Boreholes Malawi,Malawi,5342,CO2balance UK ltd,Energy Efficiency - Domestic,GS TPDDTEC v 1.,Micro scale,10000
GS23414 VPA -1 Industrial boiler fuel switch in Kenya,Kenya,5340,Lean Energy Solutions Ltd,"Biomass, or Liquid Biofuel - Heat",,Small Scale,27948
Industrial Boiler Fuel Switch-Biomass Waste Recycling and Reuse in East Africa,Kenya,5339,Lean Energy Solutions Ltd,"Biomass, or Liquid Biofuel - Heat",,Small Scale,27948
Improved Cook Stoves distribution in Inhambane-01 by Sogepal,Mozambique,5338,EKI Energy Services Limited,Energy Efficiency - Domestic,,Small Scale,33016
RVPA-1 Methane Reduction by Alternate Wetting and Drying (AWD) in Indonesia,Indonesia,5336,RIZE PTE. LTD.,Other,,Small Scale,24000
Sustainable Rice Production in Southeast and South Asia,Indonesia,5335,RIZE PTE. LTD.,Other,,Small Scale,44000
GS1729 Myanmar Stoves Campaign - Soneva in Myanmar - VPA No. 010,Myanmar,6600,Soneva Foundation,Energy Efficiency - Domestic,,Micro Scale,10000
"Climate Protection Project in Karnali Province, Nepal",Nepal,5332,Sahas Foundation,Energy Efficiency - Domestic,,Small Scale,28000
Nepal Biogas Support Program - CPA 2: 19927 digesters,Nepal,3113,Alternative Energy Promotion Centre,Biogas - Heat,AMS-I.E. Switch from Non-Renewable Biomass for Thermal Applications by the User,Small Scale,66236
Promoting Improved Cooking practices in Nigeria,Nigeria,7312,Toyola Energy Services Limited,Energy Efficiency - Domestic,GS TPDDTEC v3.1,Large Scale,604520
GS2393 GS23403 RVPA_1 Impact Water Safe Drinking Water initiative in Uganda VPA3,Uganda,5330,Impact Carbon,Energy Efficiency - Domestic,,Small Scale,60000
GS2393 GS23403 RVPA_1 Impact Water Safe Drinking Water initiative in Uganda VPA2,Uganda,5329,Impact Carbon,Energy Efficiency - Domestic,,Small Scale,60000
GS1247 VPA 171 Southern Ethiopia Community Safe Water,Ethiopia,7292,CO2balance UK ltd,Energy Efficiency - Domestic,,Micro Scale,10000
GS1247 VPA 165 Southern Ethiopia Community Safe Water,Ethiopia,7287,CO2balance UK ltd,Energy Efficiency - Domestic,,Micro Scale,10000
GS1247 VPA 126 Zoba Anseba Community Safe Water,Eritrea,5955,CO2balance UK ltd,Energy Efficiency - Domestic,,Micro Scale,10000
GS1247 VPA 122 Zoba Anseba Community Safe Water,Eritrea,5951,CO2balance UK ltd,Energy Efficiency - Domestic,,Micro Scale,10000
400 MW Solar Power Project at Bhadla Rajasthan,India,7071,Adani Green Energy Limited,Solar Thermal - Electricity,,Large Scale,694471
21 MW Wind Energy Project by Shree Cement Limited,India,6999,EKI Energy Services Limited,Wind,ACM0002 Grid-connected electricity generation from renewable sources,Large Scale,45317
GS1247 VPA 151 Improved Kitchen Regimes: Gatsibo District Borehole Project Rwanda,Rwanda,6786,Deactivated Projects,Energy Efficiency - Domestic,GS TPDDTEC v 1.,Micro scale,10000
GS1247 VPA 172 Southern Ethiopia Efficient Cook Stoves ,Ethiopia,7293,CO2balance UK ltd,Energy Efficiency - Domestic,,Micro Scale,9698
GS1247 VPA 149 Southern Ethiopia Community Safe Water,Ethiopia,6783,CO2balance UK ltd,Energy Efficiency - Domestic,,Micro Scale,10000
GS1247 VPA 156 Southern Ethiopia Community Protected Springs,Ethiopia,6836,CO2balance UK ltd,Energy Efficiency - Domestic,,Micro Scale,10000
GS1247 VPA 150 Southern Ethiopia Community Safe Water,Ethiopia,6784,CO2balance UK ltd,Energy Efficiency - Domestic,,Micro Scale,10000
GS1247 VPA 154 Improved Kitchen Regimes: Gatsibo District Borehole Project Rwanda,Rwanda,6789,Deactivated Projects,Energy Efficiency - Domestic,GS TPDDTEC v 2.,Micro scale,10000
GS1247 VPA 153 Improved Kitchen Regimes: Gatsibo District Borehole Project Rwanda,Rwanda,6788,Deactivated Projects,Energy Efficiency - Domestic,GS TPDDTEC v 1.,Micro scale,10000
GS1247 VPA 152 Improved Kitchen Regimes: Gatsibo District Borehole Project Rwanda,Rwanda,6787,Deactivated Projects,Energy Efficiency - Domestic,GS TPDDTEC v 1.,Micro scale,10000
GS1247 VPA 157 Improved Kitchen Regimes: Kayonza District Borehole Project Rwanda,Rwanda,6837,CO2balance UK ltd,Energy Efficiency - Domestic,GS TPDDTEC v 2.,Micro Scale,10000
GS1247 VPA 170 Southern Ethiopia Community Safe Water ,Ethiopia,7291,CO2balance UK ltd,Energy Efficiency - Domestic,,Micro Scale,10000
GS1247 VPA 169 Southern Ethiopia Community Safe Water ,Ethiopia,7290,CO2balance UK ltd,Energy Efficiency - Domestic,,Micro Scale,10000
GS1247 VPA 168 Southern Ethiopia Community Safe Water,Ethiopia,7289,CO2balance UK ltd,Energy Efficiency - Domestic,,Micro Scale,10000
GS1247 VPA 158 Improved Kitchen Regimes: Kayonza District Borehole Project Rwanda,Rwanda,6838,CO2balance UK ltd,Energy Efficiency - Domestic,GS TPDDTEC v 2.,Micro Scale,10000
50 MW Kurnool Solar PV Power Project by M/s Prayatna Developers Pvt. Ltd. at Gani Kurnool AP.,India,7138,Infinite Environmental Solutions Limited,Solar Thermal - Electricity,ACM0002 Grid-connected electricity generation from renewable sources,Large Scale,89549
GS1247 VPA 138 BioLite Improved Stove Programme Uganda,Uganda,6344,Erik Wurster,Energy Efficiency - Domestic,GS TPDDTEC v 1.,Micro scale,5861
GS1340 Efficient cookstoves in Burkina Faso - VPA-08 - tiipaalga F3PA cookstoves in Bam and Loroum,Burkina Faso,3522,Tiipaalga,Energy Efficiency - Domestic,,Micro Scale,8820
252 MW Wind Energy Project by Green Infra Wind Energy Limited,India,7152,Sembcorp Green Infra Private Limited,Wind,ACM0002 Grid-connected electricity generation from renewable sources,Large Scale,813641
GS1247 VPA 166 Southern Ethiopia Community Safe Water ,Ethiopia,7288,CO2balance UK ltd,Energy Efficiency - Domestic,,Micro Scale,10000
72 MWac Ramnad Solar Power Project,India,7080,Infinite Environmental Solutions Limited,Solar Thermal - Electricity,ACM0002 Grid-connected electricity generation from renewable sources,Large Scale,114663
Chanju I Hydro Electric Project,India,7154,Climera Carbon Private Limited,"Small, Low - Impact Hydro",,Large Scale,144154
Sayalar Wind Farm Capacity Addition Project,Turkey,1090,Dogal Enerji Elektrik Uretim A.S.,Wind,ACM0002 Grid-connected electricity generation from renewable sources,Large Scale,34490
*Keltepe Wind Farm Project  Turkey,Turkey,437,Alize Enerji Elektrik Uretim Anonim Sirketi,Wind,ACM0002 Grid-connected electricity generation from renewable sources,Large Scale,47531
Household Biogas plants installed in rural areas of Maharashtra,India,2519,Value Network Ventures Pte. Ltd.,Biogas - Heat,,Small Scale,48551
GS1247 VPA 127 Southern Ethiopia Community Boreholes,Ethiopia,6037,CO2balance UK ltd,Energy Efficiency - Domestic,,Micro Scale,10000
GS23399 VPA-1 Renewable Biomass Briquette Production for Clean Energy,South Africa,5324,"EcoLinks Co., Ltd","Biomass, or Liquid Biofuel - Heat",,Small Scale,14510
Corum Solar Power Plant Project,Turkey,6566,Galata Wind Enerji A.S.,Solar Thermal - Electricity,AMS-I.D. Grid connected renewable electricity generation,Small Scale,7
GS1247 VPA 159 Improved Kitchen Regimes Manica Province Safe Water (Mozambique) ,Mozambique,7132,CO2balance UK ltd,Energy Efficiency - Domestic,GS TPDDTEC v 1.,Micro Scale,10000
GS1247 VPA 164 EcoZoom Improved Stove Programme Uganda,Uganda,7153,BioLite Inc.,Energy Efficiency - Domestic,,Micro Scale,9998
GS1247 VPA 163 Improved Kitchen Regimes Manica Province Safe Water (Mozambique) ,Mozambique,7136,CO2balance UK ltd,Energy Efficiency - Domestic,GS TPDDTEC v 1.,Micro Scale,10000
GS1247 VPA 162 Improved Kitchen Regimes Manica Province Safe Water (Mozambique) ,Mozambique,7135,CO2balance UK ltd,Energy Efficiency - Domestic,,Micro Scale,9216
GS1247 VPA 161 Improved Kitchen Regimes Manica Province Safe Water (Mozambique) ,Mozambique,7134,CO2balance UK ltd,Energy Efficiency - Domestic,GS TPDDTEC v 1.,Micro Scale,10000
GS1247 VPA 160 Improved Kitchen Regimes Manica Province Safe Water (Mozambique) ,Mozambique,7133,CO2balance UK ltd,Energy Efficiency - Domestic,GS TPDDTEC v 1.,Micro Scale,10000
GS1366 VPA 9 Kilifi Borehole Rehabilitation Project,Kenya,7131,CO2balance UK ltd,Energy Efficiency - Domestic,GS TPDDTEC v 1.,Microscale,10000
GS1366 VPA 8 Kilifi Borehole Rehabilitation Project,Kenya,7130,CO2balance UK ltd,Energy Efficiency - Domestic,GS TPDDTEC v 1.,Microscale,10000
GS1366 VPA 7 Kilifi Borehole Rehabilitation Project,Kenya,7129,CO2balance UK ltd,Energy Efficiency - Domestic,GS TPDDTEC v 1.,Microscale,10000
Alize Camseki 20.8 MW Wind Farm Project Turkey (300209)  ,Turkey,399,Alize Enerji Elektrik Uretim Anonim Sirketi,Wind,ACM0002 Grid-connected electricity generation from renewable sources,Large Scale,39634
VPA1-GS PoA for Sustainable Rice Cultivation Projects in India,India,5322,LANDMARK AGRI EXPORTS PRIVATE LIMITED,Other,,Small Scale,48141
VPA 6 Kilifi Borehole Rehabilitation Project,Kenya,7128,CO2balance UK ltd,Energy Efficiency - Domestic,GS TPDDTEC v 1.,Small Scale,15777
*Burgaz Wind Farm Project Turkey,Turkey,439,Yeniden Enerji Elektrik Uretim Anonim Sirketi,Other,AMS-I.D. Grid connected renewable electricity generation,Small Scale,28766
GS1340 Efficient cookstoves in Burkina Faso – VPA-12 - tiipaalga F3PA cookstoves in Kourwéogo,Burkina Faso,6419,Tiipaalga,Energy Efficiency - Domestic,,Micro Scale,10000
GS1340 Efficient cookstoves in Burkina Faso – VPA-11 - tiipaalga F3PA cookstoves in Kourwéogo,Burkina Faso,6152,Tiipaalga,Energy Efficiency - Domestic,,Micro Scale,10000
GS1340 Efficient cookstoves in Burkina Faso - VPA-02 - tiipaalga F3PA cookstoves in Bam and Loroum,Burkina Faso,3516,Tiipaalga,Energy Efficiency - Domestic,,Micro Scale,8822
GS1340 Efficient cookstoves in Burkina Faso - VPA-01 - tiipaalga F3PA cookstoves in Bam and Loroum,Burkina Faso,2456,Tiipaalga,Energy Efficiency - Domestic,,Micro Scale,8818
Mersin Wind Farm Project,Turkey,753,Galata Wind Enerji A.S.,Wind,,Large Scale,151362
Solar Lighting in Rural Ethiopia - VPA 1,Ethiopia,922,myclimate Foundation,Solar Thermal - Electricity,AMS-I.A. Electricity generation by the user,Microscale,10000
GS1247 VPA 109 Improved Kitchen Regimes: Kayonza District Borehole Project Rwanda,Rwanda,5395,CO2balance UK ltd,Energy Efficiency - Domestic,GS TPDDTEC v 1.,Micro Scale,10000
19.2 MWp Solar Power Project by HZL at Debari and Dariba Rajasthan,India,6279,Hindustan Zinc Limited,Solar Thermal - Electricity,ACM0002 Grid-connected electricity generation from renewable sources,Large Scale,23462
GHG abatement through Solar Power Generation at Jaisalmer Rajasthan India,India,6003,EKI Energy Services Limited,Solar Thermal - Electricity,AMS-I.D. Grid connected renewable electricity generation,Large Scale,7889
40 MW Orange Charanka Solar Power Project in Gujarat India,India,5866,Orange Renewable Power Pvt Ltd,Other,ACM0002 Grid-connected electricity generation from renewable sources,Large Scale,84421
Renewable Power Project by Emami Power Ltd,India,5830,EKI Energy Services Limited,Solar Thermal - Electricity,ACM0002 Grid-connected electricity generation from renewable sources,Large Scale,31689
30 MW Solar PV Project by Nirosha Solar Power Private Limited,India,5699,EKI Energy Services Limited,Solar Thermal - Electricity,ACM0002 Grid-connected electricity generation from renewable sources,Large Scale,46815
Orb Energy Solar Program in India - VPA03,India,5643,Orb Energy Private Limited,Solar Thermal - Electricity,AMS-II.C. Demand-side energy efficiency activities for specific technologies,Small Scale,16339
20 MW Solar Project in Sanwreej Jodhpur Rajasthan,India,5575,Infinite Environmental Solutions Limited,Other,ACM0002 Grid-connected electricity generation from renewable sources,Large Scale,32743
Solar Power Project by Fortum FinnSurya Energy Pvt Ltd,India,5523,Fortum India Private Limited,Solar Thermal - Electricity,ACM0002 Grid-connected electricity generation from renewable sources,Large Scale,125400
70 MW Bhadla Solar power plant by Fortum Finnsurya Energy Pvt Ltd (EKIESL-CDM-APRIL 16-01),India,5519,Fortum India Private Limited,Solar Thermal - Electricity,ACM0002 Grid-connected electricity generation from renewable sources,Large Scale,148562
FleetRefit Programme: VPA 1,International,5404,SACCI1 LTD,Energy Efficiency - Transport Sector,,Small Scale,20000
GS23449 VPA-1 Building Climate Resilience through Agroforestry Practices in Tanzania,"Tanzania, United Republic of",5377,Value Network Ventures Pte. Ltd.,A/R,,Large Scale,79748
"Avoiding methane emissions through composting at DN Agrar, Romania",Romania,5317,DN AGRAR GROUP S.A,Other,,Small Scale,42521
JACA MBE ARR Congo,Congo,5315,RENCO GREEN SALRU,A/R,,Large Scale,737566
GS 10963 VPA 53 – UpEnergy – Social and Climate Impact Programme – Cooking Devices,"Tanzania, United Republic of",5314,UpEnergy Group,Energy Efficiency - Domestic,,Small Scale,42873
"GS11949 GS11996 RVPA-13 Small-scale solar electrical programme, South Africa",South Africa,5228,BLUE WORLD CARBON ASSET MANAGEMENT (PTY) LTD,PV,,Small Scale,0
Solar Power Project in Rajasthan,India,5199,EKI Energy Services Limited,Solar Thermal - Electricity,ACM0002 Grid-connected electricity generation from renewable sources,Large Scale,34261
Promotion of Improved and Efficient Cooking Practices in the host country of Uganda,Uganda,4824,PERSISTENTCLIMATE INDIA PRIVATE LIMITED,Energy Efficiency - Domestic,,Large Scale,90781
GS11623 GS11627 RVPA-15 CO2 Sequestration at Swiss Mineral Waste Recovery Facilities using the Neustark Technology,Switzerland,4799,Neustark AG,Other,,Micro Scale,1000
Fengkai County MSW Landfill Site LFG Power Generation Project,China,4596,"Henan BCCY Environmental Energy Co., Ltd.",Biogas - Electricity,AMS-I.D. Grid connected renewable electricity generation,Small Scale,16145
"Sistema.bio Mexican Carbon Program: Waste management, clean energy and regenerative agriculture on family farms ",Mexico,4533,"SISTEMA.BIO, INC.",Biogas - Heat,,Small Scale,40000
GS10789 GS 10791 RVPA-24: Efficient and Clean Cooking for households in Kenya,Kenya,4446,ECOA Climate Capital,Energy Efficiency - Domestic,,Large Scale,39746
SUVDIHA's Decentralized Energy Interventions for Rural Communities in India,India,4288,Society for the Upliftment of Villagers and Development of Himalayan Areas (SUVIDHA),Other,GS TPDDTEC V4.0: REDUCED EMISSIONS FROM COOKING AND HEATING – TECHNOLOGIES AND PRACTICES TO DISPLACE DECENTRALIZED THERMAL ENERGY CONSUMPTION,Micro Scale,10000
Solar Lighting in Rural Kenya - VPA 2,Kenya,3626,myclimate Foundation,Solar Thermal - Electricity,AMS-I.A. Electricity generation by the user,Micro Scale,10000
ASYV 8.5MW Solar PV Project (CPA-001),Rwanda,3606,Gigawatt Global Cooperatief U.A.,Solar Thermal - Electricity,AMS-I.D. Grid connected renewable electricity generation,Small Scale,9012
GS11450 - MicroEnergy Credits – Microfinance for Clean Energy Product Lines – India - CPA 04 - GS11476,India,3556,MicroEnergy Credits,Energy Efficiency - Domestic,GS TPDDTEC v3.1,Small Scale,55763
UpEnergy-Social and Climate Impact Programme- Cooking Devices VPA-14,"Tanzania, United Republic of",3344,UpEnergy Group,Energy Efficiency - Domestic,,Small Scale,24010
GS10646 Run of River Hydro Power Plants in Peru - Small Hydro Power Plant Project - PCH Miraflores (J1) ,Peru,2680,ACQUA ENERGIA,"Small, Low - Impact Hydro",AMS-I.D. Grid connected renewable electricity generation,Small Scale,28681
GS10646 Run of River Hydro Power Plants in Peru - Small Hydro Power Plant Project - PCH Alcaparrosa (H3) ,Peru,2679,ACQUA ENERGIA,"Small, Low - Impact Hydro",AMS-I.D. Grid connected renewable electricity generation,Small Scale,18593
GS10646 Run of River Hydro Power Plants in Peru - Small Hydro Power Plant Project - PCH Casca (H2),Peru,2678,ACQUA ENERGIA,"Small, Low - Impact Hydro",AMS-I.D. Grid connected renewable electricity generation,Small Scale,16369
GS7591 VPA 35 Zambian Central Province Safe Water,Zambia,2535,CO2balance UK ltd,Energy Efficiency - Domestic,,Small Scale,70000
GS7591 VPA 34 Zambian Central Province Safe Water,Zambia,2534,CO2balance UK ltd,Energy Efficiency - Domestic,,Small Scale,70000
GS2527 - Mobisol Solar Home Systems in Tanzania – VPA 1,Tanzania United Republic of,2528,Mobisol,Solar Thermal - Electricity,,Micro Scale,9630
Ningxia Lingwu Baitugang 40MWp Solar PV Power Generation Project,China,2501,Climate Bridge (Shanghai) Ltd.,Solar Thermal - Electricity,ACM0002 Grid-connected electricity generation from renewable sources,Large Scale,48263
Yongren Ganbala Grid-connected Photovoltaic Power Project,China,2498,Goldchina Consultancy International Co. Ltd,Solar Thermal - Electricity,ACM0002 Grid-connected electricity generation from renewable sources,Large scale,55783
Yixin Gonghe 10MWp Solar PV Project,China,2488,Climate Bridge (Shanghai) Ltd.,Solar Thermal - Electricity,AMS-I.D. Grid connected renewable electricity generation,Small Scale,14680
Haijin Gonghe 10MWp Solar PV Project,China,2487,Climate Bridge (Shanghai) Ltd.,Solar Thermal - Electricity,AMS-I.D. Grid connected renewable electricity generation,Small Scale,14069
Solar Power Company 94MW Project,Thailand,2478,Cleaner Climate,Solar Thermal - Electricity,ACM0002 Grid-connected electricity generation from renewable sources,Large scale,56063
Everbright Zhenjiang Bundled Solar PV Power Generation Project_preCDM VER,China,2403,Innovative Carbon Investment Co. Ltd.,Solar Thermal - Electricity,AMS-I.D. Grid connected renewable electricity generation,Small Scale,11567
Everbright Suqian & Huaining Bundled Solar PV Power Generation Project_preCDM VER,China,2402,Innovative Carbon Investment Co. Ltd.,Solar Thermal - Electricity,AMS-I.D. Grid connected renewable electricity generation,Small Scale,8770
Everbright Zhenjiang Bundled Solar PV Power Generation Project,China,1747,Innovative Carbon Investment Co. Ltd.,Solar Thermal - Electricity,AMS-I.D. Grid connected renewable electricity generation,Small Scale,11567
Yongren Ganbala Grid-connected Photovoltaic Power Project-Pre CDM clone,China,3028,Goldchina Consultancy International Co. Ltd,Solar Thermal - Electricity,ACM0002 Grid-connected electricity generation from renewable sources,Large scale,55783
60MW Solar PV - Monte Plata,Dominican Republic,1117,myclimate Foundation,Solar Thermal - Electricity,ACM0002 Grid-connected electricity generation from renewable sources,Large Scale,53000
Rural Education for Development Society (REDS) Photovoltaic Lighting Project,India,1059,Rural Education for Development Society,Solar Thermal - Electricity,AMS-I.L. Electrification of rural communities using renewable energy,Microscale,1461
LAYA Paderu Energy Efficient Woodstoves Project,India,997,LAYA Resource Centre,Energy Efficiency - Domestic,GS Methodology for Improved Cook stoves and Kitchen Regimes v2.,Micro scale,5000
Highveld Air Quality - Wesselton project,South Africa,993,Nova Institute,Energy Efficiency - Domestic,GS Alternative Ignition Coal Fires v1.,Microscale,4000
Highveld Air Quality - Seme project,South Africa,992,Nova Institute,Energy Efficiency - Domestic,GS Alternative Ignition Coal Fires v1.,Microscale,4000
Highveld Air Quality - Sakhile project,South Africa,991,Nova Institute,Energy Efficiency - Domestic,GS Alternative Ignition Coal Fires v1.,Microscale,4000
Highveld Air Quality - EMM south project,South Africa,990,Nova Institute,Energy Efficiency - Domestic,GS Alternative Ignition Coal Fires v1.,Microscale,4000
Highveld Air Quality - EMM central project,South Africa,989,QK TS Pvt. Ltd.,Energy Efficiency - Domestic,GS Alternative Ignition Coal Fires v1.,Microscale,4000
Highveld Air Quality - EMM north project,South Africa,988,Nova Institute,Energy Efficiency - Domestic,GS Alternative Ignition Coal Fires v1.,Microscale,4000
Highveld Air Quality - Emfuleni project,South Africa,987,Nova Institute,Energy Efficiency - Domestic,GS Alternative Ignition Coal Fires v1.,Microscale,4000
Highveld Air Quality - NFS project,South Africa,986,Nova Institute,Energy Efficiency - Domestic,GS Alternative Ignition Coal Fires v1.,Microscale,4000
Accion Fraterna Biogas CDM project for rural communities in Anantapur Andhra Pradesh,India,980,Accion Fraterna Ecology Centre,Biogas - Heat,AMS-I.E. Switch from Non-Renewable Biomass for Thermal Applications by the User,Small Scale,45771
West Kisumu Improved Cook Stoves,Kenya,978,CO2balance UK ltd,Energy Efficiency - Domestic,GS TPDDTEC v 1.,Small Scale,75000
Msambweni Improved Cook Stoves,Kenya,977,CO2balance UK ltd,Energy Efficiency - Domestic,GS Methodology for Improved Cook stoves and Kitchen Regimes v2.,Small Scale,4048
Meru Improved Cook Stoves,Kenya,976,CO2balance UK ltd,Energy Efficiency - Domestic,GS TPDDTEC v 1.,Small Scale,75000
Balikesir 142.5 MW Wind Power Plant Project,Turkey,971,Enerjisa Enerji Uretim A.S.,Wind,ACM0002 Grid-connected electricity generation from renewable sources,Large Scale,267883
Paradigm Healthy Cookstove and Water Treatment Project,Kenya,966,The Paradigm Project,Energy Efficiency - Domestic,GS Methodology for Improved Cook stoves and Kitchen Regimes v2.,Large scale,484746
Sares 22.5 MW Wind Power Plant,Turkey,963,Garet Enerji Uretim ve Tic A.S.,Wind,ACM0002 Grid-connected electricity generation from renewable sources,Large Scale,53029
Nam Hong Hydropower Project,Viet Nam,961,Vietnam Carbon Assets Ltd.,"Small, Low - Impact Hydro",ACM0002 Grid-connected electricity generation from renewable sources,Large Scale,35960
Akres Wind Power ProjectTurkey,Turkey,955,Enerjisa Enerji Uretim A.S.,Wind,,Large Scale,92797
Kayaduzu Wind Power Plant Turkey,Turkey,950,Eksim Enerji Anonim Sirketi,Wind,,Large Scale,69213
Clean and Efficient Cooking and Heating Project China,China,949,Impact Carbon,Energy Efficiency - Domestic,GS Methodology for Improved Cook stoves and Kitchen Regimes v2.,Large scale,399501
"20 MW Solar Project in Sanwreej, Jodhpur, Rajasthan- Pre CDM Clone",India,1746,Infinite Environmental Solutions LLP,Solar Thermal - Electricity,Other,Large scale,34882
Killik Wind Power Plant,Turkey,947,Eksim Enerji Anonim Sirketi,Wind,,Large Scale,55523
Nairobi River Basin Biogas Project,Kenya,939,atmosfair gGmbH,Biogas - Heat,AMS-I.E. Switch from Non-Renewable Biomass for Thermal Applications by the User,Small Scale,35949
Miaoli 49.8MW Wind Farm Project,Taiwan,931,Nanjitan Asset Management Ltd.,Wind,ACM0002 Grid-connected electricity generation from renewable sources,Large Scale,133167
GS1205 Sustainable Energy for Development PoA VPA 1: Improved Cook Stove project in Longjie Guizhou,China,918,Initiative Developpement,Energy Efficiency - Domestic,GS TPDDTEC v 1.,Microscale,6850
Cakirlar Run-off-River Hydro Power Plant,Turkey,917,Anadolu Elektrik Uretim ve Tic. A.S.,"Small, Low - Impact Hydro",ACM0002 Grid-connected electricity generation from renewable sources,Small Scale,27610
Efficient Wood Fuel Stove-Cooking-Sets Lesotho,Lesotho,913,atmosfair gGmbH,Energy Efficiency - Domestic,,Small Scale,22000
Canakkale WPP,Turkey,906,Enerjisa Enerji Uretim A.S.,Wind,ACM0002 Grid-connected electricity generation from renewable sources,Large Scale,54377
Sah Wind Power Plant,Turkey,905,Galata Wind Enerji A.S.,Wind,,Large Scale,217324
DARCA HEPP,Turkey,887,Desilyon Consultancy Trade J.S.C.,"Small, Low - Impact Hydro",,Small Scale,20841
Sustainable Deployment of the LifeStraw Family in rural Kenya,Kenya,886,Vestergaard Frandsen Group SA,Energy Efficiency - Domestic,GS Methodology for Improved Cook stoves and Kitchen Regimes v2.,Large scale,2073328
Aberdares Improved Cook Stoves,Kenya,883,CO2balance UK ltd,Energy Efficiency - Domestic,GS Methodology for Improved Cook stoves and Kitchen Regimes v2.,Small Scale,70000
Improved cook-stoves in Guinea,Guinea,880,Bolivia Inti Sud Soleil,Energy Efficiency - Domestic,GS MS Simplified Methodology for Efficient Cookstoves v1.,Micro Scale,9208
Energy Efficient Cook Stoves for Siaya Communities Kenya,Kenya,879,myclimate Foundation,Energy Efficiency - Domestic,,Large Scale,162307
Cataloluk HEPP,Turkey,872,ST Climate,"Small, Low - Impact Hydro",,Small Scale,17467
Biogas utilization project in Zhejiang Jingxing Paper Joint Stock Co. Ltd.. (300660),China,869,Swiss Carbon Assets Ltd.,Biogas - Electricity,AMS-I.F. Renewable electricity generation for captive use and mini-grid,Small Scale,60577
Univanich Lamthap POME Biogas Project PreCDMVER,Thailand,866,Carbon Bridge Pte Ltd,Biogas - Electricity,AMS-I.D. Grid connected renewable electricity generation,Large scale,48000
Improved Cook Stoves CDM project of JSMBT,India,858,Janara Samuha Mutual Benefit Trust (JSMBT),Energy Efficiency - Domestic,AMS-II.G. Energy Efficiency Measures in Thermal Applications of Non-Renewable Biomass,Small Scale,43215
Balikesir Susurluk 45 MW Wind Farm Project,Turkey,854,Eksim Enerji Anonim Sirketi,Wind,,Large Scale,75577
Dissemination of fuel efficient biomass stoves and water purification systems in Tanzania,Tanzania United Republic of,850,Envirofit International Ltd.,Energy Efficiency - Domestic,GS TPDDTEC v 1.,Large scale,41429
Kisumu Improved Cook Stoves,Kenya,843,CO2balance UK ltd,Energy Efficiency - Domestic,GS Methodology for Improved Cook stoves and Kitchen Regimes v2.,Small Scale,30149
DAKFOCAM Wastewater project,Viet Nam,841,ecotawa AG,Biogas - Heat,AMS-I.C. Thermal energy production with or without electricity,Small Scale,17557
La La Hydropower Project Vietnam,Viet Nam,840,Deactivated Projects,"Small, Low - Impact Hydro",AMS-I.D. Grid connected renewable electricity generation,Small Scale,6905
Amayo 40 MW Wind Power Project-Nicaragua - Pre CDM VERs,Nicaragua,836,Consorcio Eólico Amayo S.A.,Other,ACM0002 Grid-connected electricity generation from renewable sources,Large Scale,11427
Hunan Guanbaodu-Liangjiangkou Small-scale Hydropower Bundle Project,China,835,Climate Bridge (Shanghai) Ltd.,"Small, Low - Impact Hydro",ACM0002 Grid-connected electricity generation from renewable sources,Small Scale,12930
Amayo Phase II Wind Power Project,Nicaragua,828,Consorcio Eólico Amayo S.A.,Wind,,Large Scale,22943
Shimoni Improved Cook Stoves,Kenya,827,CO2balance UK ltd,Energy Efficiency - Domestic,GS Methodology for Improved Cook stoves and Kitchen Regimes v2.,Microscale,4922
Likoni and Shimoni Improved Cook Stove Project,Kenya,825,CO2balance UK ltd,Energy Efficiency - Domestic,GS TPDDTEC v 2.,Microscale,4924
Shimba Hills Improved Cook Stoves,Kenya,824,CO2balance UK ltd,Energy Efficiency - Domestic,GS TPDDTEC v 1.,Small Scale,41944
WEB Aruba N.V.,Aruba,816,WEB Aruba N.V.,Wind,,Large Scale,195255
Solar Cookstoves Project in Peru,Peru,814,GoodPlanet,Solar Thermal - Heat,,Microscale,3837
Solar Cookstoves Project in Bolivia,Bolivia Plurinational State of,813,GoodPlanet,Solar Thermal - Heat,GS Methodology for Improved Cook stoves and Kitchen Regimes v2.,Microscale,2922
Guangzhou Zhujiang Beer Methane Recovery Project (300068)_pre-CDM VER,China,784,South Pole Ltd,Biogas - Electricity,AMS-I.D. Grid connected renewable electricity generation,Small Scale,28000
Blue Fire Bio wastewater treatment and biogas utilization project (300147)_pre-CDM VER,Thailand,778,South Pole Ltd,"Biomass, or Liquid Biofuel - Cogeneration",AMS-I.C. Thermal energy production with or without electricity,Small Scale,51817
Bangna Starch Wastewater Treatment and Biogas Utilization Project (300084)_pre-CDM VER,Thailand,777,South Pole Ltd,Biogas - Electricity,AMS-I.D. Grid connected renewable electricity generation,Small Scale,41701
CYY Biopower Wastewater treatment plant including biogas reuse for thermal oil replacement and electricity generation Project Thailand (300059)_pre-CDM VER,Thailand,775,South Pole Ltd,"Biomass, or Liquid Biofuel - Cogeneration",Other,Large Scale,97000
Stoves for Life: Energy Efficient Cook Stoves Project in Kakamega Kenya,Kenya,769,myclimate Foundation,Energy Efficiency - Domestic,GS TPDDTEC v 1.,Large Scale,375846
Biogas CDM Project of Bagepalli Coolie Sangha,India,768,Bagepalli Coolie Sangha (BCS),Biogas - Heat,AMS-I.C. Thermal energy production with or without electricity,Small Scale,42855
BK Energia Itacoatiara Project,Brazil,765,myclimate Foundation,"Biomass, or Liquid Biofuel - Electricity",AMS-I.D. Grid connected renewable electricity generation,Small Scale,47172
Safe Water Programme – Nigeria – VPA 26 ,Nigeria,3305,Impact Carbon,Energy Efficiency - Domestic,,Small Scale,60000
Bolu Landfill Gas to Energy Project Turkey,Turkey,764,CEV Enerji retim Sanayi ve Ticaret Limited _irket,Biogas - Electricity,AMS-III.G. Landfill methane recovery,Small Scale,24673
Efficient Fuel Wood Cooking Stoves Project in Foothills and Plains of Central Region of Nepal,Nepal,756,Egluro,Energy Efficiency - Domestic,AMS-II.G. Energy Efficiency Measures in Thermal Applications of Non-Renewable Biomass,Small Scale,24541
National Biodigester Programme Cambodia,Cambodia,751,MAFF/National Biodigester Programme,Biogas - Heat,,Large Scale,31744
Hebei Yingxin Glass Group Co. Ltd. Glass Furnace Flue Gas Waste Heat To Energy Project (300502),China,750,Swiss Carbon Assets Ltd.,Energy Efficiency - Industrial,ACM0012 Waste energy recovery,Large Scale,67906
Dissemination of improved stoves (Mogogo) in the Eritrean highlands,Eritrea,748,myclimate Foundation,Energy Efficiency - Domestic,GS Methodology for Improved Cook stoves and Kitchen Regimes v1.,Microscale,4490
Metro Group Energy WWT Project (300392),Thailand,746,South Pole Ltd,"Biomass, or Liquid Biofuel - Cogeneration",AMS-I.C. Thermal energy production with or without electricity,Small Scale,56958
Gaziantep Landfill Gas to Energy Project Turkey,Turkey,745,CEV Enerji retim Sanayi ve Ticaret Limited _irket,Biogas - Electricity,ACM0001 Flaring or use of landfill gas,Large Scale,91290
60 MW Bandirma Wind Power Plant Project,Turkey,744,BORUSAN ENBW ENERJI YATIRIMLARI VE ÜRETIM A.S.,Wind,ACM0002 Grid-connected electricity generation from renewable sources,Large Scale,108692
Aliaga Wind Farm,Turkey,735,Bilgin Güc Santralleri Enerji Üretim A.S,Wind,,Large Scale,187114
Şenbük Wind Power Project Turkey,Turkey,733,Bakras Enerji Elektrik retim ve Ticaret A.S.,Wind,ACM0002 Grid-connected electricity generation from renewable sources,Small Scale,58801
Selale HEPP,Turkey,729,GTE KARBON SUSTAINABLE ENERJI EGITIM DANISMANLIK VE TICARET A.S.,"Small, Low - Impact Hydro",,Small Scale,25167
Kayabuku HEPP,Turkey,726,SEKANS ENERJI LIMITED ŞİRKETİ,"Small, Low - Impact Hydro",ACM0002 Grid-connected electricity generation from renewable sources,Small Scale,24307
Sidlaghatta Biogas Project,India,716,GoodPlanet,Biogas - Heat,GS Baseline and Monitoring Methodology Biodigester v1.,Small Scale,34644
Boreas-1 Enez Wind Power Plant,Turkey,702,BOREAS Enerji retim Sistemleri Sanayi Tic. A._.,Wind,AMS-I.D. Grid connected renewable electricity generation,Small Scale,43200
Arakalagudu Biodigester Project II,India,817,GoodPlanet,Biogas - Heat,GS Baseline and Monitoring Methodology Biodigester v1.,Microscale,3500
Adana Landfill Waste Management Project Turkey,Turkey,715,ITC Invest Trading & Consulting AG Ankara Branch,Other,,Large Scale,118470
Social Education and Development Society (SEDS) Biogas CDM project for the rural poor,India,849,Social Education & Development Society (SEDS),"Biomass, or Liquid Biofuel - Heat",AMS-I.E. Switch from Non-Renewable Biomass for Thermal Applications by the User,Small Scale,15749
Federal Intertrade Haiyuan Solar Cooker Project,China,710,Clean Air Trade Inc.,Solar Thermal - Heat,AMS-I.C. Thermal energy production with or without electricity,Small Scale,33482
LANDFILL GAS EXTRACTION AND ELECTRICITY GENERATION PROJECT - ISTANBUL TURKEY,Turkey,707,Yeşil Global Enerji A.S,Other,ACM0001 Flaring or use of landfill gas,Large Scale,818841
Orb Energy Solar Project India,India,696,J.P. Morgan,Solar Thermal - Electricity,AMS-I.A. Electricity generation by the user,Small Scale,22832
Zhaoyang rural household biogas tank program,China,689,Initiative Developpement,Biogas - Heat,GS Baseline and Monitoring Methodology Biodigester v1.,Microscale,2816
Jilin Huaneng Zhenlai Mali Wind Power Project,China,687,Tricorona Carbon Asset Management Pte Ltd,Wind,ACM0002 Grid-connected electricity generation from renewable sources,Large scale,116317
GS1005 Qori Q'oncha - Improved cookstoves diffusion programme in Peru - VPA1,Peru,685,MICROSOL SAS,Energy Efficiency - Domestic,GS Methodology for Improved Cook stoves and Kitchen Regimes v1.,Large Scale,98904
Bandirma-3 WPP,Turkey,683,SEKANS ENERJI LIMITED ŞİRKETİ,Wind,,Large Scale,80108
Sincan Landfill Gas Collection and Energy Utilization Project Turkey,Turkey,675,ITC Invest Trading & Consulting AG Ankara Branch,Other,,Large Scale,146072
GS1340 Efficient cookstoves in Burkina Faso – VPA-13 - tiipaalga F3PA cookstoves in Kourwéogo,Burkina Faso,6420,Tiipaalga,Energy Efficiency - Domestic,,Micro Scale,10000
Düzova Wind Power Project Turkey ,Turkey,672,Fiba Yenilenebilir Enerji Holding A.Ş,Wind,,Large Scale,97481
Kolar Biogas Project,India,670,myclimate Foundation,Biogas - Heat,AMS-I.C. Thermal energy production with or without electricity,Small Scale,24978
Installation of Biogas Plant by INSEDA Members & Partners,India,666,First Climate Markets AG,Biogas - Electricity,Not provided,Small Scale,24170
ARALIK HEPP ,Turkey,663,RESADIYE HAMZALI ELEKTRIK ÜRETIM SANAYI VE TICARET ANONIM SIRKETI,"Small, Low - Impact Hydro",AMS-I.D. Grid connected renewable electricity generation,Small Scale,22254
Blue Fire Bio wastewater treatment and biogas utilisation project (300147),Thailand,662,South Pole Ltd,"Biomass, or Liquid Biofuel - Cogeneration",AMS-I.C. Thermal energy production with or without electricity,Small Scale,51817
Lam Soon Wastewater Treatment for Energy Generation Trang,Thailand,660,Swiss Carbon Assets Ltd.,Biogas - Electricity,AMS-III.H. Methane recovery in wastewater treatment,Small Scale,9754
UPOIC Wastewater Treatment for Energy Generation Krabi,Thailand,659,Swiss Carbon Assets Ltd.,Biogas - Electricity,AMS-I.D. Grid connected renewable electricity generation,Small Scale,18001
Soma Wind Power Plant,Turkey,655,Bilgin Güc Santralleri Enerji Üretim A.S,Wind,,Large Scale,163556
Söke-Çatalbük 30 MW Wind Power Project Turkey,Turkey,653,ABK Enerji Elektrik retim A._.,Wind,ACM0002 Grid-connected electricity generation from renewable sources,Large Scale,51841
GS1247 VPA 147 Manicaland Safe Water,Zimbabwe,6523,CO2balance UK ltd,Energy Efficiency - Domestic,GS TPDDTEC v 1.,Micro Scale,10000
GS1247 VPA 146 Manicaland Safe Water,Zimbabwe,6522,CO2balance UK ltd,Energy Efficiency - Domestic,GS TPDDTEC v 1.,Micro Scale,10000
GS1247 VPA 145 Manicaland Safe Water,Zimbabwe,6521,CO2balance UK ltd,Energy Efficiency - Domestic,GS TPDDTEC v 1.,Micro Scale,10000
GS1247 VPA 144 Manicaland Safe Water,Zimbabwe,6520,CO2balance UK ltd,Energy Efficiency - Domestic,GS TPDDTEC v 1.,Micro Scale,10000
GS1247 VPA 143 Manicaland Safe Water,Zimbabwe,6519,CO2balance UK ltd,Energy Efficiency - Domestic,GS TPDDTEC v 1.,Micro Scale,10000
GS1247 VPA 142 Manicaland Safe Water,Zimbabwe,6518,CO2balance UK ltd,Energy Efficiency - Domestic,GS TPDDTEC v 1.,Micro Scale,10000
VPA - Spouts - 3,Uganda,6445,Believe Green LLC,Energy Efficiency - Domestic,Not provided,Micro Scale,10000
VPA - Spouts - 2,Uganda,6444,Believe Green LLC,Energy Efficiency - Domestic,Not provided,Micro Scale,10000
"GS5658 VPA 3: Borehole project ""Antonio Giaffreda"" Senegal",Senegal,6443,Carbonsink (Carbonsink Group S.r.l.),Energy Efficiency - Domestic,GS TPDDTEC v3.1,Micro scale,8598
Bulam 7MW HEPP,Turkey,642,Deactivated Projects,"Small, Low - Impact Hydro",ACM0002 Grid-connected electricity generation from renewable sources,Small Scale,21157
Renoe Acipayam Solar Power Plant,Turkey,6289,Renoe Acipayam Solar Power Plant Project,Solar Thermal - Electricity,AMS-I.D. Grid connected renewable electricity generation,Small Scale,10
GS1247 VPA 135 Zoba Maekel Community Boreholes,Eritrea,6236,CO2balance UK ltd,Energy Efficiency - Domestic,GS TPDDTEC v 1.,Micro scale,10000
GS1247 VPA 136 Zoba Maekel Community Boreholes,Eritrea,6237,CO2balance UK ltd,Energy Efficiency - Domestic,GS TPDDTEC v 1.,Micro scale,10000
GS1247 VPA 134 Zoba Maekel Community Boreholes,Eritrea,6235,CO2balance UK ltd,Energy Efficiency - Domestic,GS TPDDTEC v 1.,Micro Scale,10000
Household biogas project in Uttarakhand and Kerala India,India,6411,INSEDA Engineers and Consultants Pvt. Ltd.,Energy Efficiency - Domestic,AMS-I.E. Switch from Non-Renewable Biomass for Thermal Applications by the User,Small Scale,45000
Solar Water Heater Program in India-CPA-6,India,6356,Nuetech Solar Systems Private Limited,Solar Thermal - Heat,,Small Scale,41357
GS1247 VPA 141 Lango Safe Water Project,Uganda,6351,CO2balance UK ltd,Energy Efficiency - Domestic,GS TPDDTEC v 1.,Micro Scale,9643
GS1247 VPA 140 Lango Safe Water Project,Uganda,6350,CO2balance UK ltd,Energy Efficiency - Domestic,GS TPDDTEC v 1.,Micro Scale,9962
Selimoglu 9.3 MW HPP,Turkey,635,ARSIN Enerji,"Small, Low - Impact Hydro",ACM0002 Grid-connected electricity generation from renewable sources,Small Scale,20000
GS1247 VPA 139 Lango Safe Water Project,Uganda,6349,CO2balance UK ltd,Energy Efficiency - Domestic,GS TPDDTEC v 1.,Micro Scale,9257
AY-YILDIZ 15 MW WPP,Turkey,634,AKENERJI ELEKTRIK URETIM AS,Wind,ACM0002 Grid-connected electricity generation from renewable sources,Small Scale,30997
16.7 MW HAMZALI Hydroelectric Power Plant,Turkey,633,RESADIYE HAMZALI ELEKTRIK ÜRETIM SANAYI VE TICARET ANONIM SIRKETI,"Small, Low - Impact Hydro",ACM0002 Grid-connected electricity generation from renewable sources,Large Scale,62868
Household Biogas plants installed in rural areas of Uttar Pradesh & Maharashtra,India,6301,South Pole Ltd SCV,Biogas - Heat,AMS-I.E. Switch from Non-Renewable Biomass for Thermal Applications by the User,Small Scale,50000
200 MW Wind Power Project in Tamil Nadu by Orange Sironj,India,6290,Orange Renewable Power Pvt Ltd,Other,ACM0002 Grid-connected electricity generation from renewable sources,Large Scale,613844
*PRE_CDM VER Tonk Biomass Project India,India,628,Kalpataru Power Transmission Limited,"Biomass, or Liquid Biofuel - Electricity",AMS-I.D. Grid connected renewable electricity generation,Small Scale,29530
Kumbango POME Methane Capture Project,Papua New Guinea,622,Carbon Bridge Pte Ltd,Biogas - Electricity,AMS-I.D. Grid connected renewable electricity generation,Small Scale,62790
Mosa POME Methane Capture Project,Papua New Guinea,621,Carbon Bridge Pte Ltd,Biogas - Electricity,AMS-I.D. Grid connected renewable electricity generation,Small Scale,63005
GS5047 VPA21 African Improved Cookstoves and Clean Water Programme: Nyagatare Safe Water Project I,Rwanda,6189,Likano Project Development GmbH,Energy Efficiency - Domestic,,Micro Scale,8768
Ziyaret Wind Power Project Turkey,Turkey,617,Fiba Yenilenebilir Enerji Holding A.Ş,Wind,ACM0002 Grid-connected electricity generation from renewable sources,Large Scale,144766
*Huadian Ningxia Ningdong Yangjiayao 45MW Wind-farm Project preCDM VERs,China,616,Climate Impact Partners Limited,Wind,ACM0002 Grid-connected electricity generation from renewable sources,Small Scale,93938
Efficient And Clean Cooking For Mozambican Low Income Housholds - George Dimitrov VPA1,Mozambique,6155,Mozambique Carbon Initiative LDA,Energy Efficiency - Domestic,AMS-II.G. Energy Efficiency Measures in Thermal Applications of Non-Renewable Biomass,Small Scale,10000
Hassan Composite Vermicompost Biogas Project,India,615,GoodPlanet,Biogas - Heat,GS Baseline and Monitoring Methodology Biodigester v1.,Microscale,2668
Biogas Tanks in Guizhou Province in China,China,614,GoodPlanet,Biogas - Heat,GS Baseline and Monitoring Methodology Biodigester v1.,Microscale,4655
Solar Water Heater Program in India CPA-5,India,6139,Nuetech Solar Systems Private Limited,Solar Thermal - Heat,,Small Scale,41553
Integrated Biomass Energy Conservation Project - Malawi,Malawi,613,Hestian Innovation,Energy Efficiency - Domestic,GS TPDDTEC v 1.,Large scale,59029
InfraVest Guanyin Wind Farm Project - Taiwan,Taiwan,612,South Pole Ltd,Other,ACM0002 Grid-connected electricity generation from renewable sources,Large Scale,110293
Improved Cookstoves Project Activity in Honduras “Vida Mejor con Ecofogones de Alto Rendimiento” – CPA No 009,Honduras,6116,Envirofit International Ltd.,Energy Efficiency - Domestic,AMS-II.G. Energy Efficiency Measures in Thermal Applications of Non-Renewable Biomass,Small Scale,42222
Improved Cookstoves Project Activity in Honduras “Vida Mejor con Ecofogones de Alto Rendimiento” – CPA No 008,Honduras,6115,Envirofit International Ltd.,Energy Efficiency - Domestic,AMS-II.G. Energy Efficiency Measures in Thermal Applications of Non-Renewable Biomass,Small Scale,42222
Improved Cookstoves Project Activity in Honduras “Vida Mejor con Ecofogones de Alto Rendimiento” – CPA No 007,Honduras,6114,Envirofit International Ltd.,Energy Efficiency - Domestic,AMS-II.G. Energy Efficiency Measures in Thermal Applications of Non-Renewable Biomass,Small Scale,42222
Improved Cookstoves Project Activity in Honduras “Vida Mejor con Ecofogones de Alto Rendimiento” – CPA No 006,Honduras,6113,Envirofit International Ltd.,Energy Efficiency - Domestic,AMS-II.G. Energy Efficiency Measures in Thermal Applications of Non-Renewable Biomass,Small Scale,42222
Improved Cookstoves Project Activity in Honduras “Vida Mejor con Ecofogones de Alto Rendimiento” – CPA No 005,Honduras,6112,Envirofit International Ltd.,Energy Efficiency - Domestic,AMS-II.G. Energy Efficiency Measures in Thermal Applications of Non-Renewable Biomass,Small Scale,42222
Improved Cookstoves Project Activity in Honduras “Vida Mejor con Ecofogones de Alto Rendimiento” – CPA No 004,Honduras,6111,Envirofit International Ltd.,Energy Efficiency - Domestic,AMS-II.G. Energy Efficiency Measures in Thermal Applications of Non-Renewable Biomass,Small Scale,42222
Improved Cookstoves Project Activity in Honduras “Vida Mejor con Ecofogones de Alto Rendimiento” – CPA No 003,Honduras,6109,Envirofit International Ltd.,Energy Efficiency - Domestic,AMS-II.G. Energy Efficiency Measures in Thermal Applications of Non-Renewable Biomass,Small Scale,42222
Improved Cookstoves Project Activity in Honduras Vida Mejor con Ecofogones de Alto Rendimiento CPA No 002,Honduras,6108,Envirofit International Ltd.,Energy Efficiency - Domestic,Not provided,Small Scale,42222
VPA - Spouts - 1,Uganda,6101,Believe Green LLC,Energy Efficiency - Domestic,Not provided,Micro Scale,10000
Highveld Air Quality - Phumula project,South Africa,609,Nova Institute,Energy Efficiency - Domestic,GS Alternative Ignition Coal Fires v1.,Microscale,4000
The 2nd 45MW Wind-farm project of Huadian Ningxia Ningdong Yangjiayao,China,607,Climate Impact Partners Limited,Wind,ACM0002 Grid-connected electricity generation from renewable sources,Small Scale,93595
Adavikanda Kuruwita Division Mini Hydro Power Project,Sri Lanka,6051,Alternate Power Systems (Pvt) Ltd,"Small, Low - Impact Hydro",AMS-I.D. Grid connected renewable electricity generation,Small Scale,13484
Efficient Cookstoves in Bahia III,Brazil,6050,Instituto Perene,Energy Efficiency - Domestic,GS Methodology for Improved Cook stoves and Kitchen Regimes v1.,Micro Scale,7642
Antai Group Waste Gas Recovery for Power Generation Project (300303),China,605,South Pole Ltd,Energy Efficiency - Industrial,ACM0012 Waste energy recovery,Large Scale,311196
GS1247 VPA 130 Zoba Anseba Community Safe Water,Eritrea,6042,CO2balance UK ltd,Energy Efficiency - Domestic,,Micro Scale,10000
GS1247 VPA 129 Zoba Anseba Community Safe Water,Eritrea,6041,CO2balance UK ltd,Energy Efficiency - Domestic,,Micro Scale,10000
GS1247 VPA 128 Southern Ethiopia Community Boreholes,Ethiopia,6038,CO2balance UK ltd,Energy Efficiency - Domestic,,Micro Scale,10000
Kores Kocadag Wind Power Project Turkey,Turkey,601,Innores Elektrik Uretim A.S.,Wind,ACM0002 Grid-connected electricity generation from renewable sources,Small Scale,36188
GS2489 – Efficient cookstoves in Benin and Togo – VPA2 – EcoBénin – Wanrou efficient cookstoves in Atacora/Donga region,Benin,6008,CO2logic,Energy Efficiency - Domestic,GS MS Simplified Methodology for Efficient Cookstoves v1.,Micro Scale,9317
Wind Power Project in Tinwari Rajasthan,India,6004,Wind World (India) Limited,Wind,ACM0002 Grid-connected electricity generation from renewable sources,Large Scale,32415
GS1247 VPA 121 Zoba Debub Community Boreholes,Eritrea,5827,CO2balance UK ltd,Energy Efficiency - Domestic,GS TPDDTEC v 1.,Micro scale,10000
GS1247 VPA 120 Zoba Debub Community Boreholes,Eritrea,5826,CO2balance UK ltd,Energy Efficiency - Domestic,GS TPDDTEC v 1.,Micro scale,10000
GS1247 VPA 119 Zoba Debub Community Boreholes,Eritrea,5825,CO2balance UK ltd,Energy Efficiency - Domestic,GS TPDDTEC v 1.,Micro scale,10000
GS1247 VPA 125 Zoba Anseba Community Safe Water,Eritrea,5954,CO2balance UK ltd,Energy Efficiency - Domestic,,Micro Scale,10000
GS1247 VPA 124 Zoba Anseba Community Safe Water,Eritrea,5953,CO2balance UK ltd,Energy Efficiency - Domestic,,Micro Scale,10000
GS1247 VPA 123 Zoba Anseba Community Safe Water,Eritrea,5952,CO2balance UK ltd,Energy Efficiency - Domestic,,Micro Scale,10000
2x50 MW Orange Suvaan Solar Photovoltaic Power Project in Maharashtra India,India,5928,Orange Renewable Power Pvt Ltd,Other,ACM0002 Grid-connected electricity generation from renewable sources,Large Scale,164869
Campion II Mini Hydro Power project,Sri Lanka,5923,CLIMATE SMART INITIATIVES (PRIVATE) LIMITED,"Small, Low - Impact Hydro",AMS-I.D. Grid connected renewable electricity generation,Microscale,3013
ALTACA MERAM BIOGAS PLANT,Turkey,5920,GTE KARBON SUSTAINABLE ENERJI EGITIM DANISMANLIK VE TICARET A.S.,Biogas - Electricity,,Large Scale,110277
GS5047 VPA8 African Improved Cookstoves and Clean Water Programme: Virunga Mountain Gorilla Cookstove Project Musanze II,Rwanda,5892,Likano Project Development GmbH,Energy Efficiency - Domestic,,Micro Scale,9955
GS5047 VPA7 African Improved Cookstoves and Clean Water Programme: Virunga Mountain Gorilla Cookstove Project Musanze,Rwanda,5891,Likano Project Development GmbH,Energy Efficiency - Domestic,,Micro Scale,9955
GS5047 VPA6 African Improved Cookstoves and Clean Water Programme: Virunga Mountain Gorilla Cookstove Project Nyabihu II,Rwanda,5890,Likano Project Development GmbH,Energy Efficiency - Domestic,,Micro Scale,9955
GS5047 VPA5 African Improved Cookstoves and Clean Water Programme: Virunga Mountain Gorilla Cookstove Project Burera II,Rwanda,5889,Likano Project Development GmbH,Energy Efficiency - Domestic,,Micro Scale,9955
Baragran Hydro Electric Project 3.0 MW (being expanded to 4.9 MW),India,5860,KKK HYDRO POWER LIMITED,"Small, Low - Impact Hydro",AMS-I.D. Grid connected renewable electricity generation,Small Scale,25967
WWF Meigu Panda Habitat Conservation Clean Cookstove Project,China,5842,South Pole Ltd,Energy Efficiency - Domestic,GS MS Simplified Methodology for Efficient Cookstoves v1.,Micro Scale,8000
Grid Connected Bundled Wind Power Project in Karnataka and Maharashtra,India,5831,EKI Energy Services Limited,Wind,,Small Scale,27560
GS1729 - Myanmar Stoves Campaign - Soneva in Myanmar - VPA No. 006,Myanmar,5662,Soneva Foundation,Energy Efficiency - Domestic,GS MS Simplified Methodology for Efficient Cookstoves v1.,Microscale,10000
Wind Power Project in Karnataka by OMWPL,India,5799,Orange Renewable Power Pvt Ltd,Other,ACM0002 Grid-connected electricity generation from renewable sources,Large Scale,138747
GS5047 VPA4 African Improved Cookstoves and Clean Water Programme: Virunga Mountain Gorilla Cookstove Project Musanze I,Rwanda,5783,Likano Project Development GmbH,Energy Efficiency - Domestic,GS TPDDTEC v 3.,Micro Scale,9955
GS5047 VPA3 African Improved Cookstoves and Clean Water Programme: Virunga Mountain Gorilla Cookstove Project RubavuI,Rwanda,5782,Likano Project Development GmbH,Energy Efficiency - Domestic,,Micro Scale,9955
GS5047 VPA2 African Improved Cookstoves and Clean Water Programme: Virunga Mountain Gorilla Cookstove Project Nyabihu I,Rwanda,5781,Likano Project Development GmbH,Energy Efficiency - Domestic,,Micro Scale,9955
GS2504 Voluntary Gold Standard Multi-country Improved Cookstove PoA-Flamingo Cookstove Project VPA5,Kenya,5780,South Pole Ltd,Energy Efficiency - Domestic,GS MS Simplified Methodology for Efficient Cookstoves v1.,Micro Scale,8503
Seyitali 30 MW Wind Farm Project Turkey,Turkey,578,Doruk Enerji Elektrik Uretim A.S.,Wind,,Large Scale,69124
Sarikaya 28.8 MW Wind Farm Project Turkey,Turkey,577,Alize Enerji Elektrik Uretim Anonim Sirketi,Wind,ACM0002 Grid-connected electricity generation from renewable sources,Large Scale,61122
Kuyucak 25.6 MW Wind Farm Project Turkey,Turkey,576,Alize Enerji Elektrik Uretim Anonim Sirketi,Wind,ACM0002 Grid-connected electricity generation from renewable sources,Large Scale,71578
Poyraz 54.9 MW Wind Farm Project Turkey,Turkey,575,POYRAZ ENERJI ELEKTRIK RETIM A.S,Wind,ACM0002 Grid-connected electricity generation from renewable sources,Large Scale,138546
Cataltepe 16MW Wind Farm Project Turkey,Turkey,574,Alize Enerji Elektrik Uretim Anonim Sirketi,Wind,ACM0002 Grid-connected electricity generation from renewable sources,Large Scale,39724
Renewable Energy Power project by DDWL,India,5673,EKI Energy Services Limited,Wind,ACM0002 Grid-connected electricity generation from renewable sources,Large Scale,58947
Amayo 40 MW Wind Power Project – Nicaragua,Nicaragua,567,Consorcio Eólico Amayo S.A.,Wind,ACM0002 Grid-connected electricity generation from renewable sources,Large Scale,120811
Prony and Kafeate wind-farms New Caledonia (300344),New Caledonia,566,South Pole Ltd,Other,ACM0002 Grid-connected electricity generation from renewable sources,Large Scale,36339
Bangna Starch Wastewater Treatment and Biogas Utilization Project (300084),Thailand,565,South Pole Ltd,Biogas - Electricity,AMS-I.D. Grid connected renewable electricity generation,Small Scale,41701
GS4424 VPA5 African Cookstoves and Water Programme,Rwanda,5637,Likano Project Development GmbH,Energy Efficiency - Domestic,Not provided,Micro scale,9179
GS4424 VPA4 African Cookstoves and Water Programme,Rwanda,5636,Likano Project Development GmbH,Energy Efficiency - Domestic,Not provided,Micro scale,9719
GS4424 VPA3 African Cookstoves and Water Programme,Rwanda,5635,Likano Project Development GmbH,Energy Efficiency - Domestic,Not provided,Micro scale,9719
GS4424 VPA2 African Cookstoves and Water Prorgamme,Rwanda,5634,Likano Project Development GmbH,Energy Efficiency - Domestic,Not provided,Micro scale,9719
Bundled 9.00 MW wind power Generation project in Rajasthan India by M/s. Gangadhar Narsingdas Agrawal Group,India,5633,EKI Energy Services Limited,Wind,,Small Scale,14029
14.7 MW Bundled Wind Power Project in the state of Maharashtra and Rajasthan India,India,5624,EKI Energy Services Limited,Wind,,Small Scale,23411
14.70 MW Wind Power Project at Jath Maharashtra,India,5617,EKI Energy Services Limited,Wind,,Small Scale,23411
100.8 MW Wind Power Project in Beluguppa Andhra Pradesh,India,5614,Orange Renewable Power Pvt Ltd,Other,ACM0002 Grid-connected electricity generation from renewable sources,Large Scale,224013
CYY Biopower Wastewater treatment plant including biogas reuse for thermal oil replacement and electricity generation Project Thailand (300059),Thailand,560,South Pole Ltd,"Biomass, or Liquid Biofuel - Cogeneration",AMS-I.D. Grid connected renewable electricity generation,Large Scale,97468
Gansu Anxi Wind Farm Project 100.5 MW,China,554,Camco Clean Energy PLC,Wind,ACM0002 Grid-connected electricity generation from renewable sources,Large scale,229420
Nestle Biodigesters Program in India,India,5392,"SISTEMA.BIO, INC.",Biogas - Heat,,Small Scale,18000
Green Mining’s GHG Emissions Reductions through Recycling in Brazil,Brazil,5440,TAMPEC SOLUCOES EM TECNOLOGIA E LOGISTICA LTDA/Green Mining,Other,,Small Scale,2636
GS1247 VPA 108 Improved Kitchen Regimes: Kayonza District Borehole Project Rwanda,Rwanda,5394,CO2balance UK ltd,Energy Efficiency - Domestic,GS TPDDTEC v 1.,Micro Scale,10000
Hygiene and Environmental Care for Tanks and Overhead Reservoirs (HECTOR) in Ghana,Ghana,5396,Expert365 Pty Ltd.,Energy Efficiency - Domestic,,Small Scale,0
 Uganda – Empower Communities Through Clean Energy-VPA 1,Uganda,5393,EcoNetix GmbH,Energy Efficiency - Domestic,,Small Scale,35000
Gansu Nanyangshan 1.26MW Hydro Power Project,China,547,Climate Bridge (Shanghai) Ltd.,"Small, Low - Impact Hydro",AMS-I.D. Grid connected renewable electricity generation,Microscale,4269
Oromia Cookstove Distribution Project,Ethiopia,5463,Oromia Coffee Farmers Cooperative Union,Energy Efficiency - Domestic,GS TPDDTEC v 2.,Small Scale,47839
Hunan Luantang 1 MW Hydro Power Project,China,545,Climate Bridge (Shanghai) Ltd.,"Small, Low - Impact Hydro",ACM0002 Grid-connected electricity generation from renewable sources,Microscale,2560
GS5382 Energy for Sustainable Development – Malawi 2,Malawi,5447,United Purpose Ltd,Energy Efficiency - Domestic,Not provided,Small Scale,60201
GS23264-GS23271-RVPA-1 Recovery of metals and minerals from incinerator bottom ash in Switzerland,Switzerland,5444,South Pole Ltd,Energy Efficiency - Industrial,,Small Scale,15000
Darmen Shuak Wind Power Project,Kazakhstan,5434,Monsoon Carbon Pte Ltd,Wind,,Large Scale,113550
40 MW Wind Power Project at Maliya Gujarat,India,5698,Orange Renewable Power Pvt Ltd,Wind,,Large Scale,112726
The Breathing Space Improved Cooking Stoves Programme India - VPA No. 12 Envirofit,India,5417,Envirofit International Ltd.,Energy Efficiency - Domestic,AMS-II.G. Energy Efficiency Measures in Thermal Applications of Non-Renewable Biomass,Small Scale,24160
GS1247 VPA 101 Improved Kitchen Regimes Multi-Country PoA - Kasungu Boreholes Malawi,Malawi,5341,CO2balance UK ltd,Energy Efficiency - Domestic,GS TPDDTEC v 1.,Micro scale,10000
RVPA-2 Methane Reduction by Alternate Wetting and Drying (AWD) in Vietnam,Viet Nam,5337,RIZE PTE. LTD.,Other,,Small Scale,20000
Green Briquettes for Fossil Fuel Displacement in South Africa,South Africa,5323,"EcoLinks Co., Ltd","Biomass, or Liquid Biofuel - Heat",,Small Scale,58040
GS2393 GS23403 RVPA_1 Impact Water Safe Drinking Water initiative in Uganda VPA4,Uganda,5331,Impact Carbon,Energy Efficiency - Domestic,,Small Scale,0
Midnightsun PV Solar Park,Jamaica,5383,GAİA CLİMATE FİNANSAL DANIŞMANLIK HİZMETLERİ VE TİCARET ANONİM ŞİRKETİ,PV,,Large Scale,78879
GS23401 VPA-1 Sustainable Rice Cultivation for Smallholder Farmers in India,India,5326,Value Network Ventures Pte. Ltd.,Other,,Small Scale,58536
Sustainable Rice Cultivation for Smallholder Farmers in India,India,5325,Value Network Ventures Pte. Ltd.,Other,,Small Scale,58536
GS1247 VPA 85 Zoba Maekel Community Boreholes,Eritrea,5245,CO2balance UK ltd,Energy Efficiency - Domestic,GS TPDDTEC v 1.,Micro scale,10000
The Breathing Space Improved Cooking Stoves Programme India - VPA No. 13 Envirofit,India,5418,Envirofit International Ltd.,Energy Efficiency - Domestic,AMS-II.G. Energy Efficiency Measures in Thermal Applications of Non-Renewable Biomass,Small Scale,22616
EBER WPP,Turkey,5257,GTE KARBON SUSTAINABLE ENERJI EGITIM DANISMANLIK VE TICARET A.S.,Wind,,Large Scale,94051
EcoHome Clean Cooking Project in Nigeria,Nigeria,5256,Ecoist Limited,Energy Efficiency - Domestic,,Small Scale,20104
"GS11949 GS11996 RVPA-14 Small-scale solar electrical programme, South Africa",South Africa,5229,BLUE WORLD CARBON ASSET MANAGEMENT (PTY) LTD,PV,,Small Scale,0
GS1247 VPA 83 Lango Safe Water Project,Uganda,5197,CO2balance UK ltd,Energy Efficiency - Domestic,GS TPDDTEC v 1.,Micro scale,10000
GS1247 VPA 82 Lango Safe Water Project,Uganda,5196,CO2balance UK ltd,Energy Efficiency - Domestic,GS TPDDTEC v 1.,Micro scale,10000
GS1247 VPA 81 Lango Safe Water Project,Uganda,5195,CO2balance UK ltd,Energy Efficiency - Domestic,GS TPDDTEC v 1.,Micro scale,10000
GS1247 VPA 80 Lango Safe Water Project,Uganda,5194,CO2balance UK ltd,Energy Efficiency - Domestic,GS TPDDTEC v 1.,Micro scale,10000
GS1247 VPA 79 Lango Safe Water Project,Uganda,5193,CO2balance UK ltd,Energy Efficiency - Domestic,GS TPDDTEC v 1.,Micro scale,10000
GS1247 VPA 78 Lango Safe Water Project,Uganda,5192,CO2balance UK ltd,Energy Efficiency - Domestic,GS TPDDTEC v 1.,Micro scale,10000
GS1247 VPA 77 Lango Safe Water Project,Uganda,5191,CO2balance UK ltd,Energy Efficiency - Domestic,GS TPDDTEC v 1.,Micro scale,10000
GS1247 VPA 76 Lango Safe Water Project,Uganda,5190,CO2balance UK ltd,Energy Efficiency - Domestic,GS TPDDTEC v 1.,Micro scale,10000
GS1247 VPA 75 Lango Safe Water Project,Uganda,5189,CO2balance UK ltd,Energy Efficiency - Domestic,GS TPDDTEC v 1.,Micro scale,10000
GS1247 VPA 74 Lango Safe Water Project,Uganda,5188,CO2balance UK ltd,Energy Efficiency - Domestic,GS TPDDTEC v 1.,Micro scale,10000
GS1247 VPA 73 Lango Safe Water Project,Uganda,5187,CO2balance UK ltd,Energy Efficiency - Domestic,GS TPDDTEC v 1.,Micro scale,10000
GS1247 VPA 72 Lango Safe Water Project,Uganda,5186,CO2balance UK ltd,Energy Efficiency - Domestic,GS TPDDTEC v 1.,Micro scale,10000
Diyao 1MW Hydro Power Project,China,518,Climate Bridge (Shanghai) Ltd.,"Small, Low - Impact Hydro",ACM0002 Grid-connected electricity generation from renewable sources,Microscale,2457
CECIC Zhangbei Dayangzhuang Wind Farm pre-CDM VER Project,China,514,Goldchina Consultancy International Co. Ltd,Wind,ACM0002 Grid-connected electricity generation from renewable sources,Large scale,103796
Hebei Shangyi Manjing West Wind Farm VER Project,China,513,Carbon Resource Management Ltd.,Wind,ACM0002 Grid-connected electricity generation from renewable sources,Large scale,108974
Ghana Household Carbon Reduction Programme (GHCRP),Ghana,5043,UpEnergy Group,Energy Efficiency - Domestic,,Large Scale,254845
GS12544 VPA 03: Rung’eto Farmers Cooperative Society Improved Cook Stove Distribution Project,Kenya,5041,Addis Ababa University - Horn of Africa Regional Environmental Center and Network (AAU-HoAREC&N),Energy Efficiency - Domestic,,Small Scale,0
GS12544 VPA 02: Yirgachefe Multipurpose Cook Stove Distribution Project,Ethiopia,5040,Addis Ababa University - Horn of Africa Regional Environmental Center and Network (AAU-HoAREC&N),Energy Efficiency - Domestic,,Small Scale,0
GS1247 VPA 66 Zoba Debub Community Boreholes,Eritrea,5039,CO2balance UK ltd,Energy Efficiency - Domestic,GS TPDDTEC v 1.,Micro scale,10000
"GS11949 GS11996 RVPA-11 Small-scale solar electrical programme, South Africa",South Africa,5125,BLUE WORLD CARBON ASSET MANAGEMENT (PTY) LTD,PV,,Small Scale,13991
GS1005 Qori Q'oncha - Improved cookstoves diffusion programme in Peru - VPA5,Peru,5107,Livelihoods Fund SICAV SIF,Energy Efficiency - Domestic,GS TPDDTEC v 2.,Large Scale,69466
GS1247 VPA 71 Lango Safe Water Project,Uganda,5106,CO2balance UK ltd,Energy Efficiency - Domestic,GS TPDDTEC v 1.,Micro scale,10000
Plant For Planet ,India,5073,Partners in Prosperity,A/R,,Large Scale,9000000
REGENERATION KENYA (RK),Kenya,5064,Earthbanc AB,A/R,,Large Scale,1013167
VPA 1 Safe Water Programme in Uganda,Uganda,5052,WATER MISSIONS INTERNATIONAL,Energy Efficiency - Domestic,,Small Scale,59670
GS PoA Safe Water Programme in East Africa-Uganda,Uganda,5051,WATER MISSIONS INTERNATIONAL,Energy Efficiency - Domestic,,Small Scale,59670
Honiton Energy Bailingmiao Phase Two Windfarm Project,China,505,Camco Voluntary Credits Ltd,Wind,ACM0002 Grid-connected electricity generation from renewable sources,Large Scale,116607
GS12102 GS12458 RVPA-2 Carbon Credit financing for sustainable rural water supply in Manyara Region,"Tanzania, United Republic of",5046,Carbonsink (Carbonsink Group S.r.l.),Energy Efficiency - Domestic,,Small Scale,60000
*WWF Nepal Gold Standard Biogas Voluntary Emission Reduction (VER) Project,Nepal,504,BSP-N,Biogas - Heat,GS TPDDTEC v 2.,Small Scale,21088
The Taiwan Sustainable Grain Production Project,Taiwan,5036,Number One Biotech Inc.,Other,Soil Organic Carbon Framework Methodology,Micro Scale,1530
Planting of Bamboo to Remove CO2 and Provide Sustainable Building Materials,France,5035,Horizom,A/R,,Small Scale,0
GS1247 VPA 62 Improved Kitchen Regimes: Kayonza District Borehole Project Rwanda,Rwanda,5034,CO2balance UK ltd,Energy Efficiency - Domestic,GS TPDDTEC v 1.,Micro Scale,10000
GS1247 VPA 61 Improved Kitchen Regimes: Kayonza District Borehole Project Rwanda,Rwanda,5033,CO2balance UK ltd,Energy Efficiency - Domestic,GS TPDDTEC v 1.,Micro Scale,10000
Kemerburgaz wind farm project,Turkey,503,LODOS ELEKTRIK ÃœRETIM A.S.,Wind,ACM0002 Grid-connected electricity generation from renewable sources,Large scale,39816
"Safe Drinking Water Dharni, Melghat",India,5013,Grasshopper Safe Water India GmbH & Co. KG,Energy Efficiency - Domestic,GS Methodology for emission reductions from safe drinking water supply,Small Scale,51620
"Reduction of Methane Emissions through Manure Composting at KOFERT ORGANIC, Mihailesti - Romania",Romania,5009,Kofert Organic SRL,Other,,Small Scale,59307
Amazonia Nativa,Colombia,5007,ACT Climate Solutions B.V.,A/R,,Large Scale,90058
Bamako Clean Cookstoves - Improving livelihoods and fighting desertification in the Sahel zone,Mali,5003,Swiss Carbon Value Ltd.,Energy Efficiency - Domestic,GS TPDDTEC v 2.,Large Scale,101650
GS12478 VPA-1 Small-holder Paddy Program,India,4962,ECOCAPITA CONSULTING PRIVATE LIMITED,Other,,Small Scale,59900
Nagapattinam District Biogas Project for Tsunami affected Poor,India,493,Zenith Energy Services Pvt. Ltd.,Biogas - Heat,GS Baseline and Monitoring Methodology Biodigester v1.,Small Scale,5484
CYY Singha Yasothon Wastewater Treatment and Biogas Utilization Project,Thailand,4906,South Pole Ltd SCV,Other,,Large Scale,80000
Improved Cook Stoves Programme of Activities under Gold Standard in Nepal ,Nepal,4901,"CERPD Co., Ltd",Energy Efficiency - Domestic,,Large Scale,91255
GS1247 VPA 59 Improved Kitchen Regimes: Kayonza District Borehole Project Rwanda,Rwanda,4900,CO2balance UK ltd,Energy Efficiency - Domestic,GS TPDDTEC v 1.,Micro Scale,10000
Mezgilder Qushteri Wind Power Project,Kazakhstan,4798,Monsoon Carbon Pte Ltd,Other,ACM0002 Grid-connected electricity generation from renewable sources,Large Scale,227100
*Rotor Elektrik Uretim Osmaniye Wind Farm,Turkey,474,Zorlu Yenilenebilir Enerji A.Ş.,Wind,,Large Scale,246170
GS1247 VPA 58 Improved Kitchen Regimes: Kayonza District Borehole Project Rwanda,Rwanda,4899,CO2balance UK ltd,Energy Efficiency - Domestic,GS TPDDTEC v 1.,Micro Scale,10000
Kairouan Solar Farm in Tunisia,Tunisia,4898,AMEA Power Ltd,Other,ACM0002 Grid-connected electricity generation from renewable sources,Large Scale,131823
Tropigas 50 MW Solar Power Plant in the Dominican Republic,Dominican Republic,4897,"TROPIGAS DOMINICANA, SRL",Other,ACM0002 Grid-connected electricity generation from renewable sources,Large Scale,48498
9.5 MW wind energy based power generation by Interocean Group,India,4875,Interocean Shipping (India) Private Limited,Wind,,Small Scale,18045
Bundled Wind Power Project by Peethambra Granites Pvt Ltd (EKIESL-CDM. November -11-01),India,4828,EKI Energy Services Limited,Wind,,Small Scale,8223
OYU - Clean Water for Malawian Communities,Malawi,4822,SHRI MAA MARKETING PRIVATE LIMITED,Energy Efficiency - Domestic,,Large Scale,218534
Longhe 1.03MW Hydro Power Project,China,482,Climate Bridge (Shanghai) Ltd.,"Small, Low - Impact Hydro",ACM0002 Grid-connected electricity generation from renewable sources,Microscale,2583
Qielong 1.2MW Hydro Power Project,China,481,Climate Bridge (Shanghai) Ltd.,"Small, Low - Impact Hydro",ACM0002 Grid-connected electricity generation from renewable sources,Microscale,4843
InfraVest Changbin and Taichung bundled Wind Farms Project - Taiwan (300190),Taiwan,472,South Pole Ltd,Other,ACM0002 Grid-connected electricity generation from renewable sources,Large Scale,336683
GS11935 GS11934 RVPA-31 Promoting sustainable use of biomass energy resources in targeted communities,Nepal,4707,Value Network Ventures Pte. Ltd.,Energy Efficiency - Domestic,GS MS Simplified Methodology for Efficient Cookstoves v1.1,Micro Scale,9439
GS11935 GS11934 RVPA-26 Promoting sustainable use of biomass energy resources in targeted communities,Nepal,4702,Value Network Ventures Pte. Ltd.,Energy Efficiency - Domestic,GS MS Simplified Methodology for Efficient Cookstoves v1.1,Micro Scale,9466
*Energeticos Jaremar - Biogas recovery from Palm Oil Mill Effluent (POME) ponds and heat & electricity generation Honduras,Honduras,470,Energeticos Jaremar,Biogas - Cogeneration,AMS-I.C. Thermal energy production with or without electricity,Small Scale,30464
GS11935 GS11934 RVPA-12 Promoting sustainable use of biomass energy resources in targeted communities,Nepal,4688,Value Network Ventures Pte. Ltd.,Energy Efficiency - Domestic,GS MS Simplified Methodology for Efficient Cookstoves v1.1,Micro Scale,9601
Letaba Biomass to Energy Project,South Africa,467,myclimate Foundation,"Biomass, or Liquid Biofuel - Heat",GS SS Ecologically Sound Fuel Switch to Biomass v1.,Small Scale,16883
ADES Solar and efficient stoves in Madagascar,Madagascar,464,myclimate Foundation,Solar Thermal - Heat,,Large Scale,269621
OYU - Clean Water for Future Leaders VPA01,"Tanzania, United Republic of",4634,SHRI MAA MARKETING PRIVATE LIMITED,Energy Efficiency - Domestic,,Large Scale,71758
Changing Lives via Improved Cooking – Ghana 3,Ghana,4615,"Envirofit International, Ltd.",Energy Efficiency - Domestic,,Small Scale,60000
Changing Lives via Improved Cooking – Nigeria 2,Nigeria,4614,"Envirofit International, Ltd.",Energy Efficiency - Domestic,,Small Scale,60000
Changing Lives via Improved Cooking – Ghana 2,Ghana,4613,"Envirofit International, Ltd.",Energy Efficiency - Domestic,,Small Scale,52048
Ecolinks Ghana Bioethanol Clean Cooking Initiative for Inclusive and Sustainable Development VPA1,Ghana,4612,"EcoLinks Co., Ltd",Energy Efficiency - Domestic,Methodology for Metered & Measured Energy Cooking Devices,Large Scale,209512
GS12877 VPA 1- eWATER Emission Reductions from Safe Drinking Water Supply and Accreditation of Water Benefit Certificates - Real case VPA Kenya,Kenya,4611,eWATERservices Ltd.,Energy Efficiency - Domestic,GS Water Access and WASH Methodology v1.,Large Scale,34727
Sustainable Brick Production in Malawi,Malawi,4603,atmosfair gGmbH,Other,"AMS-III.Z. Fuel Switch = 159, process improvement and energy efficiency in brick manufacture",Micro Scale,9017
Univanich TOPI Biogas Project,Thailand,460,Carbon Bridge Pte Ltd,Biogas - Cogeneration,AMS-I.D. Grid connected renewable electricity generation,Small Scale,41174
PoA Ecolinks Ghana Bioethanol Cooking Program,Ghana,4597,"EcoLinks Co., Ltd",Energy Efficiency - Domestic,Methodology for Metered & Measured Energy Cooking Devices,Large Scale,659295
VPA1 - Improved Charcoal Cookstove in Ashanti and Central Regions of Ghana by Ecolinks,Ghana,4593,"EcoLinks Co., Ltd",Energy Efficiency - Domestic,,Large Scale,125932
Access to Clean Water ,Bangladesh,4519,ERDA ILLUMINE LOW CARBON SOLUTIONS PRIVATE LIMITED,Energy Efficiency - Domestic,,Small Scale,0
Univanich Lamthap POME Biogas Project,Thailand,458,Carbon Bridge Pte Ltd,Biogas - Electricity,ACM0022 Alternative waste treatment processes,Large scale,43650
*Fujian Zhangpu Liuao 45MW Wind Power Project_preCDM VERs,China,457,CWEME,Wind,ACM0002 Grid-connected electricity generation from renewable sources,Large scale,80000
GS11638 GS11640 RVPA-4 SPOUTS Water Purifier Programme in Africa- WPS in Uganda by AERA- VPA 14,Uganda,4557,AGS Carbon Advisory,Energy Efficiency - Domestic,GS Methodology for emission reductions from safe drinking water supply,Small Scale,35000
GS12443 GS12490 RVPA-12: ECC_Multi-country Electric Clean Cooking Programme in Tanzania,"Tanzania, United Republic of",4553,ECOA Climate Capital,Energy Efficiency - Domestic,,Large Scale,119100
GS11623 GS11627 RVPA-12 CO2 Sequestration at a Swiss Concrete Recycler using the Neustark Technology,Switzerland,4546,Neustark AG,Other,,Micro Scale,100
Red Sea Wind Energy Project,Egypt,4539,Red Sea Wind Energy SAE (RSWE),Wind,,Large Scale,1151802
Selex Smart Electric Vehicle Project,Viet Nam,4536,Selex Smart Electric Vehicles Joint Stock Company,Energy Efficiency - Transport Sector,AMS-III.C. Emission reductions by electric and hybrid vehicles,Small Scale,39493
Sistema.bio Colomabian Carbon Program: Biodigesters in Colombia 2024-25,Colombia,4532,"SISTEMA.BIO, INC.",Biogas - Heat,,Large Scale,96000
Smokeless energy efficient cookstoves distribution in Rural-Nepal,Nepal,4531,GRENEITY INFOCOM SERVICE PRIVATE LIMITED,Energy Efficiency - Domestic,GS TPDDTEC v3.1,Small Scale,40000
*Huadian Ningxia Ningdong Yangjiayao 45MW Wind-farm Project,China,452,Climate Impact Partners Limited,Wind,ACM0002 Grid-connected electricity generation from renewable sources,Small Scale,93938
*Honiton Energy Bailingmiao Phase One Windfarm Project,China,449,Camco Voluntary Credits Ltd,Wind,ACM0002 Grid-connected electricity generation from renewable sources,Large scale,140000
Improved Cookstoves for Social Impact in Ugandan Communities,Uganda,447,Impact Carbon,Energy Efficiency - Domestic,,Large Scale,1514834
VPA-002 Improved Cookstoves Programme of Activities in Nepal – Hill VPAs,Nepal,4423,"IMPERATIVE GLOBAL INVESTMENTS, INC.",Energy Efficiency - Domestic,GS TPDDTEC V4.0: REDUCED EMISSIONS FROM COOKING AND HEATING – TECHNOLOGIES AND PRACTICES TO DISPLACE DECENTRALIZED THERMAL ENERGY CONSUMPTION,Large Scale,0
GS12382 VPA 01 Improved agricultural practices for rice cultivation in India,India,4422,Kosher Climate India Pvt Ltd.,Other,,Small Scale,37405
Dora II 9.5 MWe Geothermal Energy Project (300274),Turkey,445,South Pole Ltd SCV,Geothermal,AMS-I.D. Grid connected renewable electricity generation,Small Scale,43000
GS10789 GS10790 RVPA-12: Efficient and  Clean Cooking for households in Mozambique,Mozambique,4442,ECOA Climate Capital,Energy Efficiency - Domestic,,Large Scale,51901
GS12215 GS12216 RVPA-1 Improved cookstoves and healthy lives in Nepal – VPA 2,Nepal,4426,ClimatePartner Foundation GmbH,Energy Efficiency - Domestic,,Micro Scale,7743
FANS: Foyers Améliorés au Nord du Sénégal,Senegal,4401,LIVELIHOODS CARBON FUND SICAV-RAIF,Energy Efficiency - Domestic,GS TPDDTEC V4.0: REDUCED EMISSIONS FROM COOKING AND HEATING – TECHNOLOGIES AND PRACTICES TO DISPLACE DECENTRALIZED THERMAL ENERGY CONSUMPTION,Large Scale,98801
India Rice Carbon Project - Focused on Direct Seeded Rice along with some TPR + AWD Fields,India,4400,BAYER BIOSCIENCE PRIVATE LIMITED,Other,,Small Scale,53704
*Mamak Landfill Waste Management Project  Turkey,Turkey,440,ITC Invest Trading & Consulting AG Ankara Branch,Other,ACM0001 Flaring or use of landfill gas,Large Scale,572320
India Rice Carbon Project - Only Alternate Wetting and Drying (AWD),India,4399,BAYER BIOSCIENCE PRIVATE LIMITED,Other,,Small Scale,51147
Bitola SPP,"North Macedonia, Republic of",4398,Life Iklim ve Enerji Ltd. Sti.,Solar Thermal - Electricity,,Large Scale,48885
GS10789 GS10790 RVPA-43 Efficient and Clean  Cooking for households in Tanzania,"Tanzania, United Republic of",4397,ECOA Climate Capital,Energy Efficiency - Domestic,,Large Scale,33776
GS10655 GS10710: Promotion of clean cooking solutions in rural India by Infosys – VPA 3,India,4396,Infosys,Biogas - Heat,,Small Scale,58686
"Fair Climate Programme for Sustainable Household Energy (PoA) - Fair Climate Programme: Bachat project - Odisha, India (VPA 9)",India,4395,FairClimateFund,Energy Efficiency - Domestic,GS MS Simplified Methodology for Efficient Cookstoves v1.,Micro Scale,9873
GS10789 GS10790 RVPA-72: Efficient and  Clean Cooking for households in Ghana,Ghana,4394,ECOA Climate Capital,Energy Efficiency - Domestic,,Large Scale,64412
GS10789 GS10790 RVPA-31 : Efficient and  Clean Cooking for households in Democratic  Republic of the Congo (DRC),"Congo, the Democratic Republic of the",4393,ECOA Climate Capital,Energy Efficiency - Domestic,,Large Scale,73661
GS10789 GS10790 RVPA-30 : Efficient and Clean Cooking for households in Democratic Republic of the Congo (DRC),"Congo, the Democratic Republic of the",4392,Save Forest 2 Limited,Energy Efficiency - Domestic,,Large Scale,73661
"Fair Climate Programme for Sustainable Household Energy (PoA) - Fair Climate Programme: Bachat project - Odisha, India (VPA 8)",India,4391,FairClimateFund,Energy Efficiency - Domestic,GS MS Simplified Methodology for Efficient Cookstoves v1.1,Micro Scale,9873
GS10789 GS11673 RVPA-68: Efficient and  Clean Cooking for households in Nigeria,Nigeria,4390,ECOA Climate Capital,Energy Efficiency - Domestic,,Large Scale,31943
GS10789 GS11673 RVPA-67: Efficient and  Clean Cooking for households in Nigeria,Nigeria,4389,Save Forest 2 Limited,Energy Efficiency - Domestic,,Large Scale,31943
GS10789 GS10790 RVPA-53 Efficient and Clean  cooking for Households in Somalia,Somalia,4388,ECOA Climate Capital,Energy Efficiency - Domestic,,Large Scale,67483
GS10789 GS11673 RVPA-64: Efficient and  Clean Cooking for households in Nigeria,Nigeria,4387,ECOA Climate Capital,Energy Efficiency - Domestic,,Large Scale,89011
GS10789 GS11673 RVPA-63: Efficient and  Clean Cooking for households in Nigeria,Nigeria,4386,Save Forest 2 Limited,Energy Efficiency - Domestic,,Large Scale,1676293
GS10789 GS11673 RVPA-62: Efficient and  Clean Cooking for households in Nigeria,Nigeria,4385,ECOA Climate Capital,Energy Efficiency - Domestic,,Large Scale,89011
UpEnergy-Social and Climate Impact Programme- Cooking Devices VPA-26,Malawi,4384,UpEnergy Group,Energy Efficiency - Domestic,,Small Scale,40000
GS 12239 VPA-1 Amazi Meza Rwanda Water Supply Project For Schools,Rwanda,4383,SweetSense Inc.,Energy Efficiency - Domestic,GS Methodology for emission reductions from safe drinking water supply,Small Scale,60000
Amazi Meza Rwanda Water Supply Project For Schools - PoA,Rwanda,4382,SweetSense Inc.,Energy Efficiency - Domestic,GS Methodology for emission reductions from safe drinking water supply,Small Scale,0
Improved Woodstove Project 3  in Udaipur,India,4381,Infosys,Energy Efficiency - Domestic,,Small Scale,50000
GS Microscale PoA: Integrated Domestic Energy Systems (IDES) for rural communities in India– RVPA 08,India,4380,Value Network Ventures Pte. Ltd.,Energy Efficiency - Domestic,"The Gold Standard Simplified Methodology for Clean and Efficient Cookstoves, Version 3.0",Micro Scale,8951
Dares Datça Wind Farm Project Turkey,Turkey,438,Dares Datca Ruzgar Enerji Santrali San.veTic.A.S.,Wind,ACM0002 Grid-connected electricity generation from renewable sources,Large Scale,72169
"Household Biogas Project 2, Uttarakhand and Uttar Pradesh, India",India,4379,myclimate Foundation,Biogas - Heat,Methodology for animal waste management and biogas application,Small Scale,40000
GS12215 VPA-1 Improved cookstoves and healthy lives in Nepal,Nepal,4378,ClimatePartner Foundation GmbH,Energy Efficiency - Domestic,,Micro Scale,9500
Improved Cookstoves and Healthy Lives in Nepal,Nepal,4377,ClimatePartner Foundation GmbH,Energy Efficiency - Domestic,,Micro Scale,0
14.4 MW Bio-Mass based Co-Gen Power Plant project by Oasis group in Haryana,India,4376,EKI Energy Services Limited,Other,ACM0006 Electricity and heat generation from biomass residues,Large Scale,53310
GS11623 GS11627 RVPA-9 CO2 Sequestration at a Swiss Concrete Recycler using the Neustark Technology,Switzerland,4375,Neustark AG,Other,,Micro Scale,2003
GS11623 GS11627 RVPA-8 CO2 Sequestration at a Swiss Concrete Recycler using the Neustark Technology,Switzerland,4374,Neustark AG,Other,,Micro Scale,870
GS11623 GS11627 RVPA-7 CO2 Sequestration at a Swiss Concrete Recycler using the Neustark Technology,Switzerland,4373,Neustark AG,Other,,Micro Scale,1021
N'situ pelende by Colruyt group,"Congo, the Democratic Republic of the",4372,Colruyt group NV,A/R,,Large Scale,65787
Mali Safe Drinking Water Program,Mali,4364,Lift Solution Limited,Energy Efficiency - Domestic,GS Methodology for emission reductions from safe drinking water supply,Large Scale,340407
Akbuk Wind Farm Project Turkey,Turkey,436,Ayen Enerji A. S.,Wind,ACM0002 Grid-connected electricity generation from renewable sources,Large Scale,67570
SMG Clean Cooking Program,India,4300,SHRI MAA MARKETING PRIVATE LIMITED,Energy Efficiency - Domestic,GS TPDDTEC V4.0: REDUCED EMISSIONS FROM COOKING AND HEATING – TECHNOLOGIES AND PRACTICES TO DISPLACE DECENTRALIZED THERMAL ENERGY CONSUMPTION,Large Scale,58634
Energo Trust,Kazakhstan,4296,EKI Energy Services Limited,Wind,ACM0002 Grid-connected electricity generation from renewable sources,Large Scale,151994
RWS Safe Drinking Water Programme in India,India,4291,RITE WATER SOLUTIONS (INDIA) PRIVATE LIMITED,Energy Efficiency - Domestic,GS Methodology for emission reductions from safe drinking water supply,Small Scale,0
GS Microscale PoA : Integrated Domestic Energy Systems (IDES) for rural communities in India–RVPA 06,India,4271,Value Network Ventures Pte. Ltd.,Energy Efficiency - Domestic,"The Gold Standard Simplified Methodology for Clean and Efficient Cookstoves, Version 3.0",Micro Scale,9619
GS Microscale PoA: Integrated Domestic Energy Systems (IDES) for rural communities in India– RVPA 05,India,4270,Value Network Ventures Pte. Ltd.,Energy Efficiency - Domestic,"The Gold Standard Simplified Methodology for Clean and Efficient Cookstoves, Version 3.0",Micro Scale,8951
Beyond Biomass: UpEnergy Electric Cooking-VPA 9,"Tanzania, United Republic of",4265,UpEnergy Group,Energy Efficiency - Domestic,,Small Scale,30006
Renew Sakhi Improved Cookstove - 2,India,4264,Renew Power Synergy Private Limited,Energy Efficiency - Domestic,,Large Scale,140049
CDM-KE-011 Kenya EcoEye Mombasa Project,Kenya,4261,GREEN DEVELOPMENT AS,Energy Efficiency - Domestic,,Small Scale,6243
GS 12030 VPA 1 Safe Water Project in Kigoma and Dodoma (Tanzania),"Tanzania, United Republic of",4195,WATER MISSIONS INTERNATIONAL,Other,GS Methodology for emission reductions from safe drinking water supply,Small Scale,59151
CPA-KE-012-Kenya Samsung Project,Kenya,4260,GREEN DEVELOPMENT AS,Energy Efficiency - Domestic,,Small Scale,53199
Centralized Livestock Manure Treatment Center in Xiayi County ,China,4259,"Henan Deneng Energy&Environmental Protection Technology Co.,Ltd.",Other,AM0073 GHG emission reductions through multi-site manure collection and treatment in a central plant,Large Scale,95500
CECIC Zhangbei Dayangzhuang Wind Farm Project,China,424,ClimateCare Limited,Wind,ACM0002 Grid-connected electricity generation from renewable sources,Small Scale,103796
humusCO2mp,Germany,4203,humusCO2mp Gmbh,Other,,Large Scale,0
"14.90 MW Biomass-based power plant by KTA Powers Pvt. Ltd. in Rajasthan, India",India,4238,EKI Energy Services Limited,"Biomass, or Liquid Biofuel - Electricity",AMS-I.D. Grid connected renewable electricity generation,Small Scale,83499
Safe Water Programme – Kenya - VPA 54,Kenya,4233,Impact Carbon,Energy Efficiency - Domestic,,Small Scale,60000
*Salido Kecil Mini Hydropower Plant,Indonesia,423,myclimate Foundation,"Small, Low - Impact Hydro",AMS-I.D. Grid connected renewable electricity generation,Micro scale,4513
Zhangbei Mijiagou 49.5 MW Wind Farm Project in China,China,419,Goldchina Consultancy International Co. Ltd,Wind,ACM0002 Grid-connected electricity generation from renewable sources,Large scale,108858
Hebei Shangyi Manjing East Wind Farm Project,China,417,Carbon Resource Management Ltd.,Wind,ACM0002 Grid-connected electricity generation from renewable sources,Large scale,120208
*Improved Household Charcoal Stoves in Mali,Mali,414,Swiss Carbon Value Ltd.,Energy Efficiency - Public Sector,Not provided,Large Scale,72112
*Improved Household Charcoal Stoves in Ghana,Ghana,413,E+Carbon Inc,Energy Efficiency - Public Sector,GS Methodology for Improved Cook stoves and Kitchen Regimes v1.,Large scale,65563
GS3428 - Biogas PoA Switzerland - VPA1,Switzerland,4014,South Pole Ltd,Biogas - Heat,,Micro Scale,9442
Soma-Polat Wind Farm Project,Turkey,398,Soma Enerji Elektrik Uretim AS,Wind,,Large Scale,251690
GS1247 VPA 313 Guatemala Improved Cookstoves Project,Guatemala,4126,CO2balance UK ltd,Energy Efficiency - Domestic,GS MS Simplified Methodology for Efficient Cookstoves v1.1,Micro Scale,9263
Brigo Sustainable Transport,Italy,4124,BRIGO SRL,Other,AMS-III.S. Introduction of low-emission vehicles/technologies to commercial vehicle fleets,Small Scale,233
Efficient Fuel Wood Stoves for Nigeria,Nigeria,411,atmosfair gGmbH,Energy Efficiency - Domestic,AMS-II.G. Energy Efficiency Measures in Thermal Applications of Non-Renewable Biomass,Small Scale,20000
*Bagepalli CDM Biogas Programme,India,410,Agricultural Development and Training Society,Biogas - Heat,AMS-I.E. Switch from Non-Renewable Biomass for Thermal Applications by the User,Small Scale,19553
Gyapa Cook Stoves Project in Ghana,Ghana,407,Relief International,Energy Efficiency - Domestic,GS TPDDTEC V4.0: REDUCED EMISSIONS FROM COOKING AND HEATING – TECHNOLOGIES AND PRACTICES TO DISPLACE DECENTRALIZED THERMAL ENERGY CONSUMPTION,Large Scale,167279
Guangzhou Zhujiang Beer Methane Recovery Project (300068),China,401,Deactivated Projects,Biogas - Electricity,AMS-I.D. Grid connected renewable electricity generation,Small Scale,28000
HomeBiogas Programme in Kenya ,Kenya,3992,HOMEBIOGAS LTD,Biogas - Heat,,Large Scale,0
Wenshi AMMS GHG Mitigation Project in Anhui Province,China,3976,"Profit Carbon Environmental Energy Technology (Shanghai) Co., Ltd.",Biogas - Heat,ACM0010 GHG emission reductions from manure management systems,Large Scale,200331
GS11638 GS11640 RVPA-3 SPOUTS Water Purifier Programme in Africa- WPS in Uganda by AERA- VPA 5,Uganda,3971,AGS Carbon Advisory,Energy Efficiency - Domestic,GS Methodology for emission reductions from safe drinking water supply,Small Scale,59492
"SUVIDHA’s Decentralized Energy Interventions for Rural Communities in India VPA – 4 (Himachal Pradesh, IndiGo)",India,3969,Society for the Upliftment of Villagers and Development of Himalayan Areas (SUVIDHA),Biogas - Heat,GS MS Simplified Methodology for Efficient Cookstoves v1.,Micro Scale,0
GS1340 - Efficient cookstoves in Burkina Faso – tiipaalga F3PA cookstoves in Center-South Protected Areas - VPA-47,Burkina Faso,3964,Tiipaalga,Energy Efficiency - Domestic,,Micro Scale,9700
CPA 064 – Charcoal Stoves in Kenya,Kenya,3958,"BioLite, Inc.",Energy Efficiency - Domestic,,Small Scale,48733
Mazı-3 30 MW Wind Power Plant Project,Turkey,388,Bilgin Güc Santralleri Enerji Üretim A.S,Wind,,Large Scale,76700
La Esperanza Hydroelectric Project,Honduras,395,atmosfair gGmbH,"Small, Low - Impact Hydro",AMS-I.D. Grid connected renewable electricity generation,Small Scale,36272
Salkhit wind farm ,Mongolia,3947,Clean Energy LLC,Wind,,Large Scale,190405
GS11677 GS11902 Malawi Biomass Energy Conservation Programme CPA 37,Malawi,3946,Hestian Innovation,Energy Efficiency - Domestic,AMS-II.G. Energy Efficiency Measures in Thermal Applications of Non-Renewable Biomass,Small Scale,38778
GS11677 GS11902 Malawi Biomass Energy Conservation Programme CPA 17,Malawi,3945,Hestian Innovation,Energy Efficiency - Domestic,AMS-II.G. Energy Efficiency Measures in Thermal Applications of Non-Renewable Biomass,Small Scale,38778
Solar Power Project by Hero Group (EKIESL- CDM.May-15-01),India,3906,EKI Energy Services Limited,Other,,Small Scale,15120
GS1340 - Efficient cookstoves in Burkina Faso – tiipaalga F3PA cookstoves in Center-South Protected Areas - VPA-49,Burkina Faso,3965,Tiipaalga,Energy Efficiency - Domestic,GS MS Simplified Methodology for Efficient Cookstoves v1.1,Micro Scale,9392
*Ningxia Yinyi 49.50MW Wind-farm Project,China,383,Climate Impact Partners Limited,Wind,ACM0002 Grid-connected electricity generation from renewable sources,Small Scale,98283
*Fujian Zhangpu Liuao 45MW Wind Power Project,China,375,CWEME,Wind,ACM0002 Grid-connected electricity generation from renewable sources,Large scale,84130
*Mare Manastir Wind Farm Turkey,Turkey,368,MareManastir Ruzgar Enerji Santrali San.veTic.A:S.,Wind,ACM0002 Grid-connected electricity generation from renewable sources,Large Scale,94000
Grid Connected Wind Power Project In Maharashtra India By Bhilwara,India,3705,CLEAN SOLAR POWER (BHADLA) PRIVATE LIMITED,Wind,,Large Scale,73789
Top Third Ventures Stove Programme CPA KE0005 – BURN Efficient Cookstoves for Kenya supported by Republic of Korea,Kenya,3668,ECOA Climate Capital,Energy Efficiency - Domestic,,Small Scale,25800
Top Third Ventures Stove Programme ,Kenya,3664,ECOA Climate Capital,Energy Efficiency - Domestic,,Small Scale,0
VPA 6 - GHG Emission Reduction through use of Bondhu Chula (Improved Cook Stoves) in Bangladesh,Bangladesh,3618,Bangladesh Bondhu Foundation,Energy Efficiency - Domestic,GS MS Simplified Methodology for Efficient Cookstoves v1.,Micro scale,9456
IOT Mabagas Limited power plant Pudhuchatram,India,3607,Carbonbay GmbH & Co. KG,Biogas - Electricity,AMS-III.AO. Methane recovery through controlled anaerobic digestion,Small Scale,22355
GS1239 Sichuan Rural Poor-Household Biogas Development Programme PoA- CPA Nb. SCHHBG-2014-087,China,3601,Chengdu Oasis Science & Technology Co. Ltd,Biogas - Heat,,Small Scale,10449
GS1239 Sichuan Rural Poor-Household Biogas Development Programme PoA- CPA Nb. SCHHBG-2014-086,China,3600,Chengdu Oasis Science & Technology Co. Ltd,Biogas - Heat,,Small Scale,10312
GS1239 Sichuan Rural Poor-Household Biogas Development Programme PoA- CPA Nb. SCHHBG-2014-085,China,3599,Chengdu Oasis Science & Technology Co. Ltd,Biogas - Heat,,Small Scale,10244
GS1385 Man and Man Enterprise Improved Cooking Stoves Programme in Ghana - VPA003,Ghana,3598,Man and Man Enterprise,Energy Efficiency - Domestic,AMS-II.G. Energy Efficiency Measures in Thermal Applications of Non-Renewable Biomass,Small Scale,312125
Clean Electric Cooking for Households in Malawi,Malawi,3597,atmosfair gGmbH,Energy Efficiency - Domestic,Methodology for Metered & Measured Energy Cooking Devices,Micro Scale,7588
BaumInvest Forest Landscape Restoration Programme,Costa Rica,3596,BaumInvest AG,A/R,Afforestation/Reforestation GHG Emissions Reduction & Sequestration Methodology,Large Scale,26000
GS10818 - Dissemination of Improved Cookstoves in India by Greenway - Dissemination of Improved Cookstoves in Karnataka by Greenway - VPA015,India,3595,Greenway Grameen Infra Private Limited,Energy Efficiency - Domestic,AMS-II.G. Energy Efficiency Measures in Thermal Applications of Non-Renewable Biomass,Small Scale,39126
GS10818 - Dissemination of Improved Cookstoves in India by Greenway - Dissemination of Improved Cookstoves in Karnataka by Greenway - VPA014,India,3594,Greenway Grameen Infra Private Limited,Energy Efficiency - Domestic,AMS-II.G. Energy Efficiency Measures in Thermal Applications of Non-Renewable Biomass,Small Scale,39126
GS10818 - Dissemination of Improved Cookstoves in India by Greenway - Dissemination of Improved Cookstoves in Karnataka by Greenway - VPA013,India,3593,Greenway Grameen Infra Private Limited,Energy Efficiency - Domestic,AMS-II.G. Energy Efficiency Measures in Thermal Applications of Non-Renewable Biomass,Small Scale,39126
GS1340 Efficient cookstoves in Burkina Faso - VPA-10 - tiipaalga F3PA cookstoves in Bam and Loroum,Burkina Faso,3524,Tiipaalga,Energy Efficiency - Domestic,,Micro Scale,8825
GS1340 Efficient cookstoves in Burkina Faso - VPA-09 - tiipaalga F3PA cookstoves in Bam and Loroum,Burkina Faso,3523,Tiipaalga,Energy Efficiency - Domestic,,Micro Scale,8817
GS10818 - Dissemination of Improved Cookstoves in India by Greenway - Dissemination of Improved Cookstoves in Karnataka by Greenway - VPA012,India,3592,Greenway Grameen Infra Private Limited,Energy Efficiency - Domestic,AMS-II.G. Energy Efficiency Measures in Thermal Applications of Non-Renewable Biomass,Small Scale,39126
GS10818 - Dissemination of Improved Cookstoves in India by Greenway - Dissemination of Improved Cookstoves in Karnataka by Greenway - VPA011,India,3591,Greenway Grameen Infra Private Limited,Energy Efficiency - Domestic,AMS-II.G. Energy Efficiency Measures in Thermal Applications of Non-Renewable Biomass,Small Scale,39126
GS10818 - Dissemination of Improved Cookstoves in India by Greenway - Dissemination of Improved Cookstoves in Karnataka by Greenway - VPA010,India,3590,Greenway Grameen Infra Private Limited,Energy Efficiency - Domestic,AMS-II.G. Energy Efficiency Measures in Thermal Applications of Non-Renewable Biomass,Small Scale,39126
GS10818 - Dissemination of Improved Cookstoves in India by Greenway - Dissemination of Improved Cookstoves in Karnataka by Greenway - VPA009,India,3589,Greenway Grameen Infra Private Limited,Energy Efficiency - Domestic,AMS-II.G. Energy Efficiency Measures in Thermal Applications of Non-Renewable Biomass,Small Scale,39126
GS11506 VPA1: Advanced Biomass Cooking Solutions by Biomassters in Rwanda,Rwanda,3588,FairClimateFund,Energy Efficiency - Domestic,Methodology for Metered & Measured Energy Cooking Devices,Micro Scale,9629
GS11450 - MicroEnergy Credits – Microfinance for Clean Energy Product Lines – India - CPA 33 - GS11490,India,3567,MicroEnergy Credits,Energy Efficiency - Domestic,AMS-I.A. Electricity generation by the user,Small Scale,526580
GS11450 - MicroEnergy Credits – Microfinance for Clean Energy Product Lines – India - CPA 14 - GS11484,India,3564,MicroEnergy Credits,Energy Efficiency - Domestic,AMS-I.A. Electricity generation by the user,Small Scale,483028
GS11450 - MicroEnergy Credits – Microfinance for Clean Energy Product Lines – India - CPA 13 - GS11483,India,3563,MicroEnergy Credits,Energy Efficiency - Domestic,AMS-I.A. Electricity generation by the user,Small Scale,490909
GS11450 - MicroEnergy Credits – Microfinance for Clean Energy Product Lines – India - CPA 11 - GS11481,India,3561,MicroEnergy Credits,Energy Efficiency - Domestic,GS TPDDTEC v3.1,Small Scale,108396
GS11450 - MicroEnergy Credits – Microfinance for Clean Energy Product Lines – India - CPA 10 - GS11480,India,3560,MicroEnergy Credits,Energy Efficiency - Domestic,AMS-I.A. Electricity generation by the user,Small Scale,111265
VPA 5 - GHG Emission Reduction through use of Bondhu Chula (Improved Cook Stoves) in Bangladesh,Bangladesh,3620,Bangladesh Bondhu Foundation,Energy Efficiency - Domestic,GS MS Simplified Methodology for Efficient Cookstoves v1.,Micro scale,9423
VPA 4 - GHG Emission Reduction through use of Bondhu Chula (Improved Cook Stoves) in Bangladesh,Bangladesh,3619,Bangladesh Bondhu Foundation,Energy Efficiency - Domestic,GS MS Simplified Methodology for Efficient Cookstoves v1.,Micro scale,9589
GS11450 - MicroEnergy Credits – Microfinance for Clean Energy Product Lines – India - CPA 02 - GS11474,India,3547,MicroEnergy Credits,Energy Efficiency - Domestic,AMS-I.A. Electricity generation by the user,Small Scale,58984
GS1340 Efficient cookstoves in Burkina Faso - VPA-07 - tiipaalga F3PA cookstoves in Bam and Loroum,Burkina Faso,3521,Tiipaalga,Energy Efficiency - Domestic,,Micro Scale,8825
GS1340 Efficient cookstoves in Burkina Faso - VPA-06 - tiipaalga F3PA cookstoves in Bam and Loroum,Burkina Faso,3520,Tiipaalga,Energy Efficiency - Domestic,,Micro Scale,8825
GS1340 Efficient cookstoves in Burkina Faso - VPA-05 - tiipaalga F3PA cookstoves in Bam and Loroum,Burkina Faso,3519,Tiipaalga,Energy Efficiency - Domestic,,Micro Scale,8820
GS1340 Efficient cookstoves in Burkina Faso - VPA-04 - tiipaalga F3PA cookstoves in Bam and Loroum,Burkina Faso,3518,Tiipaalga,Energy Efficiency - Domestic,,Micro Scale,8821
GS1340 Efficient cookstoves in Burkina Faso - VPA-03 - tiipaalga F3PA cookstoves in Bam and Loroum,Burkina Faso,3517,Tiipaalga,Energy Efficiency - Domestic,,Micro Scale,8825
Yuntdag Wind Power Project Turkey,Turkey,352,Innores Elektrik Uretim A.S.,Wind,,Large Scale,135564
Hanbao Agricultural Renewable Energy Project,Taiwan,3515,Nanjitan Asset Management Ltd.,Other,AMS-I.D. Grid connected renewable electricity generation,Small Scale,11835
Nam Pha Gnai Hydropower Project,Lao People's Democratic Republic,3514,Swiss Carbon Assets Ltd.,"Small, Low - Impact Hydro",ACM0002 Grid-connected electricity generation from renewable sources,Large Scale,62184
49.5 MW Sachal Wind Power Project Jhampir,Pakistan,3511,Sachal Energy Development (Pvt) Limited,Wind,ACM0002 Grid-connected electricity generation from renewable sources,Large Scale,68695
ULUBORLU WPP,Turkey,3493,Fiba Yenilenebilir Enerji Holding A.Ş,Wind,ACM0002 Grid-connected electricity generation from renewable sources,Large Scale,140140
VPA 1: The MomCare Project,"Tanzania, United Republic of",3433,4Life Solutions ApS,Energy Efficiency - Domestic,Other,Small Scale,2665
Clean Cooking Programme for Biomass Gasification (PoA),Zambia,3544,Emerging Cooking Solutions Sweden AB,Energy Efficiency - Domestic,Methodology for Metered & Measured Energy Cooking Devices,Micro scale,0
Greenlandfill_Meknès,Morocco,3431,Suez Atlas,"Biomass, or Liquid Biofuel - Cogeneration",ACM0001 Flaring or use of landfill gas,Large Scale,64000
VPA 2 - GHG Emission Reduction through use of Bondhu Chula  (Improved Cook Stoves) in Bangladesh,Bangladesh,3482,Bangladesh Bondhu Foundation,Energy Efficiency - Domestic,GS MS Simplified Methodology for Efficient Cookstoves v1.,Micro scale,9886
GS1247 VPA 18 Improved Kitchen Regimes Bugesera Rwanda,Rwanda,3451,CO2balance UK ltd,Energy Efficiency - Domestic,GS TPDDTEC v 1.,Micro scale,7145
GS1247 VPA 17 Improved Kitchen Regimes Bugesera Rwanda,Rwanda,3450,CO2balance UK ltd,Energy Efficiency - Domestic,GS TPDDTEC v 1.,Micro scale,7145
GS1247 VPA 16 Improved Kitchen Regimes: Mwogo (Bugesera) Rwanda,Rwanda,3449,CO2balance UK ltd,Energy Efficiency - Domestic,GS TPDDTEC v 1.,Micro scale,7145
Tuzla 7.5 MW Geothermal Power Plant,Turkey,353,Tuzla Jeotermal Enerji A.S,Other,ACM0002 Grid-connected electricity generation from renewable sources,Small Scale,12097
*4.5 MW Biomass (low density Crop Residues) based Power Generation unit of Malavalli Power Plant Pvt Ltd. (300011),India,343,South Pole Ltd,"Biomass, or Liquid Biofuel - Electricity",AMS-I.D. Grid connected renewable electricity generation,Small Scale,20691
Installation of Household Biogas plants in various states of India,India,3448,GRENEITY INFOCOM SERVICE PRIVATE LIMITED,Biogas - Heat,AMS-I.E. Switch from Non-Renewable Biomass for Thermal Applications by the User,Small Scale,46657
Installation of Household Biogas plants in Punjab - 1,India,3447,GRENEITY INFOCOM SERVICE PRIVATE LIMITED,Biogas - Heat,AMS-I.E. Switch from Non-Renewable Biomass for Thermal Applications by the User,Small Scale,33000
"GS5658 VPA 41: Water is Life, Madagascar",Madagascar,3446,Madaprojects Srl SB,Biogas - Electricity,GS Water Access and WASH Methodology v1.,Micro Scale,10000
160MW Balaoi & Caunayan Wind Energy Project,Philippines,3444,BAYOG WIND POWER CORP,Wind,ACM0002 Grid-connected electricity generation from renewable sources,Large Scale,363894
Make Wells Live,Kenya,3443,WellBoring,Energy Efficiency - Domestic,GS Methodology for emission reductions from safe drinking water supply,Small Scale,58000
Nexif Energy Ben Tre Wind Power Project,Viet Nam,3434,Coral Future Pte. Ltd.,Other,ACM0002 Grid-connected electricity generation from renewable sources,Large Scale,230512
Solar systems for small businesses and households – CPA01,Nigeria,3429,Access to Energy gGmbH (A2EI),Other,AMS-I.A. Electricity generation by the user,Small Scale,60000
Saritepe Wind Power Plant,Turkey,3409,Life Iklim ve Enerji Ltd. Sti.,Wind,ACM0002 Grid-connected electricity generation from renewable sources,Large Scale,122720
Demirciler Wind Power Plant,Turkey,3410,Akfen Yenilenebilir Enerji A.S.,Wind,,Large Scale,50800
Bhesada Wind Power Project in Rajasthan,India,3422,Renew Power Synergy Private Limited,Wind,ACM0002 Grid-connected electricity generation from renewable sources,Large Scale,185075
Solar Water Heater Program in India - CPA-1,India,3407,Nuetech Solar Systems Private Limited,Solar Thermal - Electricity,,Small Scale,33236
Biodigestor Program in the State of Kerala by  INSEDA and SDA,India,3404,First Climate Markets AG,Biogas - Heat,AMS-I.E. Switch from Non-Renewable Biomass for Thermal Applications by the User,Small Scale,15180
Efficient Kitchens in India,India,3379,Climate Impact Partners Limited,Energy Efficiency - Domestic,,Large Scale,84502
Thuan Nhien Phong Wind Farm,Viet Nam,3372,Gaia Environment (S) Pte Ltd,Wind,ACM0002 Grid-connected electricity generation from renewable sources,Large Scale,85736
The Breathing Space Improved Cooking Stoves Programme India - VPA No. 09 Envirofit,India,3367,Envirofit International Ltd.,Energy Efficiency - Domestic,Not provided,Small Scale,17725
The Breathing Space Improved Cooking Stoves Programme India - VPA No. 08 Envirofit,India,3366,Envirofit International Ltd.,Energy Efficiency - Domestic,Not provided,Small Scale,21830
BOR BIOGAS-SOLAR HYBRID PROJECT,Turkey,3365,GTE KARBON SUSTAINABLE ENERJI EGITIM DANISMANLIK VE TICARET A.S.,Biogas - Electricity,,Large Scale,191916
GS10875 Namene Solar Lights Distribution Programme in Southern African Countries - Zimbabwe VPA 1 (GS 11343),Zimbabwe,3364,NAMENE CLIMATE INVESTMENT VEHICLE LIMITED,Other,AMS-III.AR. Substituting fossil fuel based lighting with LED lighting systems,Small Scale,42605
The Breathing Space Improved Cooking Stoves Programme India - VPA No. 05 Envirofit,India,3363,Envirofit International Ltd.,Energy Efficiency - Domestic,,Small Scale,15851
Soma III Wind Farm,Turkey,3253,Soma Enerji Elektrik Uretim AS,Wind,,Large Scale,155810
GS10959 VPA10 Safe Water Project in Bangladesh IV,Bangladesh,3108,Iceberg Environment Pte. Ltd.,Energy Efficiency - Domestic,,Small Scale,60000
GS10959 VPA09 Safe Water Project in Bangladesh III,Bangladesh,3107,Iceberg Environment Pte. Ltd.,Energy Efficiency - Domestic,,Small Scale,60000
GS10959 VPA08 Safe Water Project in Bangladesh II,Bangladesh,3106,Iceberg Environment Pte. Ltd.,Energy Efficiency - Domestic,,Small Scale,60000
GS1247 VPA 297 - Burkina Faso Safe Water,Burkina Faso,3080,CO2balance UK ltd,Energy Efficiency - Domestic,GS TPDDTEC v3.1,Micro scale,10000
GS1247 VPA 296 - Burkina Faso Safe Water,Burkina Faso,3079,CO2balance UK ltd,Energy Efficiency - Domestic,GS TPDDTEC v3.1,Micro scale,10000
"Fair Climate Programme for Sustainable Household Energy (PoA) - Fair Climate Programme: Bachat project - Odisha, India (VPA 1) ",India,3267,FairClimateFund,Energy Efficiency - Domestic,GS MS Simplified Methodology for Efficient Cookstoves v1.,Micro Scale,9795
GS1247 VPA 295 - Burkina Faso Safe Water,Burkina Faso,3078,CO2balance UK ltd,Energy Efficiency - Domestic,GS TPDDTEC v3.1,Micro scale,10000
GS1247 VPA 294 - Burkina Faso Safe Water,Burkina Faso,3077,CO2balance UK ltd,Energy Efficiency - Domestic,GS TPDDTEC v3.1,Micro scale,10000
GS1247 VPA 289 - Burkina Faso Safe Water,Burkina Faso,3072,CO2balance UK ltd,Energy Efficiency - Domestic,GS TPDDTEC v3.1,Micro scale,10000
GS1247 VPA 288 - Burkina Faso Safe Water,Burkina Faso,3071,CO2balance UK ltd,Energy Efficiency - Domestic,GS TPDDTEC v3.1,Micro Scale,10000
GS1247 VPA 272 - Togo Safe Water,Togo,3041,CO2balance UK ltd,Energy Efficiency - Domestic,GS TPDDTEC v3.1,Micro scale,10000
GS7591 VPA 44 India Community Safe Water Project,India,3024,CO2balance UK ltd,Energy Efficiency - Domestic,GS TPDDTEC v3.1,Small Scale,60000
GS7591 VPA 43 India Community Safe Water Project,India,3023,CO2balance UK ltd,Energy Efficiency - Domestic,GS TPDDTEC v3.1,Small Scale,60000
GS7591 VPA 38 Malawi Community Safe Water Project,Malawi,3018,CO2balance UK ltd,Energy Efficiency - Domestic,GS TPDDTEC v3.1,Small Scale,60000
Nam Ngan Hydropower project,Viet Nam,3016,Swiss Carbon Value Ltd.,"Small, Low - Impact Hydro",AMS-I.D. Grid connected renewable electricity generation,Small Scale,47927
Za Hung Hydropower Project,Viet Nam,3015,Vietnam Carbon Assets Ltd.,"Small, Low - Impact Hydro",ACM0002 Grid-connected electricity generation from renewable sources,Large Scale,74684
Song Chung Hydropower Project ,Viet Nam,3014,Swiss Carbon Assets Ltd.,"Small, Low - Impact Hydro",ACM0002 Grid-connected electricity generation from renewable sources,Large Scale,26337
"Up Energy Improved Cookstoves Programme, Uganda – CPA No 011",Uganda,2898,UpEnergy Group,Energy Efficiency - Domestic,,Small Scale,118953
"Up Energy Improved Cookstoves Programme, Uganda – CPA No 009",Uganda,2896,UpEnergy Group,Energy Efficiency - Domestic,,Small Scale,118593
"Up Energy Improved Cookstoves Programme, Uganda – CPA No 008",Uganda,2895,UpEnergy Group,Energy Efficiency - Domestic,,Small Scale,118953
"Up Energy Improved Cookstoves Programme, Uganda – CPA No 007",Uganda,2894,UpEnergy Group,Energy Efficiency - Domestic,,Small Scale,118953
"Up Energy Improved Cookstoves Programme, Uganda – CPA No 006",Uganda,2893,UpEnergy Group,Energy Efficiency - Domestic,,Small Scale,118953
"Up Energy Improved Cookstoves Programme, Uganda – CPA No 005",Uganda,2892,UpEnergy Group,Energy Efficiency - Domestic,,Small Scale,118953
"Up Energy Improved Cookstoves Programme, Uganda – CPA No 003",Uganda,2891,UpEnergy Group,Energy Efficiency - Domestic,,Small Scale,44980
Avoidance of Methane Emissions at Organic Compost Soil Amendment Facility,United States,2772,GEC Organics,Other,ACM0010 GHG emission reductions from manure management systems,Large scale,201712
Biogas Support Program – Nepal (BSP-Nepal) Activity-1,Nepal,2767,Alternative Energy Promotion Centre,Biogas - Heat,AMS-I.E. Switch from Non-Renewable Biomass for Thermal Applications by the User,Small Scale,35607
Grid-connected Solar PV project in Kael,Senegal,2766,AERA Group,PV,,Large Scale,34194
GS10959 VPA07 Safe Water Project in Bangladesh I,Bangladesh,3105,Iceberg Environment Pte. Ltd.,Energy Efficiency - Domestic,,Small Scale,60000
Grid-connected Solar PV project in Kahone,Senegal,2765,AERA Group,PV,,Large Scale,43406
GS5658 VPA 25: Promoting energy efficiency & clean cooking in Pemba,Mozambique,2763,Carbonsink (Carbonsink Group S.r.l.),Energy Efficiency - Domestic,,Micro Scale,10000
SÜTAŞ BINGOL BIOGAS PLANT,Turkey,2744,GTE KARBON SUSTAINABLE ENERJI EGITIM DANISMANLIK VE TICARET A.S.,Biogas - Electricity,Not provided,Large Scale,65000
 GS1340 Efficient cookstoves in Burkina Faso - VPA-15 - Improved Cookstove F3PA project in Nahouri,Burkina Faso,2736,Tiipaalga,Energy Efficiency - Domestic,GS MS Simplified Methodology for Efficient Cookstoves v1.,Micro Scale,9599
GS1340 Efficient cookstoves in Burkina Faso - VPA-14 - Improved Cookstove F3PA project in Nahouri ,Burkina Faso,2735,Tiipaalga,Energy Efficiency - Domestic,GS MS Simplified Methodology for Efficient Cookstoves v1.,Micro Scale,9599
Fuel efficient stoves for Ethiopia Programme of Activities CPA 001,Ethiopia,2722,atmosfair gGmbH,Energy Efficiency - Domestic,AMS-II.G. Energy Efficiency Measures in Thermal Applications of Non-Renewable Biomass,Small Scale,43097
GS1354 Vietnam Small Hydro PoA - Ta Trach Hydropower Project,Viet Nam,2715,South Pole Ltd,"Small, Low - Impact Hydro",ACM0002 Grid-connected electricity generation from renewable sources,Large Scale,45394
GS1354 Vietnam Small Hydro PoA - Song Mien 5A Hydropower Project,Viet Nam,2714,South Pole Ltd,Other,ACM0002 Grid-connected electricity generation from renewable sources,Large Scale,16342
GS1354 Vietnam Small Hydro PoA - Nam Chim 1A Hydropower Project,Viet Nam,2713,South Pole Ltd,Other,ACM0002 Grid-connected electricity generation from renewable sources,Large Scale,18893
GS1354 Vietnam Small Hydro PoA - Krong No 3 Hydropower Project,Viet Nam,2712,South Pole Ltd,Other,ACM0002 Grid-connected electricity generation from renewable sources,Large Scale,31850
GS1354 Vietnam Small Hydro PoA - Krong No 2 Hydropower Project,Viet Nam,2711,South Pole Ltd,"Small, Low - Impact Hydro",ACM0002 Grid-connected electricity generation from renewable sources,Large Scale,58448
Nam Long Hydropower Project,Lao People's Democratic Republic,2707,Climate Bridge (Shanghai) Ltd.,"Small, Low - Impact Hydro",AMS-I.D. Grid connected renewable electricity generation,Small Scale,20864
GS1247 VPA 254 Kaliro Safe Water,Uganda,2691,CO2balance UK ltd,Energy Efficiency - Domestic,GS TPDDTEC v3.1,Microscale,10000
GS1247 VPA 251 Kaliro Safe Water,Uganda,2688,CO2balance UK ltd,Energy Efficiency - Domestic,GS TPDDTEC v3.1,Microscale,10000
GS1247 VPA 250 Kaliro Safe Water,Uganda,2687,CO2balance UK ltd,Energy Efficiency - Domestic,GS TPDDTEC v3.1,Microscale,10000
GS1247 VPA 249 Kaliro Safe Water,Uganda,2686,CO2balance UK ltd,Energy Efficiency - Domestic,GS TPDDTEC v3.1,Microscale,10000
GS1247 VPA 248 Kaliro Safe Water,Uganda,2685,CO2balance UK ltd,Energy Efficiency - Domestic,GS TPDDTEC v3.1,Microscale,10000
GS1247 VPA 247 Kaliro Safe Water,Uganda,2684,CO2balance UK ltd,Energy Efficiency - Domestic,,Micro Scale,10000
GS1247 VPA 246 Kaliro Safe Water,Uganda,2683,CO2balance UK ltd,Energy Efficiency - Domestic,,Micro Scale,10000
Kavakli Wind Power Plant,Turkey,2682,Briza Ruzgar Elektrik Uretim San.ve Tic. A.S.,Wind,ACM0002 Grid-connected electricity generation from renewable sources,Large Scale,98000
GS1247 VPA 242 Manicaland Safe Water,Zimbabwe,2665,CO2balance UK ltd,Energy Efficiency - Domestic,GS TPDDTEC v 1.,Microscale,10000
GS1247 VPA 241 Manicaland Safe Water,Zimbabwe,2664,CO2balance UK ltd,Energy Efficiency - Domestic,GS TPDDTEC v 1.,Microscale,10000
*EECOPALSA biogas capture & utilization,Honduras,344,EECOPALSA,Biogas - Electricity,AMS-I.D. Grid connected renewable electricity generation,Small Scale,27615
ANTALYA Solar Power Plant,Turkey,2644,GTE KARBON SUSTAINABLE ENERJI EGITIM DANISMANLIK VE TICARET A.S.,Solar Thermal - Electricity,ACM0002 Grid-connected electricity generation from renewable sources,Large Scale,27000
"24 MW Wind Energy based Power Generation In Theni, Tamil Nadu",India,2641,Green Infra Wind Energy Limited,Other,ACM0002 Grid-connected electricity generation from renewable sources,Large Scale,48089
15 MW wind power project by Green Infra Wind Energy Assets Ltd,India,2640,Sembcorp Green Infra Private Limited,Wind,AMS-I.D. Grid connected renewable electricity generation,Small Scale,31500
75 MW Neo Solar Power Project ,India,2596,Kosher Climate India Pvt Ltd.,Solar Thermal - Electricity,,Large Scale,132328
Akyel-2 WPP,Turkey,2588,Sanko Enerji Sanayi ve Ticaret A.Ş.,Wind,,Small Scale,23901
Güney-1 WPP,Turkey,2587,Sanko Enerji Sanayi ve Ticaret A.Ş.,Wind,,Large Scale,158803
Akyel-1 WPP,Turkey,2585,Sanko Enerji Sanayi ve Ticaret A.Ş.,Wind,,Large Scale,92286
West Bakr Wind Farm Project,Egypt,2584,First Climate Markets GmbH,Wind,,Large Scale,531674
IBB Seymen Landfill Gas to Energy Project,Turkey,2583,İSTANBUL ENERJİ SANAYİ VE TİCARET A.Ş,Biogas - Electricity,,Large Scale,564071
Parque de los Llanos umbrella project,Argentina,2582,Empresa Federal de Energia S.A.,Solar Thermal - Electricity,ACM0002 Grid-connected electricity generation from renewable sources,Large Scale,21578
Halilbeyli Biogas Plant,Turkey,2581,Life Iklim ve Enerji Ltd. Sti.,Biogas - Electricity,GS Revised Methodology for Manure Management Systems and MSW v1.,Small Scale,128341
ÇAMINBAŞI WPP,Turkey,2580,GTE KARBON SUSTAINABLE ENERJI EGITIM DANISMANLIK VE TICARET A.S.,Wind,ACM0002 Grid-connected electricity generation from renewable sources,Large Scale,61253
Kuyulukoyak WIND POWER PLANT ,Turkey,2579,GTE KARBON SUSTAINABLE ENERJI EGITIM DANISMANLIK VE TICARET A.S.,Wind,,Large Scale,28910
Kartal Wind Power Project,Turkey,2578,Life Iklim ve Enerji Ltd. Sti.,Wind,ACM0002 Grid-connected electricity generation from renewable sources,Large Scale,79388
GS5304 MKOPA Solar Lighting Programme of Activities - Kenya VPA 6 by Natural Capital Partners by Natural Capital Partners ,Kenya,2577,Climate Impact Partners Limited,Other,AMS-III.AR. Substituting fossil fuel based lighting with LED lighting systems,Small Scale,42000
GS5304 MKOPA Solar Lighting Programme of Activities - Kenya VPA 5 by Natural Capital Partners,Kenya,2576,Climate Impact Partners Limited,Solar Thermal - Electricity,AMS-III.AR. Substituting fossil fuel based lighting with LED lighting systems,Small Scale,42000
GS1239 Sichuan Rural Poor-Household Biogas Development Programme PoA- CPA Nb. SCHHBG-2013-063,China,2575,Chengdu Oasis Science & Technology Co. Ltd,Biogas - Heat,,Small Scale,10244
GS1239 Sichuan Rural Poor-Household Biogas Development Programme PoA- CPA Nb. SCHHBG-2013-062,China,2574,Chengdu Oasis Science & Technology Co. Ltd,Biogas - Heat,,Small Scale,10244
GS1239 Sichuan Rural Poor-Household Biogas Development Programme PoA- CPA Nb. SCHHBG-2013-061,China,2573,Chengdu Oasis Science & Technology Co. Ltd,Biogas - Heat,,Small Scale,10244
"250 MW Solar PV Plant at Bhainsada, Rajasthan",India,2572,Infinite Environmental Solutions Limited,Solar Thermal - Electricity,ACM0002 Grid-connected electricity generation from renewable sources,Large Scale,410318
"300 MW Solar PV Plant at Bhadla, Rajasthan",India,2571,CLEAN SOLAR POWER (BHADLA) PRIVATE LIMITED,Solar Thermal - Electricity,,Large Scale,693327
330 MW Solar Power project in Rajasthan by SB Energy,India,2570,Adani Green Energy Limited,Solar Thermal - Electricity,ACM0002 Grid-connected electricity generation from renewable sources,Large Scale,649943
180 MW Renewable Energy Project by Greenko Group ,India,2569,Orange Renewable Power Pvt Ltd,Solar Thermal - Electricity,ACM0002 Grid-connected electricity generation from renewable sources,Large Scale,331749
Wind Power Project by SBESS Wind in Madhya Pradesh,India,2568,Adani Green Energy Limited,Wind,ACM0002 Grid-connected electricity generation from renewable sources,Large Scale,826791
250 MW Solar Power project at Kadapa by SB Energy,India,2567,SB Energy Private limited,Solar Thermal - Electricity,ACM0002 Grid-connected electricity generation from renewable sources,Large scale,492382
300 MW Solar PV Plant by SBSR Power Cleantech in Rajasthan,India,2566,Adani Green Energy Limited,Solar Thermal - Electricity,ACM0002 Grid-connected electricity generation from renewable sources,Large Scale,590858
600 MW Solar PV Plant by SB Energy in Rajasthan,India,2564,SB Energy Private limited,Solar Thermal - Electricity,ACM0002 Grid-connected electricity generation from renewable sources,Large scale,1164137
"200 MW Solar Power project by SB Energy at Pavagada, Karnataka",India,2563,SB Energy Private limited,Solar Thermal - Electricity,ACM0002 Grid-connected electricity generation from renewable sources,Large scale,393905
GS1366 VPA 44 Coastal Kenya Borehole Rehabilitation Project,Kenya,2553,CO2balance UK ltd,Energy Efficiency - Domestic,GS TPDDTEC v 1.,Microscale,10000
KronoClimate,Russian Federation,638,Krono Holding AG,"Biomass, or Liquid Biofuel - Heat",AM0036 Fuel switch from fossil fuels to biomass residues in heat generation equipment,Large scale,459300
GS1366 VPA 37 Coastal Kenya Borehole Rehabilitation Project,Kenya,2546,CO2balance UK ltd,Energy Efficiency - Domestic,GS TPDDTEC v 1.,Microscale,10000
GS1366 VPA 36 Coastal Kenya Borehole Rehabilitation Project,Kenya,2545,CO2balance UK ltd,Energy Efficiency - Domestic,GS TPDDTEC v 1.,Microscale,10000
GS1366 VPA 35 Coastal Kenya Borehole Rehabilitation Project,Kenya,2544,CO2balance UK ltd,Energy Efficiency - Domestic,GS TPDDTEC v 1.,Microscale,10000
GS1366 VPA 33 Coastal Kenya Borehole Rehabilitation Project,Kenya,2542,CO2balance UK ltd,Energy Efficiency - Domestic,GS TPDDTEC v 1.,Microscale,10000
GS1366 VPA 31 Coastal Kenya Borehole Rehabilitation Project,Kenya,2540,CO2balance UK ltd,Energy Efficiency - Domestic,GS TPDDTEC v 1.,Microscale,10000
GS1366 VPA 30 Coastal Kenya Borehole Rehabilitation Project,Kenya,2539,CO2balance UK ltd,Energy Efficiency - Domestic,GS TPDDTEC v 1.,Microscale,10000
Avoided methane emission through aerobic composting at Vietstar municipal solid waste treatment facility,Viet Nam,2525,South Pole Ltd,Other,Not provided,Large Scale,181492
Kurtkayasi Wind Power Plant,Turkey,2497,Are Elektrik Uretim Ticaret ve Sanayi Limited Sirketi,Wind,ACM0002 Grid-connected electricity generation from renewable sources,Large Scale,65664
GS1205 Sustainable Energy for Development PoA VPA 3: Improved Cook Stove Project in Brazzaville,Congo,2514,Deactivated Projects,Energy Efficiency - Domestic,GS TPDDTEC v 2.,Micro Scale,5302
Xe Namnoy 2 - Xe Katam 1 Hydropower project,Lao People's Democratic Republic,2510,Swiss Carbon Assets Ltd.,"Small, Low - Impact Hydro",AMS-I.D. Grid connected renewable electricity generation,Small Scale,46438
National Bio Energy Changtu Biomass Power Plant,China,2503,Beijing Fangzhou Jiaye Technology Co ltd,"Biomass, or Liquid Biofuel - Electricity",AMS-I.D. Grid connected renewable electricity generation,Small Scale,69034
National Bio Energy Tongliao Biomass Power Plant,China,2502,Beijing Fangzhou Jiaye Technology Co ltd,"Biomass, or Liquid Biofuel - Electricity",AMS-I.D. Grid connected renewable electricity generation,Small Scale,71000
Improved Cookstoves Project Activity in Honduras Vida Mejor con Ecofogones de Alto Rendimiento CPA No 001,Honduras,2500,Envirofit International Ltd.,Energy Efficiency - Domestic,AMS-II.G. Energy Efficiency Measures in Thermal Applications of Non-Renewable Biomass,Small Scale,42222
Gansu Jinchang Magang and Huangmaopo Bundled Wind Power Project,China,2499,Climate Bridge (Shanghai) Ltd.,Wind,ACM0002 Grid-connected electricity generation from renewable sources,Large Scale,175000
Xenamnoy 6 Hydropower Project,Lao People's Democratic Republic,2490,South Pole Ltd SCV,"Small, Low - Impact Hydro",AMS-I.D. Grid connected renewable electricity generation,Small Scale,15107
Akbuk Wind Power Plant,Turkey,2464,Suay Enerji Sanayi ve Ticaret A.S.,Wind,ACM0002 Grid-connected electricity generation from renewable sources,Small Scale,42691
Yahyali Wind Power Plant,Turkey,3512,SE Santral Elektrik Uretim Sanayi ve Ticaret Anonim Sirketi,Wind,ACM0002 Grid-connected electricity generation from renewable sources,Large Scale,90896
International Lifeline Fund Uganda CPA1 (ILFUg01),Uganda,2518,Deactivated Projects,Energy Efficiency - Domestic,AMS-II.G. Energy Efficiency Measures in Thermal Applications of Non-Renewable Biomass,Small Scale,48647
Enercon Wind Farm (Hindustan) Ltd in Rajasthan,India,2483,Wind World (India) Limited,Wind,ACM0002 Grid-connected electricity generation from renewable sources,Large Scale,101047
GS1247 VPA 5 Alebtong District Borehole Project,Uganda,2481,CO2balance UK ltd,Energy Efficiency - Domestic,GS TPDDTEC v 1.,Micro Scale,10000
GS1247 VPA 4 Dokolo District Borehole Project,Uganda,2480,CO2balance UK ltd,Energy Efficiency - Domestic,,Micro Scale,10000
GS1247 VPA 3 Otuke District Borehole Project,Uganda,2479,CO2balance UK ltd,Energy Efficiency - Domestic,,Micro Scale,10000
Icdas Biga Wind Farm Project,Turkey,2475,İCDAS CELİK ENERJİ TERSANE VE ULASIM SANAYİ ANONİM SİRKETİ,Wind,ACM0002 Grid-connected electricity generation from renewable sources,Large Scale,90097
ORTAMANDIRA WPP,Turkey,2468,Fiba Yenilenebilir Enerji Holding A.Ş,Wind,ACM0002 Grid-connected electricity generation from renewable sources,Small Scale,22080
The CDQ Project in Tranvic Group,China,2460,Beijing Fangzhou Jiaye Technology Co ltd,Energy Efficiency - Industrial,ACM0012 Waste energy recovery,Large Scale,153428
Improved Jikos - Better Living for Rural Population,Kenya,2457,Fastenaktion,Energy Efficiency - Domestic,GS TPDDTEC v 1.,Large Scale,48441
GS2449 GS1265 African Biomass Energy Conservation PoA Rwanda Biomass Conservation (4),Rwanda,2449,Hestian Innovation,Energy Efficiency - Domestic,GS TPDDTEC v 1.,Small Scale,10000
GS2447 GS1265 African Biomass Energy Conservation PoA Malawi Biomass Conservation (5),Malawi,2447,Hestian Innovation,Energy Efficiency - Domestic,GS TPDDTEC v 1.,Small Scale,10000
GS2446 GS1265  African Biomass Energy Conservation PoA  Malawi Biomass Conservation (4),Malawi,2446,Hestian Innovation,Energy Efficiency - Domestic,GS TPDDTEC v 1.,Small Scale,10000
GS2445  GS1265  African Biomass Energy Conservation PoA  Malawi Biomass Conservation (3),Malawi,2445,Hestian Innovation,Energy Efficiency - Domestic,GS TPDDTEC v 1.,Small Scale,10000
"GS2444 ""GS1265"" African Biomass Energy Conservation PoA Malawi Biomass Conservation (2)",Malawi,2444,Hestian Innovation,Energy Efficiency - Domestic,GS TPDDTEC v 1.,Small Scale,10000
The WHR Project in Zhangzhou Kibing Glass Group Co. Ltd.,China,2442,Goldchina Consultancy International Co. Ltd,Energy Efficiency - Industrial,AMS-III.Q. Waste Energy Recovery (gas/heat/pressure) Projects,Small Scale,48378
GS1377 Utsil Naj - Casa saludable para todos VPA4,Mexico,2441,MICROSOL SAS,Energy Efficiency - Domestic,GS TPDDTEC v 1.,Large Scale,5900
GS1377 Utsil Naj - Casa saludable para todos VPA3,Honduras,2440,MICROSOL SAS,Energy Efficiency - Domestic,GS TPDDTEC v 1.,Large Scale,5989
GS1377 Utsil Naj - Casa saludable para todos VPA2,Guatemala,2439,MICROSOL SAS,Energy Efficiency - Domestic,GS TPDDTEC v 1.,Large Scale,8354
CPA # 4 Improved Cooking Stoves for Nigeria GS 2437,Nigeria,2437,atmosfair gGmbH,Energy Efficiency - Domestic,AMS-II.G. Energy Efficiency Measures in Thermal Applications of Non-Renewable Biomass,Small Scale,33660
MicroEnergy Credits - Mongolia - Microfinance for Clean Energy Product Lines VER Project - VPA No. 001: XacBank LLC,Mongolia,2435,MicroEnergy Credits,Energy Efficiency - Domestic,,Large Scale,49199
WWF Ningshan County High Efficient Cook Stove Project,China,2429,South Pole Ltd,Energy Efficiency - Domestic,AMS-II.G. Energy Efficiency Measures in Thermal Applications of Non-Renewable Biomass,Micro Scale,8692
GUNAYSE  HPP,Turkey,636,ARSIN Enerji,"Small, Low - Impact Hydro",AMS-I.D. Grid connected renewable electricity generation,Small Scale,21000
Biomass Power Generation Project by Everbright Alternative Energy (Dangshan) Limited,China,2420,China Everbright International Limited,"Biomass, or Liquid Biofuel - Electricity",ACM0018 Electricity generation from biomass residues in power-only plants,Large scale,162503
Project Karaha Unit 1 PT. Pertamina Geothermal Energy,Indonesia,2419,South Pole Ltd,Geothermal,ACM0002 Grid-connected electricity generation from renewable sources,Large Scale,156669
GRID CONNECTED BUNDLED WIND POWER PROJECT IN GUJARAT MANAGED BY ENERCON (INDIA) LIMITED,India,2405,Wind World (India) Limited,Wind,ACM0002 Grid-connected electricity generation from renewable sources,Large scale,26416
GS2398 - GS1265 - African Biomass Energy Conservation POA - Rwanda Biomass Conservation (3),Rwanda,2398,Hestian Innovation,Energy Efficiency - Domestic,GS TPDDTEC v 1.,Small Scale,10000
TerraClear Ceramic Water Purifier Project in Lao PDR,Lao People's Democratic Republic,2095,TerraClear Production Co. Ltd.,Energy Efficiency - Domestic,,Small Scale,33541
GS1729 Myanmar Stoves Campaign - SLOW LIFE in Myanmar - VPA No. 002,Myanmar,2394,Deactivated Projects,Energy Efficiency - Domestic,GS MS Simplified Methodology for Efficient Cookstoves v1.,Microscale,9705
GS2397 - GS1265 - African Biomass Energy Conservation POA - Rwanda Biomass Conservation (2),Rwanda,2397,Hestian Innovation,Energy Efficiency - Domestic,GS TPDDTEC v 1.,Small Scale,10000
The WHR Project in Zhuzhou Kibing Glass Group Co. Ltd.,China,2396,Goldchina Consultancy International Co. Ltd,Energy Efficiency - Industrial,AMS-III.Q. Waste Energy Recovery (gas/heat/pressure) Projects,Small Scale,35665
GS1354 Vietnam Small Hydro PoA - Thoong Cot 2 Hydropower Project,Viet Nam,2300,South Pole Ltd,"Small, Low - Impact Hydro",ACM0002 Grid-connected electricity generation from renewable sources,Small Scale,8012
Project Ulubelu Unit 3 - 4 PT. Pertamina Geothermal Energy,Indonesia,2297,South Pole Ltd,Geothermal,ACM0002 Grid-connected electricity generation from renewable sources,Large Scale,290892
Impact Carbon and myclimate Safe Water and Improved Cookstoves Global PoA - Uganda VPA,Uganda,2296,Impact Carbon,Energy Efficiency - Domestic,,Small Scale,473396
KALE HPP,Turkey,637,GTE KARBON SUSTAINABLE ENERJI  EGITIM DANISMANLIK VE TICARET A.S.,"Small, Low - Impact Hydro",ACM0002 Grid-connected electricity generation from renewable sources,Small Scale,25000
GS1299 India Organic Waste Management Programme-VPA01,India,2293,Iora Ecological Solutions Pvt. Ltd.,Biogas - Heat,AMS-I.E. Switch from Non-Renewable Biomass for Thermal Applications by the User,Small Scale,12859
Buenos Aires Renewable Energy Project,Brazil,2290,Sustainable Carbon - Projetos Ambientais LTDA,"Biomass, or Liquid Biofuel - Heat",AMS-I.E. Switch from Non-Renewable Biomass for Thermal Applications by the User,Small Scale,26179
GS1385 Man and Man Enterprise Improved Cooking Stoves Programme in Ghana - VPA001,Ghana,2094,Man and Man Enterprise,Energy Efficiency - Domestic,,Small Scale,73258
Nanyang Danjiang River Solar Cooker Project Phase II(Pre-cdm clone),China,2092,Sirreon Technology & Development (Beijing) Co.Ltd,Solar Thermal - Heat,AMS-I.C. Thermal energy production with or without electricity,Large scale,93962
Nanyang Danjiang River Solar Cooker Project Phase I (Pre-cdm clone),China,2091,Sirreon Technology & Development (Beijing) Co.Ltd,Solar Thermal - Heat,AMS-I.C. Thermal energy production with or without electricity,Large scale,90204
"Hifadhi-Livelihoods Improved Cookstove Project in Tharaka Nithi County, Kenya",Kenya,1890,Livelihoods Fund SICAV SIF,Energy Efficiency - Domestic,,Large Scale,223583
Namene Solar Light Company: Solar Lighting Project Zambia 1,Zambia,1745,NAMENE CLIMATE INVESTMENT VEHICLE LIMITED,Solar Thermal - Electricity,AMS-III.AR. Substituting fossil fuel based lighting with LED lighting systems,Small Scale,41869
"21 MW Wind energy farm at Palladam, TamilNadu by HZL",India,1744,Hindustan Zinc Limited,Wind,ACM0002 Grid-connected electricity generation from renewable sources,Large Scale,42131
"15 MW Wind energy farm at Gopalpura, Karnataka by HZL",India,1743,Hindustan Zinc Limited,Wind,AMS-I.D. Grid connected renewable electricity generation,Small Scale,32797
9 MW Wind Energy Farm at Jodhpur Rajasthan by HZL,India,1742,Hindustan Zinc Limited,Wind,,Small Scale,14846
27.3 MW Wind energy farm at Mokla Rajasthan by HZL,India,1741,Hindustan Zinc Limited,Wind,ACM0002 Grid-connected electricity generation from renewable sources,Large Scale,44067
Wind power project by HZL in Karnataka,India,1740,Hindustan Zinc Limited,Wind,,Large Scale,65555
"5.10 MW Wind Power Project by Shyam Metalics & Energy Limited in Maharashtra, India",India,1739,EKI Energy Services Limited,Wind,AMS-I.D. Grid connected renewable electricity generation,Small Scale,8416
Solar Water Pumps for salt farmers of Kutch,India,1738,Value Network Ventures Pte. Ltd.,Solar Thermal - Electricity,AMS-I.B. Mechanical energy for the user with or without electrical energy,Small Scale,4322
30 MW Wind Energy Project by Giriraj Enterprises,India,1737,Climera Carbon Private Limited,Wind,,Large Scale,73567
Energy efficiency improvement project leading to multiple sustainable development impacts.,Uganda,1736,Pacific Engineering Services Limited,Energy Efficiency - Domestic,AMS-II.G. Energy Efficiency Measures in Thermal Applications of Non-Renewable Biomass,Small Scale,39012
CTR Rosario Landfill Gas Project,Brazil,4425,VITAL ENGENHARIA AMBIENTAL S/A,Biogas - Electricity,ACM0001 Flaring or use of landfill gas,Large Scale,135636
Markham Valley A/R Project,Papua New Guinea,1735,PNG Biomass Limited,A/R,,Large Scale,21224
Adilabad biogas project,India,1734,MyPlanet,Biogas - Heat,,Large Scale,70352
Jabalpur biogas project ,India,1733,MyPlanet,Biogas - Heat,Other,Large Scale,70000
Bahawalpur Solar Power Plant Project,Pakistan,1732,Zorlu Enerji Pakistan Limited,Solar Thermal - Electricity,ACM0002 Grid-connected electricity generation from renewable sources,Large Scale,117373
GS5047 VPA20 African Improved Cookstoves and Clean Water Programme: Virunga Mountain Gorilla Cookstove Project Rubavu III,Rwanda,1731,Likano Project Development GmbH,Energy Efficiency - Domestic,Other,Micro Scale,9945
GS1239 Sichuan Rural Poor-Household Biogas Development Programme PoA- CPA Nb. SCHHBG-2012-038,China,1730,Chengdu Oasis Science & Technology Co Ltd,Biogas - Heat,AMS-I.C. Thermal energy production with or without electricity,Small Scale,9870
GS5047 VPA17 African Improved Cookstoves and Clean Water Programme: Virunga Mountain Gorilla Cookstove Project Burera VI,Rwanda,1728,Likano Project Development GmbH,Energy Efficiency - Domestic,Other,Micro Scale,9945
GS5047 VPA16 African Improved Cookstoves and Clean Water Programme: Virunga Mountain Gorilla Cookstove Project Burera V,Rwanda,1727,Likano Project Development GmbH,Energy Efficiency - Domestic,Other,Micro Scale,9945
GS5047 VPA15 African Improved Cookstoves and Clean Water Programme: Virunga Mountain Gorilla Cookstove Project Burera IV,Rwanda,1726,Likano Project Development GmbH,Energy Efficiency - Domestic,Other,Micro Scale,9945
Deactivated Projects,Rwanda,1725,Deactivated Projects,Energy Efficiency - Domestic,Other,Micro Scale,9945
GS5047 VPA13 African Improved Cookstoves and Clean Water Programme: Virunga Mountain Gorilla Cookstove Project Musanze VII,Rwanda,1724,Likano Project Development GmbH,Energy Efficiency - Domestic,Other,Micro Scale,9945
GS5047 VPA12 African Improved Cookstoves and Clean Water Programme: Virunga Mountain Gorilla Cookstove Project Musanze VI,Rwanda,1723,Likano Project Development GmbH,Energy Efficiency - Domestic,Other,Micro Scale,9945
GS5047 VPA11 African Improved Cookstoves and Clean Water Programme: Virunga Mountain Gorilla Cookstove Project Musanze V,Rwanda,1722,Likano Project Development GmbH,Energy Efficiency - Domestic,Other,Micro Scale,9945
SEKEM tree project ,Egypt,1721,SEKEM for Land Reclamation (SLR),A/R,,Micro Scale,5000
Sustainable cocoa plantation system (agroforestry) in East Nicaragua ,Nicaragua,1720,Ritter Sport Nicaragua S.A.,A/R,,Small Scale,11383
GS1239 Sichuan Rural Poor-Household Biogas Development Programme PoA- CPA Nb. SCHHBG-2012-028,China,1719,Chengdu Oasis Science & Technology Co Ltd,Biogas - Heat,AMS-I.C. Thermal energy production with or without electricity,Small Scale,10146
GS1239 Sichuan Rural Poor-Household Biogas Development Programme PoA- CPA Nb. SCHHBG-2012-027,China,1718,Chengdu Oasis Science & Technology Co Ltd,"Biomass, or Liquid Biofuel - Heat",AMS-I.C. Thermal energy production with or without electricity,Small Scale,9870
Sapdagi Wind Power Plant 55 MW,Turkey,1717,ENCEV Enerji,Wind,Other,Large scale,1000
ALASEHIR GEOTHERMAL POWER PLANT,Turkey,1716,ENCEV Enerji,Geothermal,Other,Large scale,10000
Pamukören Geothermal Energy Power Plant,Turkey,1715,ENCEV Enerji,Geothermal,Other,Large scale,1315000
CONSTANT COMMISSIONING - CPA-001,Philippines,1714,Do-Inc.,Energy Efficiency - Commercial Sector,Other,Small Scale,4521
Solar Lights and Solar Home Systems for Lesotho,Lesotho,1713,atmosfair gGmbH,Solar Thermal - Electricity,Other,Microscale,10000
EcoMakala Virunga Reforestation project ,"Congo, the Democratic Republic of the",1712,CO2logic,A/R,,Micro Scale,17000
GS1239 Sichuan Rural Poor-Household Biogas Development Programme PoA- CPA Nb. SCHHBG-2012-020,China,1711,Chengdu Oasis Science & Technology Co Ltd,Biogas - Heat,AMS-I.C. Thermal energy production with or without electricity,Small Scale,9870
CONSTANT COMMISSIONING,Philippines,1710,Do-Inc.,Energy Efficiency - Commercial Sector,Other,Small Scale,646
Ayranly  Hydroelectric Power Plant,Turkey,1709,ENCEV Enerji,"Small, Low - Impact Hydro",Other,Large scale,43500
Ekincik Weir and Hydroelectric Power Plant,Turkey,1708,ENCEV Enerji,"Small, Low - Impact Hydro",Other,Small Scale,21000
Bangna Starch Wastewater Treatment and Biogas Utilization Project (300084) (GS565 CER to VER conversion),Thailand,1707,South Pole Ltd,Biogas - Electricity,AMS-I.D. Grid connected renewable electricity generation,Small Scale,41701
Sichuan Rural Poor-Household Biogas Development Programme (GS1239 CER to VER conversion),China,1706,UPM Umwelt-Projekt-Management GmbH,Biogas - Heat,,Small Scale,800000
Solar thermal power plant by Godawari Green Energy Limited (GS3429 CER to VER conversion),India,1705,Godawari Green Energy Limited,Solar Thermal - Electricity,Other,Large scale,113160
Wind Energy Project in Gujarat (GS4426 CER to VER conversion),India,1704,Unknown Project Developer,Wind,Other,Large scale,101234
TIRE Wind Power Plant,Turkey,1703,ENCEV Enerji,Wind,Other,Large scale,0
Improved Cookstoves Project Activity in Honduras “Vida Mejor con Ecofogones de Alto Rendimiento” – CPA No 001 Pre-CDM VER,Honduras,1702,"Envirofit International, Ltd.",Energy Efficiency - Domestic,AMS-II.G. Energy Efficiency Measures in Thermal Applications of Non-Renewable Biomass,Small Scale,42222
"Sayan 14.896 MWe Small Scale Power Project, Turkey",Turkey,1701,Unknown Project Developer,"Small, Low - Impact Hydro",AMS-I.D. Grid connected renewable electricity generation,Small Scale,30000
Biomass Briquette Based Earth Stove Project,India,1700,Climate Impact Partners Limited,"Biomass, or Liquid Biofuel - Heat",Other,Micro scale,2997
GS1290: Native Clean Water Programme Central America: VPA (01) Honduras,Honduras,1588,"NATIVE, A PUBLIC BENEFIT CORPORATION",Energy Efficiency - Domestic,GS TPDDTEC v 1.,Micro Scale,10000
GS 1220 Ecological Stoves for Better Living - Micro Scale PoA - VPA2 Bolivia,Bolivia Plurinational State of,2421,myclimate Foundation,Energy Efficiency - Domestic,GS TPDDTEC v 2.,Microscale,7043
Wind power project by HZL in Gujarat.,India,1699,Hindustan Zinc Limited,Wind,ACM0002 Grid-connected electricity generation from renewable sources,Large Scale,164413
0.75 MW Kerala Wind Power Project,India,1698,MITCON Consultancy & Engineering Services Ltd.,Wind,Other,Microscale,1440
*SolarAid Microsolar Lanterns Project for Malawi,Malawi,1697,Unknown Project Developer,Solar Thermal - Electricity,Other,Microscale,2700
*Zengamina Mini Hydro Scheme- Zambia,Zambia,1696,Climate Impact Partners Limited,"Small, Low - Impact Hydro",,Micro Scale,4385
*Project White Hill,New Zealand,1695,Meridian Energy Ltd,Wind,Other,Large scale,130500
GS1239 Sichuan Rural Poor-Household Biogas Development Programme PoA- CPA Nb. SCHHBG-2012-003,China,1694,Chengdu Oasis Science & Technology Co Ltd,Biogas - Heat,,Small Scale,10146
Gokdag Wind Power Plant ,Turkey,1693,Sekans Danismanlik,Wind,Other,Small Scale,1
"REMONDIS Recycling CO2 Emissions Reductions from Glass Recycling, Germany",Germany,1692,REMONDIS Recycling Gmbh & Co. KG,Energy Efficiency - Industrial,AMS-III.AJ. Recovery and recycling of materials from solid wastes,Micro Scale,863
Biomass in Rajasthan - Electricity generation from mustard crop residues,India,1689,atmosfair gGmbH,"Biomass, or Liquid Biofuel - Electricity",AMS-I.D. Grid connected renewable electricity generation,Small Scale,35000
Carbon sequestration via afforestation in Siberian settlements,Russian Federation,1688,NGO Center for Environmental Innovation,A/R,,Micro Scale,439432
The Distributed PV Power Generation Micro-scale PoA in Taiwan,China,1383,Hopeful Carbon Offset,Solar Thermal - Electricity,AMS-I.D. Grid connected renewable electricity generation,Microscale,0
The Distributed PV Power Generation Micro-scale PoA in Taiwan(VPA01),China,1382,Hopeful Carbon Offset,Solar Thermal - Electricity,AMS-I.D. Grid connected renewable electricity generation,Microscale,771
Orb Energy Solar Program in India - VPA03,India,1374,Orb Energy Private Limited,Solar Thermal - Electricity,AMS-II.C. Demand-side energy efficiency activities for specific technologies,Small Scale,16339
Bangkok Kamphaeng Saen East: Landfill Gas to Electricity Project,Thailand,1371,Sindicatum Carbon Capital International Limited,Other,ACM0001 Flaring or use of landfill gas,Large scale,100500
Bangkok Kamphaeng Saen West: Landfill Gas to Electricity Project,Thailand,1370,Sindicatum Carbon Capital International Limited,Other,ACM0001 Flaring or use of landfill gas,Large scale,150718
Edincik Wind Power Plant,Turkey,1368,Edincik Enerji Uretim Anonim Sirketi,Wind,ACM0002 Grid-connected electricity generation from renewable sources,Large Scale,106435
Betulia Hydroelectric project,Honduras,1367,Renewable Energy Developers SA,"Small, Low - Impact Hydro",AMS-I.D. Grid connected renewable electricity generation,Small Scale,11445
GS1005 Qori Q'oncha - Improved cookstoves diffusion programme in Peru â€“ VPA3,Peru,1365,MICROSOL SAS,Energy Efficiency - Domestic,GS Methodology for Improved Cook stoves and Kitchen Regimes v1.,Large scale,21587
Geres Wind Power Project Turkey,Turkey,1364,Innores Elektrik Uretim A.S.,Wind,,Large Scale,73249
Aliaga Wind Power Project,Turkey,1363,Menderes Tekstil San. ve Tic. A.Åž.,Wind,,Small Scale,36858
GS1247 VPA 2 Improved Kitchen Regimes: Kole District Borehole Project Uganda,Uganda,1359,CO2balance UK ltd,Energy Efficiency - Domestic,,Micro Scale,952
CPA # 3 Improved Cooking Stoves for Nigeria GS 1353,Nigeria,1353,atmosfair gGmbH,Energy Efficiency - Domestic,AMS-II.G. Energy Efficiency Measures in Thermal Applications of Non-Renewable Biomass,Small Scale,11356
CPA # 2 Improved Cooking Stoves for Nigeria GS 1352,Nigeria,1352,atmosfair gGmbH,Energy Efficiency - Domestic,AMS-II.G. Energy Efficiency Measures in Thermal Applications of Non-Renewable Biomass,Small Scale,11290
InfraVest Taiwan Wind Farms Bundled Project 2012,Taiwan,1350,South Pole Ltd,Wind,ACM0002 Grid-connected electricity generation from renewable sources,Large Scale,126120
Dak Pone Hydropower Project,Viet Nam,1347,Vietnam Carbon Assets Ltd.,"Small, Low - Impact Hydro",ACM0002 Grid-connected electricity generation from renewable sources,Large Scale,57070
GS1265 - African Biomass Energy Conservation POA - Malawi Biomass Conservation - Dowa District,Malawi,1330,Hestian Innovation,Energy Efficiency - Domestic,GS TPDDTEC v 1.,Small Scale,10000
GS1265 - Rwanda Biomass Conservation - VPA (1) - African Biomass Energy Conservation POA,Rwanda,1329,Hestian Innovation,Energy Efficiency - Domestic,GS TPDDTEC v 1.,Small Scale,10000
Balabanli Wind Power Plant,Turkey,1322,BORUSAN ENBW ENERJI YATIRIMLARI VE ÜRETIM A.S.,Wind,,Large Scale,104843
Yalova Wind Power Plant Project,Turkey,1318,Aydem Yenilenebilir Enerji A.Ş.,Wind,,Large Scale,97049
GS1309 Low cost irrigation devices programme in India-VPA 06,India,1315,International Development Enterprises (India),Other,AMS-I.B. Mechanical energy for the user with or without electrical energy,Small Scale,12904
GS1309 Low cost irrigation devices programme in India-VPA 05,India,1314,International Development Enterprises (India),Other,AMS-I.B. Mechanical energy for the user with or without electrical energy,Small Scale,12437
GS1309 Low cost irrigation devices programme in India-VPA 04,India,1313,International Development Enterprises (India),Other,AMS-I.B. Mechanical energy for the user with or without electrical energy,Small Scale,11570
GS1309 Low cost irrigation devices programme in India-VPA 03,India,1312,International Development Enterprises (India),Other,AMS-I.B. Mechanical energy for the user with or without electrical energy,Small Scale,10300
GS1309 Low cost irrigation devices programme in India-VPA 02,India,1311,International Development Enterprises (India),Other,AMS-I.B. Mechanical energy for the user with or without electrical energy,Small Scale,10284
GS1309 Low cost irrigation devices programme in India-VPA 01,India,1310,International Development Enterprises (India),Other,AMS-I.B. Mechanical energy for the user with or without electrical energy,Small Scale,9005
India One Solar Thermal Power Project,India,1304,atmosfair gGmbH,Solar Thermal - Electricity,AMS-I.F. Renewable electricity generation for captive use and mini-grid,Microscale,5380
Karadere Wind Power Plant,Turkey,1303,Fiba Yenilenebilir Enerji Holding A.Ş,Wind,AMS-I.D. Grid connected renewable electricity generation,Small Scale,32000
Dissemination of TLUD improved cook stoves in the Sundarbans India,India,1296,atmosfair gGmbH,Energy Efficiency - Domestic,AMS-I.E. Switch from Non-Renewable Biomass for Thermal Applications by the User,Micro scale,10000
KIPRAH community based integrated waste management project Indonesia,Indonesia,1295,atmosfair gGmbH,Other,AMS-III.F. Avoidance of methane emissions through controlled biological treatment of biomass,Micro Scale,5000
Balsas Renewable Energy Project,Brazil,1291,Sustainable Carbon - Projetos Ambientais LTDA,"Biomass, or Liquid Biofuel - Heat",AMS-I.E. Switch from Non-Renewable Biomass for Thermal Applications by the User,Microscale,5688
Sichuan Rural Poor-Household Biogas Development Programme CPA Nb. SCHHBG-2010-01,China,1288,Chengdu Oasis Science & Technology Co. Ltd,"Biomass, or Liquid Biofuel - Heat",AMS-I.C. Thermal energy production with or without electricity,Small Scale,2278
Şenbük WPP Project,Turkey,1286,Yeni Belen Enerji Elektrik retim Sanayi ve Ticaret Anonim Sirketi,Wind,ACM0002 Grid-connected electricity generation from renewable sources,Large Scale,61311
GS1247 VPA 1 Improved Kitchen Regimes: Bugesera Rwanda,Rwanda,1267,CO2balance UK ltd,Energy Efficiency - Domestic,GS TPDDTEC v 1.,Micro scale,10000
Xinyang MSW Landfill Site LFG Recovery to Power Project,China,1253,Shanghai BCCY New Power Industry Co.Ltd.,Biogas - Electricity,,Small Scale,38943
Distribution of Energy Savings Lamps in Madagascar - Project 1,Madagascar,1334,myclimate Foundation,Energy Efficiency - Domestic,AMS-II.J. Demand-side activities for efficient lighting technologies,Micro scale,5229
GS2504 - Voluntary Gold Standard multi-country improved cookstove PoA - Oserian Flower Farm Offset Project 2 - Suswa 1,Kenya,1249,South Pole Ltd,Energy Efficiency - Domestic,GS TPDDTEC v 2.,Micro Scale,7447
GS2504 - Voluntary Gold Standard multi-country improved cookstove PoA - Oserian Flower Farm Offset Project 1 - Inkoirienito and Oltepesi,Kenya,1248,South Pole Ltd,Energy Efficiency - Domestic,GS TPDDTEC v 2.,Micro Scale,7109
Energy Efficiency measures in DMRC Phase II stations,India,1246,Delhi Metro Rail Corporation,Energy Efficiency - Public Sector,AMS-II.E. Energy efficiency and fuel switching measures for buildings,Microscale,7068
Production of thermal energy from renewable biomass at Melhoramentos Papeis Ltda (CMPC group),Brazil,1244,myclimate Foundation,"Biomass, or Liquid Biofuel - Heat",AMS-I.C. Thermal energy production with or without electricity,Small Scale,48554
Sadilli Wind Farm Project Turkey,Turkey,1237,Fiba Yenilenebilir Enerji Holding A.Ş,Wind,,Large Scale,72598
CANTA WPP,Turkey,1235,GTE KARBON SUSTAINABLE ENERJI EGITIM DANISMANLIK VE TICARET A.S.,Wind,,Large Scale,92000
CERIT 90 MW WPP,Turkey,1348,Pakmem Elektrik Üretim Sanayi ve Ticaret A.Ş,Wind,ACM0002 Grid-connected electricity generation from renewable sources,Large Scale,150000
The Breathing Space Improved Cooking Stoves Programme India - VPA No. 01 Envirofit,India,1231,Envirofit International Ltd.,Energy Efficiency - Domestic,AMS-II.G. Energy Efficiency Measures in Thermal Applications of Non-Renewable Biomass,Small Scale,27495
Ege Wind Farm Project,Turkey,1230,Meltem Enerji Elektrik Üretim A.Ş.,Wind,AMS-I.D. Grid connected renewable electricity generation,Small Scale,14642
Organic waste composting in Kathmandu Valley,Nepal,1229,myclimate Foundation,Other,AMS-III.F. Avoidance of methane emissions through controlled biological treatment of biomass,Micro Scale,2949
National Bachu Biomass Power Generation Project,China,1228,Swiss Carbon Value Ltd.,"Biomass, or Liquid Biofuel - Electricity",AMS-I.D. Grid connected renewable electricity generation,Small Scale,39037
SUTAS KARACABEY BIOGAS PLANT,Turkey,1223,GTE KARBON SUSTAINABLE ENERJI EGITIM DANISMANLIK VE TICARET A.S.,"Biomass, or Liquid Biofuel - Cogeneration",AMS-I.C. Thermal energy production with or without electricity,Small Scale,67739
GS 1220 Ecological Stoves for Better Living - Micro Scale PoA - VPA1 Bolivia,Bolivia Plurinational State of,1221,myclimate Foundation,Energy Efficiency - Domestic,GS TPDDTEC v 1.,Microscale,7623
CEMEL HYDRO BUNDLE,Turkey,1208,GTE KARBON SUSTAINABLE ENERJI EGITIM DANISMANLIK VE TICARET A.S.,"Small, Low - Impact Hydro",ACM0002 Grid-connected electricity generation from renewable sources,Large Scale,36451
SÜTAS AKSARAY BIOGAS PLANT,Turkey,1207,GTE KARBON SUSTAINABLE ENERJI EGITIM DANISMANLIK VE TICARET A.S.,"Biomass, or Liquid Biofuel - Cogeneration",AMS-I.C. Thermal energy production with or without electricity,Small Scale,54733
Micro Scale Biogas CDM Project of CROSS,India,1199,CROSS,Biogas - Heat,,Small Scale,16456
Smokeless Cook Stoves for Rural Districts of Nepal,Nepal,1191,Die Ofenmacher e.V.,Energy Efficiency - Domestic,,Micro Scale,7648
Hasanbeyli 50 MW WPP Turkey,Turkey,1190,Eksim Enerji Anonim Sirketi,Wind,,Large Scale,90585
Gunaydin WPP,Turkey,1178,Fiba Yenilenebilir Enerji Holding A.Ş,Wind,ACM0002 Grid-connected electricity generation from renewable sources,Small Scale,19154
Indonesia Domestic Biogas Programme of Activities (IDBP)  VPA-1,Indonesia,1174,PT BIRU KARBON NUSANTARA,Biogas - Heat,,Small Scale,55056
CAMLICA II HEPP,Turkey,1173,GTE KARBON SUSTAINABLE ENERJI EGITIM DANISMANLIK VE TICARET A.S.,"Small, Low - Impact Hydro",ACM0002 Grid-connected electricity generation from renewable sources,Large Scale,44145
Highveld Air Quality - eMbalenhle Project,South Africa,1167,Nova Institute,Energy Efficiency - Domestic,GS Alternative Ignition Coal Fires v1.,Microscale,4000
CPA # 1 Improved Cooking Stoves for Nigeria GS 1162,Nigeria,1162,atmosfair gGmbH,Energy Efficiency - Domestic,AMS-II.G. Energy Efficiency Measures in Thermal Applications of Non-Renewable Biomass,Small Scale,8912
The first phase of Anhua Rural household Biodigester Project,China,1161,B-road international investment Co. Ltd.,Biogas - Heat,GS TPDDTEC v 1.,Microscale,9439
Gonen Biogas Plant,Turkey,1160,GTE KARBON SUSTAINABLE ENERJI EGITIM DANISMANLIK VE TICARET A.S.,"Biomass, or Liquid Biofuel - Cogeneration",,Large Scale,62537
Expanding access to LPG in Burkina Faso through microfranchised distribution,Burkina Faso,1146,Entrepreneurs du Monde,Energy Efficiency - Domestic,GS TPDDTEC v 2.,Micro Scale,8877
Kangal Wind-Solar Hybrid Power Plant,Turkey,1138,Kangal Elektrik Enerji Üretim ve Ticaret A.Ş.,Wind,,Large Scale,224032
Aksu Wind Farm Project Turkey,Turkey,1134,Aksu Temiz Enerji Elekt. Uret. San. ve Tic. A. S.,Wind,ACM0002 Grid-connected electricity generation from renewable sources,Large Scale,125869
GS1127 SKG Sangha Biodigester PoA - Gulbarga Biodigester Project CPA1,India,1128,myclimate Foundation,Biogas - Heat,AMS-I.C. Thermal energy production with or without electricity,Small Scale,55206
78.2 MW Dinar Wind Power Project Turkey,Turkey,1109,Belen Elektrik Üretim A.Ş.,Wind,,Large Scale,111037
ÇAY WEIR AND HYDROELECTRIC POWER PLANT,Turkey,1105,ENCEV Enerji,"Small, Low - Impact Hydro",AMS-I.D. Grid connected renewable electricity generation,Small Scale,19497
Zhongshan County Micro Hydro Project Bundle No.6,China,1104,South Pole Ltd SCV,"Small, Low - Impact Hydro",AMS-I.D. Grid connected renewable electricity generation,Micro Scale,4065
Zhongshan County Micro Hydro Project Bundle No.5,China,1103,South Pole Ltd SCV,"Small, Low - Impact Hydro",AMS-I.D. Grid connected renewable electricity generation,Micro Scale,4506
Zhongshan County Micro Hydro Project Bundle No.3,China,1101,South Pole Ltd SCV,"Small, Low - Impact Hydro",AMS-I.D. Grid connected renewable electricity generation,Micro Scale,4423
Zhongshan County Micro Hydro Project Bundle No.2,China,1100,South Pole Ltd SCV,"Small, Low - Impact Hydro",AMS-I.D. Grid connected renewable electricity generation,Micro Scale,4482
Zhongshan County Micro Hydro Project Bundle No.1,China,1098,South Pole Ltd SCV,"Small, Low - Impact Hydro",AMS-I.D. Grid connected renewable electricity generation,Micro Scale,4607
WWF Mamize Firewood-Saving Cook Stove Project I,China,1094,South Pole Ltd,Energy Efficiency - Domestic,AMS-II.G. Energy Efficiency Measures in Thermal Applications of Non-Renewable Biomass,Micro Scale,3521
42 MW Amasya Wind Power Project,Turkey,1091,SEKANS ENERJI LIMITED ŞİRKETİ,Wind,ACM0002 Grid-connected electricity generation from renewable sources,Large Scale,90332
Biogas Program for the Animal Husbandry Sector of Vietnam,Viet Nam,1083,The Biogas Project Management Unit,Biogas - Heat,GS TPDDTEC v 1.,Large Scale,589125
Aqua Clara Water Filtration Program in Kenya,Kenya,1078,Climate Impact Partners Limited,Energy Efficiency - Domestic,GS TPDDTEC v 1.,Large Scale,181797
Santander and Las Tapias Renewable Energy Project,Colombia,1074,Sustainable Carbon - Projetos Ambientais LTDA,"Biomass, or Liquid Biofuel - Heat",GS SS Ecologically Sound Fuel Switch to Biomass v1.,Small Scale,18477
Pamukova Integrated Solid Waste Management Plant Project,Turkey,1073,HEKSAGON KATI ATIK YONETIMI SANAYI VE TICARET A.S.,"Biomass, or Liquid Biofuel - Cogeneration",,Large Scale,73563
Bares II Wind Power Plant Turkey ,Turkey,1072,Bilgin Güc Santralleri Enerji Üretim A.S,Wind,ACM0002 Grid-connected electricity generation from renewable sources,Large Scale,79728
Bursa-Hamitler Landfill Gas Collection and Energy Utilization Project,Turkey,1068,ITC Invest Trading & Consulting AG Ankara Branch,Other,ACM0001 Flaring or use of landfill gas,Large Scale,261180
Metristepe Wind Farm Project Turkey,Turkey,1067,SEKANS ENERJI LIMITED ŞİRKETİ,Wind,ACM0002 Grid-connected electricity generation from renewable sources,Large Scale,63392
Efficient Cookstoves for Cameroon's Littoral and South-West regions,Cameroon,1064,atmosfair gGmbH,Energy Efficiency - Domestic,AMS-II.G. Energy Efficiency Measures in Thermal Applications of Non-Renewable Biomass,Microscale,5000
Kayseri Molu Landfill Gas to Energy Project Turkey,Turkey,1061,her enerji ve çevre teknolojileri elektrik üretim anonim sirketi,Biogas - Electricity,ACM0001 Flaring or use of landfill gas,Small Scale,30153
Improved Cook Stoves programme for Rwanda,Rwanda,1060,atmosfair gGmbH,Energy Efficiency - Domestic,AMS-II.G. Energy Efficiency Measures in Thermal Applications of Non-Renewable Biomass,Small Scale,60771
GS1005 Qori Q'oncha - Improved cookstoves diffusion programme in Peru - VPA2,Peru,1049,MICROSOL SAS,Energy Efficiency - Domestic,GS Methodology for Improved Cook stoves and Kitchen Regimes v1.,Large Scale,51210
MicroEnergy Credits XacBank Microfinance for Home Insulation,Mongolia,1048,MicroEnergy Credits,Energy Efficiency - Domestic,AMS-II.E. Energy efficiency and fuel switching measures for buildings,Microscale,4995
GS VER UpEnergy's Uganda Biomass Cookstove Project,Uganda,1044,UpEnergy Group,Energy Efficiency - Domestic,GS TPDDTEC v 1.,Large Scale,119845
Ceará Renewable Energy Bundled Project,Brazil,1042,Sustainable Carbon - Projetos Ambientais LTDA,"Biomass, or Liquid Biofuel - Heat",Not provided,Small Scale,36173
Ferrosilicon waste heat power generation project,China,1041,Swiss Carbon Assets Ltd.,Energy Efficiency - Industrial,ACM0012 Waste energy recovery,Large Scale,145368
Highveld Air Quality - Standerton project,South Africa,1040,Nova Institute,Energy Efficiency - Domestic,GS Alternative Ignition Coal Fires v1.,Microscale,4000
Maluti Air Quality Project - West,South Africa,1039,Nova Institute,Energy Efficiency - Domestic,GS Alternative Ignition Coal Fires v1.,Microscale,4000
Highveld Air Quality - Maluti East,South Africa,1038,Nova Institute,Energy Efficiency - Domestic,AMS-II.C. Demand-side energy efficiency activities for specific technologies,Microscale,4000
Dagpazari Wind Power Plant,Turkey,1034,Enerjisa Enerji Uretim A.S.,Wind,,Large Scale,66814
Xuyong household biogas Gold Standard VER Project,China,1033,Chengdu Oasis Science & Technology Co Ltd,Biogas - Heat,GS Baseline and Monitoring Methodology Biodigester v1.,Micro scale,4499
The Breathing Space Improved Cooking Stoves Programme India - VPA No. 04 Envirofit,India,1031,Envirofit International Ltd.,Energy Efficiency - Domestic,AMS-II.G. Energy Efficiency Measures in Thermal Applications of Non-Renewable Biomass,Small Scale,40842
The Breathing Space Improved Cooking Stoves Programme India - VPA No. 03 Envirofit,India,1030,Envirofit International Ltd.,Energy Efficiency - Domestic,AMS-II.G. Energy Efficiency Measures in Thermal Applications of Non-Renewable Biomass,Small Scale,39243
The Breathing Space Improved Cooking Stoves Programme India - VPA No. 02 Envirofit,India,1029,Envirofit International Ltd.,Energy Efficiency - Domestic,AMS-II.G. Energy Efficiency Measures in Thermal Applications of Non-Renewable Biomass,Small Scale,38274
Efficient Cookstoves in Bahia II - Santo Amaro,Brazil,1028,Instituto Perene,Energy Efficiency - Domestic,GS MS Simplified Methodology for Efficient Cookstoves v1.,Micro scale,4700
SARPINCIK WPP,Turkey,1055,GTE KARBON SUSTAINABLE ENERJI EGITIM DANISMANLIK VE TICARET A.S.,Wind,ACM0002 Grid-connected electricity generation from renewable sources,Large Scale,62279
Demircili WPP,Turkey,1054,GTE KARBON SUSTAINABLE ENERJI EGITIM DANISMANLIK VE TICARET A.S.,Wind,,Large Scale,86723
Maluti Air Quality Project - South,South Africa,1027,Nova Institute,Energy Efficiency - Domestic,AMS-II.C. Demand-side energy efficiency activities for specific technologies,Microscale,4000
Improved Woodstoves in Udaipur - Helping Women and Environment,India,1021,Udaipur Urja Initiatives,Energy Efficiency - Domestic,AMS-II.G. Energy Efficiency Measures in Thermal Applications of Non-Renewable Biomass,Small Scale,41440
Production and dissemination of Ceramic Water Purifiers by Hydrologic in the Kingdom of Cambodia,Cambodia,1020,Hydrologic Social Enterprise Company Ltd,Energy Efficiency - Domestic,,Small Scale,18585
Korkmaz Wind Farm Project Turkey,Turkey,1018,Ayen Enerji A. S.,Wind,ACM0002 Grid-connected electricity generation from renewable sources,Large Scale,44715
Mordogan Wind Farm Project Turkey,Turkey,1017,Ayen Enerji A. S.,Wind,ACM0002 Grid-connected electricity generation from renewable sources,Large Scale,52827
Konya Aslim Landfill Gas Management Project - Turkey,Turkey,1016,ITC Invest Trading & Consulting AG Ankara Branch,Other,ACM0001 Flaring or use of landfill gas,Small Scale,150000
Ramanagara Biogas Project version 02; 10th November 2010,India,1015,Infosys,Biogas - Heat,AMS-I.E. Switch from Non-Renewable Biomass for Thermal Applications by the User,Small Scale,46564
Kocaeli Landfill Gas to Electricity Project,Turkey,1013,Yeşil Global Enerji A.S,Other,ACM0001 Flaring or use of landfill gas,Large Scale,100000
YGF Mangshi Household Biogas Tank Project,China,1011,Yunnan Green Environment Development Foundation,Biogas - Heat,GS TPDDTEC v 1.,Micro scale,4000
Highveld Air Quality - Highveld Central Project,South Africa,1006,QK TS Pvt. Ltd.,Energy Efficiency - Domestic,GS Alternative Ignition Coal Fires v1.,Microscale,8000
Degirmen Weir and Hydroelectric Power Plant,Turkey,1003,Sekans Danışmanlık,"Small, Low - Impact Hydro",AMS-I.D. Grid connected renewable electricity generation,Small Scale,12393
InfraVest Taiwan Wind Farms Bundled Project 2011 - Taiwan,Taiwan,1001,South Pole Ltd,Other,ACM0002 Grid-connected electricity generation from renewable sources,Large Scale,264960
Darfur Efficient Cook-stove Project,Sudan,1554,Carbon Clear,Energy Efficiency - Domestic,GS Methodology for Improved Cook stoves and Kitchen Regimes v1.,Small Scale,33994
GS1247 VPA 183 Lango Safe Water Project,Uganda,1555,CO2balance UK ltd,Energy Efficiency - Domestic,GS TPDDTEC v 1.,Micro Scale,10000
GS1247 VPA 185 Lango Safe Water Project,Uganda,1556,CO2balance UK ltd,Energy Efficiency - Domestic,GS TPDDTEC v 1.,Micro Scale,9425
EcoMakala Virunga Energy project,"Congo, the Democratic Republic of the",1558,CO2logic,Energy Efficiency - Domestic,AMS-III.BG Emission reduction through sustainable charcoal production and consumption,Large Scale,116605
Burn Stoves Project in Kenya,Kenya,1559,ECOA Climate Capital,Energy Efficiency - Domestic,,Large Scale,144000
GS1366 VPA 10 Kilifi Borehole Rehabilitation Project ,Kenya,1560,CO2balance UK ltd,Energy Efficiency - Domestic,GS TPDDTEC v 1.,Microscale,10000
GS1366 VPA 11 Kilifi Borehole Rehabilitation Project ,Kenya,1561,CO2balance UK ltd,Energy Efficiency - Domestic,GS TPDDTEC v 1.,Microscale,10000
GS1366 VPA 12 Kilifi Borehole Rehabilitation Project ,Kenya,1565,CO2balance UK ltd,Energy Efficiency - Domestic,GS TPDDTEC v 1.,Microscale,10000
GS1366 VPA 13 Kilifi Borehole Rehabilitation Project ,Kenya,1566,CO2balance UK ltd,Energy Efficiency - Domestic,GS TPDDTEC v 1.,Microscale,10000
GS1366 VPA 14 Kilifi Borehole Rehabilitation Project ,Kenya,1567,CO2balance UK ltd,Energy Efficiency - Domestic,GS TPDDTEC v 1.,Microscale,10000
GS1366 VPA 15 Kilifi Borehole Rehabilitation Project ,Kenya,1568,CO2balance UK ltd,Energy Efficiency - Domestic,GS TPDDTEC v 1.,Microscale,10000
Nepal Biogas Support Program-PoA,Nepal,1569,Deactivated Projects,Biogas - Heat,,Small Scale,0
Nepal Biogas Support Program-PoA,Nepal,1570,Alternative Energy Promotion Centre,Biogas - Heat,,Small Scale,0
Native Energy Hydraid BioSand Water Filter Programme West Africa,Ghana,1571,"NATIVE, A PUBLIC BENEFIT CORPORATION",Energy Efficiency - Domestic,GS TPDDTEC v 1.,Micro scale,10000
"GS1264: Native Clean Water Programme West Africa- VPA (03) Santrokofi, Ghana",Ghana,1572,"NATIVE, A PUBLIC BENEFIT CORPORATION",Energy Efficiency - Domestic,GS TPDDTEC v 1.,Micro Scale,9540
PoA GS 973 - United Organic Coffee Growers (UOCG) CPA I,Uganda,1573,Uganda Carbon Bureau,Energy Efficiency - Domestic,AMS-I.E. Switch from Non-Renewable Biomass for Thermal Applications by the User,Small Scale,43675
*Proyecto Mirador enhanced distribution of efficient woodstoves,Honduras,1574,Proyecto Mirador,Energy Efficiency - Domestic,GS TPDDTEC v 2.,Small Scale,38149
Proyecto Mirador Enhanced Distribution of Improved Cookstoves in Latin America - First VPA for Distribution of Dos por Tres Cookstoves in Honduras,Honduras,1575,Proyecto Mirador,Energy Efficiency - Domestic,GS TPDDTEC v 2.,Large Scale,181231
Biomass based power project of VPL,India,1576,VAYUNANDANA POWER LIMITED,"Biomass, or Liquid Biofuel - Electricity",AMS-I.D. Grid connected renewable electricity generation,Small Scale,49106
GS1247 VPA 188 Southern Ethiopia Efficient Cook Stoves,Ethiopia,1577,CO2balance UK ltd,Energy Efficiency - Domestic,,Micro Scale,9698
GS1264: Native Clean Water Programme West Africa: VPA(01) Ghana,Ghana,1578,"NATIVE, A PUBLIC BENEFIT CORPORATION",Energy Efficiency - Domestic,Not provided,Micro scale,10000
GS5047 VPA27 African Improved Cookstoves and Clean Water Programme: Nyagatare Safe Water Project VII,Rwanda,1579,Likano Project Development GmbH,Energy Efficiency - Domestic,GS TPDDTEC v3.1,Micro Scale,8768
GS5047 VPA28 African Improved Cookstoves and Clean Water Programme: Nyagatare Safe Water Project VIII,Rwanda,1580,Likano Project Development GmbH,Energy Efficiency - Domestic,GS TPDDTEC v3.1,Micro Scale,8768
GS5047 VPA29 African Improved Cookstoves and Clean Water Programme: Nyagatare Safe Water Project IX,Rwanda,1581,Likano Project Development GmbH,Energy Efficiency - Domestic,GS TPDDTEC v3.1,Micro Scale,8768
GS5047 VPA30 African Improved Cookstoves and Clean Water Programme: Nyagatare Safe Water Project X,Rwanda,1582,Likano Project Development GmbH,Energy Efficiency - Domestic,GS TPDDTEC v3.1,Micro Scale,8768
GS5047 VPA31 African Improved Cookstoves and Clean Water Programme: Nyagatare Safe Water Project XI,Rwanda,1583,Likano Project Development GmbH,Energy Efficiency - Domestic,GS TPDDTEC v3.1,Micro Scale,8768
GS5047 VPA32 African Improved Cookstoves and Clean Water Programme: Nyagatare Safe Water Project XII,Rwanda,1584,Likano Project Development GmbH,Energy Efficiency - Domestic,GS TPDDTEC v3.1,Micro Scale,8768
Native Clean Water Programme South East Asia,India,1586,"NATIVE, A PUBLIC BENEFIT CORPORATION",Energy Efficiency - Domestic,Not provided,Micro scale,10000
Native Hydraid BioSand Water Filter Program Central America: NE – VPA – 02 – HON,Honduras,1587,"NATIVE, A PUBLIC BENEFIT CORPORATION",Energy Efficiency - Domestic,GS TPDDTEC v 1.,Micro scale,10000
Native Energy Hydraid BioSand Water Filter Programme Central America,Honduras,1589,"NATIVE, A PUBLIC BENEFIT CORPORATION",Energy Efficiency - Domestic,,Micro Scale,0
GS 5796 Native Energy Clean Water Programme Central America: VPA (03) Haiti,Haiti,1590,"NATIVE, A PUBLIC BENEFIT CORPORATION",Energy Efficiency - Domestic,GS TPDDTEC v 1.,Micro scale,10000
GS5047 VPA22 African Improved Cookstoves and Clean Water Programme: Nyagatare Safe Water Project II,Rwanda,1591,Likano Project Development GmbH,Energy Efficiency - Domestic,,Micro Scale,8768
GS1289: Native Hydraid BioSand Water Filter Programme East Africa: VPA (02) Ethiopia,Ethiopia,1592,"NATIVE, A PUBLIC BENEFIT CORPORATION",Energy Efficiency - Domestic,,Micro Scale,10000
Native Hydraid Water Filtration in Kenya,Kenya,1593,"NATIVE, A PUBLIC BENEFIT CORPORATION",Energy Efficiency - Domestic,GS TPDDTEC v 1.,Micro Scale,10000
GS5047 VPA23 African Improved Cookstoves and Clean Water Programme: Nyagatare Safe Water Project III,Rwanda,1594,Likano Project Development GmbH,Energy Efficiency - Domestic,,Micro Scale,8768
GS5047 VPA24 African Improved Cookstoves and Clean Water Programme: Nyagatare Safe Water Project IV,Rwanda,1595,Likano Project Development GmbH,Energy Efficiency - Domestic,,Micro Scale,8768
GS5047 VPA25 African Improved Cookstoves and Clean Water Programme: Nyagatare Safe Water Project V,Rwanda,1596,Likano Project Development GmbH,Energy Efficiency - Domestic,,Micro Scale,8768
Nazava Water Filter Project,Indonesia,1597,Nazava,Energy Efficiency - Domestic,AMS-III.AV. Low greenhouse gas emitting water purification systems,Small Scale,22735
GS1729 Myanmar Stoves Campaign - Soneva in Myanmar - VPA No. 013,Myanmar,1598,Soneva Foundation,Energy Efficiency - Domestic,,Micro Scale,10000
GS1290: Native Energy  Clean Water Central America: VPA (04)  Honduras (GS 7356) ,Honduras,1599,"NATIVE, A PUBLIC BENEFIT CORPORATION",Energy Efficiency - Domestic,,Micro Scale,9710
Believe Green Spring Health Tankol Safe Drinking Water,India,1602,Believe Green LLC,Energy Efficiency - Domestic,GS TPDDTEC v 2.,Micro scale,9997
GS5047 VPA26 African Improved Cookstoves and Clean Water Programme: Nyagatare Safe Water Project VI,Rwanda,1603,Likano Project Development GmbH,Energy Efficiency - Domestic,GS TPDDTEC v3.1,Micro Scale,8768
VPA - Spring Health - 1,India,1604,Believe Green LLC,Energy Efficiency - Domestic,Not provided,Micro Scale,9992
"GS1247 VPA 28 Improved Kitchen regimes: Improved stove in Zoba Anseba, Eritrea",Eritrea,1605,CO2balance UK ltd,Energy Efficiency - Domestic,GS TPDDTEC v3.1,Micro Scale,8639
Improved Cookstove Project In Uganda,Uganda,1606,South Pole Ltd,Energy Efficiency - Domestic,GS TPDDTEC v3.1,Large Scale,171495
GS1247 VPA189 Southern Ethiopia Efficient Cook Stoves,Ethiopia,1607,CO2balance UK ltd,Energy Efficiency - Domestic,,Micro Scale,9698
Henan Funiushan Solar Cooker Project Phase II,China,1608,"Sirreon Technology & Development (Beijing) Co.,Ltd",Solar Thermal - Heat,AMS-I.C. Thermal energy production with or without electricity,Small Scale,90000
"Solar cooking in Chad, Iridimi (VPA1)",Chad,1609,FairClimateFund,Solar Thermal - Heat,,Micro Scale,8546
Solar cooking in Chad (PoA),Chad,1610,FairClimateFund,Solar Thermal - Heat,GS MS Simplified Methodology for Efficient Cookstoves v1.,Micro scale,0
Nanyang Danjiang River Solar Cooker Project Phase I,China,1611,"Sirreon Technology & Development (Beijing) Co.,Ltd",Solar Thermal - Heat,AMS-I.C. Thermal energy production with or without electricity,Small Scale,90204
Household Biogas plants installed in rural areas of Uttar Pradesh & Gujarat,India,1612,Value Network Ventures Pte. Ltd.,Biogas - Heat,,Small Scale,21845
Promoting Clean Cooking Solutions for the Disadvantaged Households,Nepal,1613,Value Network Ventures Pte. Ltd.,Energy Efficiency - Domestic,AMS-II.G. Energy Efficiency Measures in Thermal Applications of Non-Renewable Biomass,Small Scale,58376
Domestic Biogas Project for rural households in India,India,1614,Value Network Ventures Pte. Ltd.,Biogas - Heat,AMS-I.E. Switch from Non-Renewable Biomass for Thermal Applications by the User,Small Scale,45716
Composting of municipal organic waste in Lome ,Togo,1615,GoodPlanet,Other,,Micro Scale,5086
Los Santos Wind Power Project,Costa Rica,1616,Carbonbay GmbH & Co. KG,Wind,AMS-I.D. Grid connected renewable electricity generation,Small Scale,11383
"GS5658 VPA 10: Resilience with Safe drinking water in Drought Prone Areas of Bale Zone in Oromia (Ethiopia), phase II",Ethiopia,1617,Carbonsink (Carbonsink Group S.r.l.),Energy Efficiency - Domestic,GS TPDDTEC v3.1,Micro scale,10000
Sidrap Wind Farm Project Phase 1,Indonesia,1618,UPC Renewables Asia I Ltd,Wind,ACM0002 Grid-connected electricity generation from renewable sources,Large Scale,141248
Indonesia Domestic Biogas Programme of Activities (IDBP),Indonesia,1619,PT BIRU KARBON NUSANTARA,Biogas - Heat,,Small Scale,0
"Indonesia Domestic Biogas Programme of Activities (IDBP) (ID 1172), VPA-2",Indonesia,1620,PT BIRU KARBON NUSANTARA,Biogas - Heat,,Small Scale,41784
GS5047 VPA34 African Improved Cookstoves and Clean Water Programme: Nyungwe Rainforest Cookstove Project II,Rwanda,1621,Likano Project Development GmbH,Energy Efficiency - Domestic,,Micro Scale,8498
GS5047 VPA35 African Improved Cookstoves and Clean Water Programme: Nyungwe Rainforest Cookstove Project III,Rwanda,1622,Likano Project Development GmbH,Energy Efficiency - Domestic,,Micro Scale,8498
GS5047 VPA36 African Improved Cookstoves and Clean Water Programme: Nyungwe Rainforest Cookstove Project IV,Rwanda,1623,Likano Project Development GmbH,Energy Efficiency - Domestic,,Micro Scale,8498
GS5047 VPA37 African Improved Cookstoves and Clean Water Programme: Nyungwe Rainforest Cookstove Project V,Rwanda,1624,Likano Project Development GmbH,Energy Efficiency - Domestic,,Micro Scale,8498
GS5047 VPA38 African Improved Cookstoves and Clean Water Programme: Nyungwe Rainforest Cookstove Project VI,Rwanda,1625,Likano Project Development GmbH,Energy Efficiency - Domestic,,Micro Scale,8498
Efficient Cook Stoves in the Bahian Reconcavo region,Brazil,1626,Instituto Perene,Energy Efficiency - Domestic,GS Methodology for Improved Cook stoves and Kitchen Regimes v2.,Micro Scale,8834
GS5047 VPA33 African Improved Cookstoves and Clean Water Programme: Nyungwe Rainforest Cookstove Project I,Rwanda,1627,Likano Project Development GmbH,Energy Efficiency - Domestic,,Micro Scale,8498
GS5047 VPA39 African Improved Cookstoves and Clean Water Programme: Nyungwe Rainforest Cookstove Project VII,Rwanda,1628,Likano Project Development GmbH,Energy Efficiency - Domestic,,Micro Scale,8498
Tokat Landfill Gas to Electricty Project,Turkey,1629,HER ENERJI VE ÇEVRE TEKNOLOJILERI ELK.ÜRETIM A.S.,Biogas - Electricity,Not provided,Large Scale,23490
GS2404 International Water Purification Programme - CPA 4 Water Kiosks in Cambodia,Cambodia,1630,Swiss Carbon Assets Ltd.,Energy Efficiency - Domestic,,Small Scale,8885
Hamal Solar Power Project ,Turkey,1631,YBT ENERJI ELEKTRONIK INSAAT SANAYI VE TICARET LIMITED SIRKETI,Solar Thermal - Electricity,,Small Scale,10314
"Usak Landfill Gas to Electricty Project, Turkey",Turkey,1632,Life Iklim ve Enerji Ltd. Sti.,Biogas - Electricity,,Large scale,20000
"Fuatres Wind Power Plant, Turkey",Turkey,1633,BORUSAN ENBW ENERJI YATIRIMLARI VE ÜRETIM A.S.,Wind,ACM0002 Grid-connected electricity generation from renewable sources,Large Scale,50073
"Bereketli Wind Power Plant, Turkey",Turkey,1634,Life Iklim ve Enerji Ltd. Sti.,Wind,,Large scale,58000
"Hilal-2 RES Wind Power Project, Turkey ",Turkey,1636,Sanko Enerji Sanayi ve Ticaret A.Ş.,Wind,,Small Scale,24618
"Kartaldagi Wind Power Plant, Turkey",Turkey,1637,BORUSAN ENBW ENERJI YATIRIMLARI VE ÜRETIM A.S.,Wind,,Large Scale,86046
Solentegre Solar Power Project,Turkey,1638,Life Iklim ve Enerji Ltd. Sti.,Solar Thermal - Electricity,AMS-I.D. Grid connected renewable electricity generation,Small Scale,8545
African Biogas Carbon Programme (ABC) PoA,Kenya,1639,AFRICA BIOENERGY PROGRAMS LIMITED,Biogas - Heat,,Small Scale,0
Greentech Plastic Offset Credits from Romania: Emission Reductions through Recycling,Romania,1640,GREENTECH SA,Other,,Small Scale,45380
Believe Green Safe Drinking Water – Ethiopia-1 – GS7442,Ethiopia,1641,Believe Green LLC,Energy Efficiency - Domestic,GS TPDDTEC v3.1,Micro Scale,10000
Belen Wind Power Plant,Turkey,1642,Belen Elektrik Üretim A.Ş.,Wind,,Large Scale,84601
*Suzhou Qizi Mountain Landfill Gas Recovery Project (300259),China,1643,South Pole Ltd,Other,ACM0001 Flaring or use of landfill gas,Large Scale,105170
African Biogas Carbon Programme (ABC) - Kenya - VPA001,Kenya,1644,AFRICA BIOENERGY PROGRAMS LIMITED,Biogas - Heat,,Small Scale,52197
African Biogas Carbon Programme (ABC) - Tanzania - CAMARTEC - VPA002,"Tanzania, United Republic of",1645,AFRICA BIOENERGY PROGRAMS LIMITED,Biogas - Heat,GS TPDDTEC v 2.,Small Scale,108165
African Biogas Carbon Programme (ABC) - Uganda - VPA003,Uganda,1646,AFRICA BIOENERGY PROGRAMS LIMITED,Biogas - Heat,GS TPDDTEC v 1.,Small Scale,12550
African Biogas Carbon Programme (ABC) - Tanzania – CAMARTEC - VPA004,"Tanzania, United Republic of",1647,Deactivated Projects,Biogas - Heat,GS TPDDTEC v 1.,Small Scale,10069
African Biogas Carbon Programme (ABC) – Tanzania – SimGas - VPA005,"Tanzania, United Republic of",1648,Deactivated Projects,Biogas - Heat,GS TPDDTEC v 1.,Small Scale,13824
"Samli Wind Power Project, Turkiye",Turkey,1649,Baki Elektrik Uretim Limited Şirketi,Wind,,Large Scale,227080
Catalca Wind Power Project,Turkey,1650,Sanko Enerji Sanayi ve Ticaret A.Ş.,Wind,ACM0002 Grid-connected electricity generation from renewable sources,Large Scale,186103
"*Sayalar Wind Farm, Turkey",Turkey,1651,Dogal Enerji Elektrik Uretim A.S.,Wind,ACM0002 Grid-connected electricity generation from renewable sources,Large Scale,85035
African Biogas Carbon Programme (ABC) - Kenya - VPA006,Kenya,1652,AFRICA BIOENERGY PROGRAMS LIMITED,Biogas - Heat,GS TPDDTEC v 1.,Small Scale,0
Henan Funiushan Solar Cooker Project Phase I,China,1654,"Sirreon Technology & Development (Beijing) Co.,Ltd",Solar Thermal - Heat,AMS-I.C. Thermal energy production with or without electricity,Small Scale,90723
6 MW Solar Power Project by Arhyama Solar Power,India,1656,Arhyama Solar Power Private Limited,Solar Thermal - Electricity,AMS-I.D. Grid connected renewable electricity generation,Small Scale,9535
Ivakale,Kenya,1657,Ivakale,Energy Efficiency - Domestic,GS MS Simplified Methodology for Efficient Cookstoves v1.,Micro Scale,2772
Carbon Emission Reduction Program through CCDB Improved Cook Stove (ICS) in Bangladesh – VPA 1 – Patharghata and Morrelganj 1  ,Bangladesh,1658,CCDB Enterprise Ltd.,Energy Efficiency - Domestic,GS MS Simplified Methodology for Efficient Cookstoves v1.,Micro Scale,9253
*Sri Balaji 6 MW Non-Conventional Renewable Sources Biomass Power Project,India,1659,Deactivated Projects,"Biomass, or Liquid Biofuel - Electricity",AMS-I.D. Grid connected renewable electricity generation,Small Scale,28590
*Ningxia Yinyi 49.50MW Wind-farm Project_preCDM VERs,China,1660,Climate Impact Partners Limited,Wind,ACM0002 Grid-connected electricity generation from renewable sources,Small Scale,98283
"Electricity generation from mustard crop residues: Tonk, India",India,1661,Kalpataru Power Transmission Limited,"Biomass, or Liquid Biofuel - Electricity",AMS-I.D. Grid connected renewable electricity generation,Small Scale,50002
Ecofiltro Guatemala Improved Stoves and Water Purification Project,Guatemala,1662,Climate Impact Partners Limited,Energy Efficiency - Domestic,GS TPDDTEC v3.1,Large Scale,214032
Native Energy Hydraid BioSand Water Filter Program East Africa,Ethiopia,1663,"NativeEnergy, Inc.",Energy Efficiency - Domestic,GS TPDDTEC v 1.,Microscale,0
Thangarabalu Small Hydel Project at Karnataka,India,1664,EKI Energy Services Limited,"Small, Low - Impact Hydro",ACM0002 Grid-connected electricity generation from renewable sources,Large Scale,53983
"Kuyasa low-cost urban housing energy upgrade project, Khayelitsha (Cape Town; South Africa)",South Africa,1667,atmosfair gGmbH,Energy Efficiency - Domestic,,Small Scale,6580
*Te Apiti Wind Farm,New Zealand,1668,Meridian Energy Ltd,Wind,,Large scale,180000
"*Anemon Intepe Wind Farm, Turkey",Turkey,1669,Anemon Enerji Elektrik Uretim A.S.,Wind,ACM0002 Grid-connected electricity generation from renewable sources,Large Scale,79136
"Samsun Landfill Gas to Energy Project, Turkey",Turkey,1670,Samsun Avdan Energy,Biogas - Electricity,,Large Scale,135155
VPA 3 Project - Application of advanced hull coatings to reduce shipping fuel consumption,International,1671,International Paint Limited,Energy Efficiency - Transport Sector,,Large scale,35000
WWF Mamize Firewood-Saving Cook Stove Project III,China,1672,South Pole Ltd,Energy Efficiency - Domestic,AMS-II.G. Energy Efficiency Measures in Thermal Applications of Non-Renewable Biomass,Micro Scale,3323
WWF Mamize Firewood-Saving Cook Stove Project IV,China,1673,South Pole Ltd,Energy Efficiency - Domestic,AMS-II.G. Energy Efficiency Measures in Thermal Applications of Non-Renewable Biomass,Micro Scale,3422
WWF Mamize Firewood-Saving Cook Stove Project II,China,1674,South Pole Ltd,Energy Efficiency - Domestic,AMS-II.G. Energy Efficiency Measures in Thermal Applications of Non-Renewable Biomass,Micro Scale,3334
Biogas PoA Switzerland,Switzerland,1675,South Pole Ltd,Energy Efficiency - Domestic,,Micro Scale,0
SSE1 Solar PV 1 – 10 Power Plant Project,Thailand,1676,South Pole Ltd SCV,Solar Thermal - Electricity,ACM0002 Grid-connected electricity generation from renewable sources,Large Scale,79889
Energy for Mam Rashan,Iraq,1685,atmosfair gGmbH,Other,GS MS Microscale Electrification and Energization v1.,Micro Scale,1200
Mabwepande Composting Facility for Market Waste,"Tanzania, United Republic of",1690,atmosfair gGmbH,Other,AMS-III.F. Avoidance of methane emissions through controlled biological treatment of biomass,Micro scale,8529
Proyecto Mirador Enhanced Distribution of Improved Cookstoves in Latin America,Honduras,1691,Proyecto Mirador,Energy Efficiency - Domestic,GS TPDDTEC v 2.,Large Scale,426606
Deactivated Projects,Rwanda,1729,Deactivated Projects,Energy Efficiency - Domestic,Other,Micro Scale,9945
SAKARYA LANDFILL GAS POWER PLANT,Turkey,1764,CLIMETREK LTD,Biogas - Electricity,ACM0001 Flaring or use of landfill gas,Large Scale,67702
Improved Cook Stoves programme for Rwanda CPA 0009,Rwanda,1765,atmosfair gGmbH,Energy Efficiency - Domestic,,Small Scale,51422
Improved Cook Stoves programme for Rwanda CPA 0010,Rwanda,1766,atmosfair gGmbH,Energy Efficiency - Domestic,,Small Scale,51422
Lake Naivasha Basin Reforestation Project,Kenya,1771,South Pole Ltd SCV,A/R,,Small Scale,100000
Guttigoli Solar Power Project in Karnataka,India,1775,Kosher Climate India Pvt Ltd.,Solar Thermal - Electricity,,Large Scale,198602
Energy efficiency improvement  project leading to multiple sustainable development benefits,Uganda,1778,Pacific Engineering Services Limited,Energy Efficiency - Domestic,AMS-II.G. Energy Efficiency Measures in Thermal Applications of Non-Renewable Biomass,Small Scale,38659
50 MW Solar Power Project by Mytrah Energy India Private Limited,India,1779,MYTRAH ENERGY (INDIA) PRIVATE LIMITED,Solar Thermal - Electricity,ACM0002 Grid-connected electricity generation from renewable sources,Large Scale,88788
Solar Parks Aruba,Aruba,1782,WEB Aruba N.V.,Solar Thermal - Electricity,AMS-I.D. Grid connected renewable electricity generation,Small Scale,11366
Community Level Green Energy Promotion in Nepal PoA,Nepal,1783,Sahas Foundation,Energy Efficiency - Domestic,,Small Scale,0
Community Level Green Energy Promotion in Nepal VPA-01,Nepal,1784,Sahas Foundation,Energy Efficiency - Domestic,,Small Scale,110036
DE SOLAR 7 BIOGAS ENERGY PLANT,Turkey,1785,Bio Solutions,Biogas - Electricity,GS Revised Methodology for Manure Management Systems and MSW v1.,Large Scale,107897
TATLIPINAR WIND POWER PLANT,Turkey,1787,GTE KARBON SUSTAINABLE ENERJI EGITIM DANISMANLIK VE TICARET A.S.,Wind,ACM0002 Grid-connected electricity generation from renewable sources,Large Scale,204508
SAKARYA BIOGAS POWER PLANT,Turkey,1788,CLIMETREK LTD,Biogas - Electricity,,Large Scale,76723
72 MW Wind power project in the South Sulawesi Province of Indonesia,Indonesia,1789,Kosher Climate India Pvt Ltd.,Wind,ACM0002 Grid-connected electricity generation from renewable sources,Large Scale,198676
GEYCEK Wind Farm Project,Turkey,1792,AL-YEL Elektrik Uretim A.S.,Wind,ACM0002 Grid-connected electricity generation from renewable sources,Large Scale,319922
National Programme for Improved Cookstoves in India,India,1793,SSS-NIRE,Energy Efficiency - Domestic,AMS-II.G. Energy Efficiency Measures in Thermal Applications of Non-Renewable Biomass,Small Scale,1
"CPA No. 001, “SAMUHA”",India,1794,SSS-NIRE,Energy Efficiency - Domestic,AMS-II.G. Energy Efficiency Measures in Thermal Applications of Non-Renewable Biomass,Small Scale,46613
BaumInvest Reforestation Project ,Costa Rica,1795,BaumInvest AG,A/R,,Small Scale,11728
Tropical Mix ,Panama,1796,FORLIANCE,A/R,,Micro Scale,509
ArBolivia- Phase II ,"Bolivia, Plurinational State of",1797,The Cochabamba Project,A/R,Afforestation/Reforestation GHG Emissions Reduction & Sequestration Methodology,Micro scale,4000
Kikonda Forest Reserve ,Uganda,1798,Nile Fibreboard Ltd.,A/R,,Micro Scale,18058
"Afforestation on Degraded Lands in Mountainous Areas of Northern Guangdong, China ",China,1799,FDF,A/R,,Micro Scale,15634
Reforestation Sierra Piura,Peru,1800,Cooperativa Norandino,A/R,,Small Scale,1000
Airres-4 WPP,Turkey,1801,AIRRES Elektrik Ãœretim San. Ve Tic. A.S,Wind,ACM0002 Grid-connected electricity generation from renewable sources,Large Scale,146569
Afforestation in the Montreal Metropolitain area,Canada,1802,CO2 Environnement GSF,Other,Other,Microscale,20000
PROJECT TOGO,Togo,1803,Unknown Project Developer,Other,Other,Microscale,25000
Afforestation with Hazelnut Plantations in Western Georgia ,Georgia,1804,Ferrero Trading LUX S.A.,A/R,,Micro Scale,20000
WithOneSeed Timor Leste Community Forestry Program ,Timor-Leste,1805,xPand Foundation,A/R,,Micro Scale,5000
Vichada Climate Reforestation Project (PAZ) ,Colombia,1806,FORLIANCE,A/R,,Micro Scale,1
ZANBAL ,Mali,1807,Zanbal,A/R,,Micro Scale,7
Aprosacao Reforestation Project: community reforestation and agroforestry with small-scale cocoa farmers in Honduras. ,Honduras,1808,The Pure Project,A/R,,Micro Scale,1050
"Sustainable Agroforestry Based Dairy Value Chain in Mount Elgon, Kenya",Kenya,1809,Livelihoods Fund SICAV SIF,A/R,,Micro Scale,50618
Improved Cook Stoves programme for Rwanda CPA 0008,Rwanda,1811,atmosfair gGmbH,Energy Efficiency - Domestic,,Small Scale,42787
Promoting Clean Cooking Solutions for the Disadvantaged Households in Nepal,Nepal,1812,Value Network Ventures Pte. Ltd.,Energy Efficiency - Domestic,Other,Small Scale,21404
52.50 MW Wind energy farm at Mokla Rajasthan by HZL,India,1813,Hindustan Zinc Limited,Wind,,Large Scale,85755
25.5 MW Wind Energy Farm at Nandurbar Maharashtra by HZL,India,1814,Hindustan Zinc Limited,Wind,ACM0002 Grid-connected electricity generation from renewable sources,Large Scale,42669
CECIC HKC Danjinghe Wind Farm Project,China,1815,Beijing Fangzhou Jiaye Technology Co ltd,Wind,ACM0002 Grid-connected electricity generation from renewable sources,Large Scale,395001
GS1247 VPA 190 Zambia Eastern Province Safe Water Project,Zambia,1819,CO2balance UK ltd,Energy Efficiency - Domestic,,Micro Scale,10000
GS1247 VPA 191 Zambia Eastern Province Safe Water Project,Zambia,1820,CO2balance UK ltd,Energy Efficiency - Domestic,,Micro Scale,10000
GS1247 VPA 192 Zambia Eastern Province Safe Water Project,Zambia,1821,CO2balance UK ltd,Energy Efficiency - Domestic,,Micro Scale,10000
GS1247 VPA 193 Zambia Eastern Province Safe Water Project,Zambia,1822,CO2balance UK ltd,Energy Efficiency - Domestic,,Micro Scale,10000
GS1247 VPA 194 Zambia Eastern Province Safe Water Project,Zambia,1823,CO2balance UK ltd,Energy Efficiency - Domestic,,Micro Scale,10000
GS1247 VPA 195 Zambia Eastern Province Safe Water Project,Zambia,1824,CO2balance UK ltd,Energy Efficiency - Domestic,,Micro Scale,10000
GS1247 VPA 196 Zambia Eastern Province Safe Water Project,Zambia,1825,CO2balance UK ltd,Energy Efficiency - Domestic,,Micro Scale,10000
GS1247 VPA 197 Zambia Eastern Province Safe Water Project,Zambia,1826,CO2balance UK ltd,Energy Efficiency - Domestic,,Micro Scale,10000
Recycling Solutions in Nepal,Nepal,1827,myclimate Foundation,Other,AMS-III.AJ. Recovery and recycling of materials from solid wastes,Micro scale,6471
GS1729 Myanmar Stoves Campaign - Soneva in Myanmar - VPA No. 014,Myanmar,1830,Soneva Foundation,Energy Efficiency - Domestic,,Micro Scale,9606
Integrated Domestic Energy Systems (IDES) for Clean Energy access and clean cooking in rural households in India ,India,1833,Value Network Ventures Pte. Ltd.,Energy Efficiency - Domestic,AMS-II.G. Energy Efficiency Measures in Thermal Applications of Non-Renewable Biomass,Small Scale,17634
Solar DC programme in off-grid regions in India,India,1834,Value Network Ventures Pte. Ltd.,Solar Thermal - Electricity,AMS-III.BL. Integrated methodology for electrification of communities v2,Small Scale,14793
300 MW Wind Energy Project by Green Infra Wind Energy Limited,India,1835,Sembcorp Green Infra Private Limited,Wind,,Large Scale,487922
50.6 MW Wind Energy Project by Powerica Limited,India,1836,Powerica Limited,Wind,,Large Scale,101733
Carbon Emission Reduction Program through CCDB Improved Cook Stove (ICS) in Bangladesh ,Bangladesh,1837,CCDB Enterprise Ltd.,Energy Efficiency - Domestic,GS MS Simplified Methodology for Efficient Cookstoves v1.,Micro scale,9253
GS1247 VPA 198 Improved Kitchen Regimes Manica Province Safe Water (Mozambique),Mozambique,1844,CO2balance UK ltd,Energy Efficiency - Domestic,,Micro Scale,7614
GS1247 VPA 199 Improved Kitchen Regimes Manica Province Safe Water (Mozambique),Mozambique,1845,CO2balance UK ltd,Energy Efficiency - Domestic,GS TPDDTEC v 1.,Micro Scale,10000
GS1247 VPA 200 Improved Kitchen Regimes Manica Province Safe Water (Mozambique),Mozambique,1846,CO2balance UK ltd,Energy Efficiency - Domestic,,Micro Scale,8400
GS1247 VPA 201 Improved Kitchen Regimes Manica Province Safe Water (Mozambique),Mozambique,1847,CO2balance UK ltd,Energy Efficiency - Domestic,GS TPDDTEC v 1.,Micro Scale,10000
GS1247 VPA 202 Improved Kitchen Regimes Manica Province Safe Water (Mozambique),Mozambique,1848,CO2balance UK ltd,Energy Efficiency - Domestic,,Micro Scale,8592
GS1247 VPA 203 Sierra Leone Safe Water,Sierra Leone,1861,CO2balance UK ltd,Energy Efficiency - Domestic,,Micro Scale,10000
GS1247 VPA 204 Sierra Leone Safe Water,Sierra Leone,1862,CO2balance UK ltd,Energy Efficiency - Domestic,,Micro Scale,10000
GS1247 VPA 205 Sierra Leone Safe Water,Sierra Leone,1863,CO2balance UK ltd,Energy Efficiency - Domestic,,Micro Scale,10000
GS1247 VPA 206 Sierra Leone Safe Water,Sierra Leone,1864,CO2balance UK ltd,Energy Efficiency - Domestic,,Micro Scale,10000
GS1247 VPA 207 Sierra Leone Safe Water,Sierra Leone,1865,CO2balance UK ltd,Energy Efficiency - Domestic,,Micro Scale,10000
GS1247 VPA 208 Sierra Leone Safe Water,Sierra Leone,1866,CO2balance UK ltd,Energy Efficiency - Domestic,,Micro Scale,10000
GS1247 VPA 209 Sierra Leone Safe Water,Sierra Leone,1867,CO2balance UK ltd,Energy Efficiency - Domestic,,Micro Scale,10000
GS1247 VPA 210 Sierra Leone Safe Water,Sierra Leone,1868,CO2balance UK ltd,Energy Efficiency - Domestic,,Micro Scale,10000
GS1247 VPA 211 Sierra Leone Safe Water,Sierra Leone,1869,CO2balance UK ltd,Energy Efficiency - Domestic,,Micro Scale,10000
GS1247 VPA 212 Sierra Leone Safe Water,Sierra Leone,1870,CO2balance UK ltd,Energy Efficiency - Domestic,,Micro Scale,10000
GS1247 VPA 213 Manicaland Safe Water,Zimbabwe,1877,CO2balance UK ltd,Energy Efficiency - Domestic,GS TPDDTEC v 1.,Microscale,10000
GS1247 VPA 214 Manicaland Safe Water,Zimbabwe,1878,CO2balance UK ltd,Energy Efficiency - Domestic,GS TPDDTEC v 1.,Microscale,10000
GS1247 VPA 215 Manicaland Safe Water,Zimbabwe,1879,CO2balance UK ltd,Energy Efficiency - Domestic,GS TPDDTEC v 1.,Microscale,10000
GS1247 VPA 216 Manicaland Safe Water,Zimbabwe,1880,CO2balance UK ltd,Energy Efficiency - Domestic,GS TPDDTEC v 1.,Microscale,10000
GS1247 VPA 217 Manicaland Safe Water,Zimbabwe,1881,CO2balance UK ltd,Energy Efficiency - Domestic,GS TPDDTEC v 1.,Microscale,10000
GS1247 VPA 218 Manicaland Safe Water,Zimbabwe,1882,CO2balance UK ltd,Energy Efficiency - Domestic,GS TPDDTEC v 1.,Microscale,10000
ORLEMIS WPP,Turkey,1884,GTE KARBON SUSTAINABLE ENERJI EGITIM DANISMANLIK VE TICARET A.S.,Wind,,Large Scale,57046
"2.1 MW Wind Project of Colourtex Industries Ltd. at Kutch district in Gujarat state, India",India,1887,EKI Energy Services Limited,Wind,AMS-I.D. Grid connected renewable electricity generation,Small Scale,3354
Erzurum Aziziye Solar Power Plant ,Turkey,1888,Galata Wind Enerji A.S.,Solar Thermal - Electricity,AMS-I.D. Grid connected renewable electricity generation,Small Scale,14067
Believe Green Safe Drinking Water – Spring Health-2,India,1893,Believe Green LLC,Energy Efficiency - Domestic,GS TPDDTEC v3.1,Micro scale,10000
SERTAVUL WPP,Turkey,1897,GTE KARBON SUSTAINABLE ENERJI  EGITIM DANISMANLIK VE TICARET A.S.,Wind,ACM0002 Grid-connected electricity generation from renewable sources,Large Scale,55673
CPA-KE-001 KIBERA,Kenya,1898,ClimateCare Limited,"Biomass, or Liquid Biofuel - Heat",AMS-I.E. Switch from Non-Renewable Biomass for Thermal Applications by the User,Small Scale,32100
GS5047 VPA41 African Improved Cookstoves and Clean Water Programme: Lusaka Clean Cooking Project II,Zambia,1908,Likano Project Development GmbH,Energy Efficiency - Domestic,GS TPDDTEC v3.1,Microscale,8491
GS5047 VPA42 African Improved Cookstoves and Clean Water Programme: Lusaka Clean Cooking Project III,Zambia,1909,Likano Project Development GmbH,Energy Efficiency - Domestic,GS TPDDTEC v3.1,Microscale,8491
GS5047 VPA40 African Improved Cookstoves and Clean Water Programme: Lusaka Clean Cooking Project I,Zambia,1910,Likano Project Development GmbH,Energy Efficiency - Domestic,GS TPDDTEC v3.1,Microscale,8491
"6.5 MW cogeneration project in Akbarpur, Punjab",India,1911,EKI Energy Services Limited,"Biomass, or Liquid Biofuel - Cogeneration",AMS-I.D. Grid connected renewable electricity generation,Small Scale,35044
CPA-KE-008 KISUMU ,Kenya,1912,ClimateCare Limited,"Biomass, or Liquid Biofuel - Heat",AMS-I.E. Switch from Non-Renewable Biomass for Thermal Applications by the User,Small Scale,29020
CPA-KE-009 KENYA  ,Kenya,1913,ClimateCare Limited,"Biomass, or Liquid Biofuel - Heat",AMS-I.E. Switch from Non-Renewable Biomass for Thermal Applications by the User,Small Scale,40363
Orb Energy Solar Program in India - VPA04,India,1914,Orb Energy Private Limited,Solar Thermal - Heat,AMS-I.C. Thermal energy production with or without electricity,Small Scale,15000
Orb Energy Solar Program in India - VPA05,India,1915,Orb Energy Private Limited,Solar Thermal - Electricity,AMS-I.C. Thermal energy production with or without electricity,Small Scale,15000
"Nepal Biogas Support Program-CPA 8: 19,445 digesters",Nepal,1916,Alternative Energy Promotion Centre,Biogas - Electricity,,Small Scale,64565
"Nepal Biogas Support Program-CPA 9: 17,304 digesters",Nepal,1917,Alternative Energy Promotion Centre,Biogas - Electricity,AMS-I.E. Switch from Non-Renewable Biomass for Thermal Applications by the User,Small Scale,57134
"Household biogas plants installed in rural areas of Madhya Pradesh , India",India,1919,Value Network Ventures Pte. Ltd.,Biogas - Heat,AMS-I.E. Switch from Non-Renewable Biomass for Thermal Applications by the User,Small Scale,53716
Humbo Ethiopia Assisted Natural Regeneration Project ,Ethiopia,1922,World Vision Australia,A/R,,Large Scale,29343
GS1729 Myanmar Stoves Campaign - Soneva in Myanmar - VPA No. 015 by Soneva Foundation,Myanmar,1924,Soneva Foundation,Energy Efficiency - Domestic,,Micro Scale,10000
VPA 16 Kilifi Borehole Rehabilitation Project ,Kenya,1942,CO2balance UK ltd,Energy Efficiency - Domestic,GS TPDDTEC v 1.,Small Scale,60000
GS1366 VPA 17 Kilifi Borehole Rehabilitation Project ,Kenya,1943,CO2balance UK ltd,Energy Efficiency - Domestic,GS TPDDTEC v 1.,Microscale,10000
GS1366 VPA 18 Kilifi Borehole Rehabilitation Project ,Kenya,1944,CO2balance UK ltd,Energy Efficiency - Domestic,GS TPDDTEC v 1.,Microscale,10000
GS1366 VPA 19 Kilifi Borehole Rehabilitation Project ,Kenya,1945,CO2balance UK ltd,Energy Efficiency - Domestic,GS TPDDTEC v 1.,Microscale,10000
GS1366 VPA 20 Kilifi Borehole Rehabilitation Project ,Kenya,1946,CO2balance UK ltd,Energy Efficiency - Domestic,GS TPDDTEC v 1.,Microscale,10000
GS1366 VPA 21 Kilifi Borehole Rehabilitation Project ,Kenya,1947,CO2balance UK ltd,Energy Efficiency - Domestic,GS TPDDTEC v 1.,Microscale,10000
GS1366 VPA 22 Kilifi Borehole Rehabilitation Project ,Kenya,1948,CO2balance UK ltd,Energy Efficiency - Domestic,GS TPDDTEC v 1.,Microscale,10000
GS1366 VPA 23 Kilifi Borehole Rehabilitation Project ,Kenya,1949,CO2balance UK ltd,Energy Efficiency - Domestic,GS TPDDTEC v 1.,Microscale,10000
GS1366 VPA 24 Kilifi Borehole Rehabilitation Project ,Kenya,1950,CO2balance UK ltd,Energy Efficiency - Domestic,GS TPDDTEC v 1.,Microscale,10000
GS1366 VPA 25 Kilifi Borehole Rehabilitation Project ,Kenya,1951,CO2balance UK ltd,Energy Efficiency - Domestic,GS TPDDTEC v 1.,Microscale,10000
GS1366 VPA 26 Kilifi Borehole Rehabilitation Project ,Kenya,1952,CO2balance UK ltd,Energy Efficiency - Domestic,GS TPDDTEC v 1.,Microscale,10000
GS5658 VPA 11: Promoting energy efficiency & clean cooking in Pemba,Mozambique,1953,Carbonsink (Carbonsink Group S.r.l.),Energy Efficiency - Domestic,,Micro Scale,10000
BIM Solar Farm,Viet Nam,1954,AC Energy and Infrastructure Corporation,Solar Thermal - Electricity,,Large Scale,540295
BMT Solar Farm,Viet Nam,1955,AC Energy and Infrastructure Corporation,Solar Thermal - Electricity,,Large Scale,34794
Izmir Odemis Biogas Power Plant,Turkey,1963,Bio Solutions,"Biomass, or Liquid Biofuel - Cogeneration",,Large Scale,1244314
IBB Biomethanation Plant Project,Turkey,1966,ISTAC A.S.,"Biomass, or Liquid Biofuel - Cogeneration",,Large Scale,260627
IBB Waste Incineration and Power Generation Plant Project,Turkey,1967,ISTAC A.S.,Other,,Large Scale,1381601
PoA for DURABRIC Bricks Project by 14Trees ,Malawi,1968,Climate Impact Partners Limited,Energy Efficiency - Industrial,"AMS-III.Z. Fuel Switch = 159, process improvement and energy efficiency in brick manufacture",Small Scale,50000
Durabric Bricks Project by 14Trees in Malawi: VPA (01),Malawi,1969,Climate Impact Partners Limited ,Energy Efficiency - Industrial,"AMS-III.Z. Fuel Switch = 159, process improvement and energy efficiency in brick manufacture",Small Scale,50000
200 MW solar power project in India by SB Energy.,India,1972,Adani Green Energy Limited,Solar Thermal - Electricity,ACM0002 Grid-connected electricity generation from renewable sources,Large Scale,393905
100 MW Solar Power plant in Maharashtra,India,1974,Juniper Green Energy Pvt. Ltd.,Solar Thermal - Electricity,ACM0002 Grid-connected electricity generation from renewable sources,Large Scale,216494
250 MW Solar Power Plant in Pavagada Solar Park in Karnataka,India,1979,Fortum India Private Limited,Solar Thermal - Electricity,,Large Scale,426731
10MW Solar Power Project (EnvironmentFirst-213),India,1980,EKI Energy Services Limited,Solar Thermal - Electricity,AMS-I.D. Grid connected renewable electricity generation,Small Scale,16403
Agrahara Mini Hydel Scheme – I & II,India,1982,EKI Energy Services Limited,"Small, Low - Impact Hydro",AMS-I.D. Grid connected renewable electricity generation,Small Scale,4938
Energising India using Solar Energy,India,1983,AZURE POWER INDIA PRIVATE LIMITED,Solar Thermal - Electricity,ACM0002 Grid-connected electricity generation from renewable sources,Large Scale,801350
GS1729 Myanmar Stoves Campaign - Soneva in Myanmar - VPA No. 016,Myanmar,2022,Soneva Foundation,Energy Efficiency - Domestic,,Micro Scale,10000
GS5047 VPA44 African Improved Cookstoves and Clean Water Programme: Albertine Rift Wildlife Corridor Cook Stove Project I,Uganda,2023,Likano Project Development GmbH,Energy Efficiency - Domestic,GS TPDDTEC v3.1,Micro scale,8243
GS5047 VPA45 African Improved Cookstoves and Clean Water Programme: Albertine Rift Wildlife Corridor Cook Stove Project II,Uganda,2024,Likano Project Development GmbH,Energy Efficiency - Domestic,GS TPDDTEC v3.1,Micro scale,8243
GS5047 VPA46 African Improved Cookstoves and Clean Water Programme: Albertine Rift Wildlife Corridor Cook Stove Project II,Uganda,2025,Likano Project Development GmbH,Energy Efficiency - Domestic,GS TPDDTEC v3.1,Microscale,8243
GS5047 VPA43 African Improved Cookstoves and Clean Water Programme: Lusaka Clean Cooking Project IV,Zambia,2026,Likano Project Development GmbH,Energy Efficiency - Domestic,GS TPDDTEC v3.1,Microscale,8491
Clean Cooking Solutions for Rural Nepal,Nepal,2027,Deactivated Projects,Energy Efficiency - Domestic,AMS-II.G. Energy Efficiency Measures in Thermal Applications of Non-Renewable Biomass,Small Scale,33724
"22 MW Solar Power Project by HZL at Rampura agucha Mine,  Rajasthan",India,2030,Hindustan Zinc Limited,Solar Thermal - Electricity,ACM0002 Grid-connected electricity generation from renewable sources,Large Scale,40434
Cerrado Efficient Cookstoves,Brazil,2034,Instituto Perene,Energy Efficiency - Domestic,GS MS Simplified Methodology for Efficient Cookstoves v1.,Micro Scale,7600
Bundled Solar Project 1 by Aditya Birla Group of Companies,India,2035,EKI Energy Services Limited,Solar Thermal - Electricity,ACM0002 Grid-connected electricity generation from renewable sources,Large Scale,326914
"Biomass based power plant in Mahendargarh, Haryana",India,2036,Infinite Environmental Solutions Limited,"Biomass, or Liquid Biofuel - Electricity",AMS-I.D. Grid connected renewable electricity generation,Small Scale,52453
Bundled Solar Project 2 by Aditya Birla Group of Companies,India,2037,EKI Energy Services Limited,Solar Thermal - Electricity,ACM0002 Grid-connected electricity generation from renewable sources,Large Scale,77735
Chaiyaphum Wind Farm Power Project,Thailand,2038,EKI Energy Services Limited,Wind,ACM0002 Grid-connected electricity generation from renewable sources,Large Scale,73396
AMI Khanh Hoa Solar Project,Viet Nam,2039,AC Energy and Infrastructure Corporation,Solar Thermal - Electricity,,Large Scale,61856
Dren Wind Power Project,"North Macedonia, Republic of",2045,KALTUN ENERJI DOO SKOPJE,Wind,,Large Scale,61588
Jbel Sendouq-Khalladi (“Khalladi”) wind farm project in Morocco (GS5073 CER to VER conversion),Morocco,2053,ACWA Khalladi,Wind,ACM0002 Grid-connected electricity generation from renewable sources,Large Scale,143960
42 MWp Bundled Solar Photovoltaic Power project in Indonesia,Indonesia,2055,Kosher Climate India Pvt Ltd.,Solar Thermal - Electricity,ACM0002 Grid-connected electricity generation from renewable sources,Large Scale,57565
"Methane Reduction in Irrigated Rice Production, Thailand ",Thailand,2056,myclimate Foundation,Other,,Small Scale,9500
Solar PV power project by Roha Dyechem Pvt. Ltd. (EKIESL.CDM.Aug-11-02),India,2057,Infinite Environmental Solutions LLP,Solar Thermal - Electricity,ACM0002 Grid-connected electricity generation from renewable sources,Large Scale,36731
BARRY CALLEBAUT COCOA,International,2059,Barry Callebaut,Other,Other,Large scale,0
GS5658 VPA 12: Improved Cookstoves for Environmental Conservation in Southern Ethiopia,Ethiopia,2061,Carbonsink (Carbonsink Group S.r.l.),Energy Efficiency - Domestic,GS MS Simplified Methodology for Efficient Cookstoves v1.,Micro Scale,10000
GS7591 VPA 1 Western Kenya Borehole Rehabilitation Project,Kenya,2062,CO2balance UK ltd,Energy Efficiency - Domestic,,Small Scale,60000
GS7591 VPA 2 Rift Valley Safe Water Project,Kenya,2063,CO2balance UK ltd,Energy Efficiency - Domestic,GS TPDDTEC v3.1,Small Scale,60000
GS7591 VPA 3 Central Kenya Borehole Rehabilitation Project,Kenya,2064,CO2balance UK ltd,Energy Efficiency - Domestic,GS TPDDTEC v3.1,Small Scale,72402
GS7591 VPA 4 Central Kenya Borehole Rehabilitation Project,Kenya,2065,CO2balance UK ltd,Energy Efficiency - Domestic,GS TPDDTEC v3.1,Small Scale,72402
Gianyar Waste Recovery Project ,Indonesia,2066,Yayasan Bumi Sasmaya,Other,AMS-III.F. Avoidance of methane emissions through controlled biological treatment of biomass,Micro Scale,9093
GS1366 VPA 27 Kilifi Borehole Rehabilitation Project ,Kenya,2068,CO2balance UK ltd,Energy Efficiency - Domestic,GS TPDDTEC v 1.,Microscale,10000
Distribution of smart water bottles to reduce plastic waste,International,2107,Re Company SA,Energy Efficiency - Domestic,Other,Microscale,30
GS7591 VPA 5 Northern Vietnam Improved Cookstove Project,Viet Nam,2108,Deactivated Projects,Energy Efficiency - Domestic,GS TPDDTEC v3.1,Small Scale,60000
GS7591 VPA 6 Northern Vietnam Improved Cookstove Project,Viet Nam,2109,Deactivated Projects,Energy Efficiency - Domestic,GS TPDDTEC v3.1,Small Scale,60000
"Water is Life, Madagascar ",Madagascar,2110,Madaprojects Srl SB,Energy Efficiency - Domestic,,Small Scale,20738
"GS5658 VPA 13: Water is Life, Madagascar",Madagascar,2111,Madaprojects Srl SB,Energy Efficiency - Domestic,,Micro Scale,10000
4.80 MW renewable energy project by Aleo Manali Hydropower Pvt. Ltd.,India,2112,Aleo Manali Hydropower Pvt Ltd,"Small, Low - Impact Hydro",AMS-I.D. Grid connected renewable electricity generation,Small Scale,17613
PoA for the Reduction of Emission from Non-Renewable Fuel from Cooking at Household Level,Kenya,2115,ClimateCare Limited,"Biomass, or Liquid Biofuel - Heat",AMS-I.E. Switch from Non-Renewable Biomass for Thermal Applications by the User,Small Scale,150000
Spouts-4 by Believegreen LLC,Uganda,2116,Believe Green LLC,Energy Efficiency - Domestic,GS TPDDTEC v3.1,Micro Scale,10000
VPA - Spouts-5 by Believe Green LLC,Uganda,2117,Believe Green LLC,Energy Efficiency - Domestic,GS TPDDTEC v3.1,Micro Scale,10000
Nam Long Hydropower Project (GS2707 CER to VER conversion),Lao People's Democratic Republic,2118,Climate Bridge (Shanghai) Ltd.,"Small, Low - Impact Hydro",,Small Scale,24035
120 MW Solar PV Plant by Juniper Green Sigma Private Ltd. in Gujarat,India,2153,Juniper Green Energy Pvt. Ltd.,Solar Thermal - Electricity,,Large Scale,275305
Toliara PV Plant,Madagascar,2157,atmosfair gGmbH,Other,AMS-I.D. Grid connected renewable electricity generation,Micro Scale,3980
SolarAce1 Energy Project,Philippines,2164,"AC Energy, Inc.",Solar Thermal - Electricity,ACM0002 Grid-connected electricity generation from renewable sources,Large Scale,114433
Household biogas plants in rural parts of North East India,India,2170,Value Network Ventures Pte. Ltd.,Biogas - Heat,AMS-I.E. Switch from Non-Renewable Biomass for Thermal Applications by the User,Small Scale,57690
The Garner Sustainable Biomass and Renewable Energy Programme ,Mozambique,2171,Garner Advisors LLC,"Biomass, or Liquid Biofuel - Heat",AMS-I.E. Switch from Non-Renewable Biomass for Thermal Applications by the User,Small Scale,100000
Garner Mozambique - BioEthanol Cookstoves Project CPA1,Mozambique,2172,Garner Advisors LLC,"Biomass, or Liquid Biofuel - Heat",AMS-I.E. Switch from Non-Renewable Biomass for Thermal Applications by the User,Small Scale,100000
Vaayu India Wind Power Project in Andhra Pradesh (GS4603 CER to VER conversion),India,2180,Wind World (India) Limited,Wind,ACM0002 Grid-connected electricity generation from renewable sources,Large scale,92971
CECIC HKC Danjinghe Wind Farm Project (GS6753 CER to VER Conversion),China,2181,Beijing Fangzhou Jiaye Technology Co ltd,Wind,ACM0002 Grid-connected electricity generation from renewable sources,Large scale,395001
NorthWind Bangui Bay Project,Philippines,2183,First Climate Markets GmbH,Wind,,Large Scale,59268
GS1247 VPA 224 - The Gambia Safe Water,Gambia,2185,CO2balance UK ltd,Energy Efficiency - Domestic,GS TPDDTEC v 1.,Micro Scale,10000
GS1247 VPA 230 The Gambia Safe Water,Gambia,2186,CO2balance UK ltd,Energy Efficiency - Domestic,GS TPDDTEC v 1.,Micro Scale,10000
GS1247 VPA 229 The Gambia Safe Water,Gambia,2187,CO2balance UK ltd,Energy Efficiency - Domestic,,Micro Scale,10000
GS1247 VPA 228 The Gambia Safe Water,Gambia,2188,CO2balance UK ltd,Energy Efficiency - Domestic,,Micro Scale,10000
GS1247 VPA 227 The Gambia Safe Water,Gambia,2189,CO2balance UK ltd,Energy Efficiency - Domestic,,Micro Scale,10000
GS1247 VPA 226 The Gambia Safe Water,Gambia,2190,CO2balance UK ltd,Energy Efficiency - Domestic,,Micro Scale,10000
GS1247 VPA 225 The Gambia Safe Water,Gambia,2191,CO2balance UK ltd,Energy Efficiency - Domestic,,Micro Scale,10000
Household and commercial biogas plants in Kenya,Kenya,2198,"SISTEMA.BIO, INC.",Biogas - Heat,,Large Scale,375053
Wind Power Project in Rajasthan by RSPL Limited,India,2203,EKI Energy Services Limited,Wind,AMS-I.D. Grid connected renewable electricity generation,Small Scale,15030
" 9.6 MW Wind Energy Project at Jamvadi & Navagam & Kalavad, Jamnagar, Gujarat, India of Rohit Surfactants Pvt. Ltd.",India,2204,EKI Energy Services Limited,Wind,AMS-I.D. Grid connected renewable electricity generation,Small Scale,17983
"ROHIT SURFACTANTS PVT.LTD- 10.5 MW Wind Project, Tamil Nadu",India,2205,EKI Energy Services Limited,Wind,AMS-I.D. Grid connected renewable electricity generation,Small Scale,22785
International Programme for Safe Water Access and Efficient Cookstoves ,Kenya,2206,CO2balance UK ltd,Energy Efficiency - Domestic,,Small Scale,0
GS7591 VPA 7 Northern Uganda Safe Water Project,Uganda,2207,CO2balance UK ltd,Energy Efficiency - Domestic,,Small Scale,60000
GS7591 VPA 8 Northern Uganda Safe Water Project,Uganda,2208,CO2balance UK ltd,Energy Efficiency - Domestic,,Small Scale,60000
GS7591 VPA 9 Northern Uganda Safe Water Project,Uganda,2209,CO2balance UK ltd,Energy Efficiency - Domestic,,Small Scale,60000
GS7591 VPA 10 Northern Uganda Safe Water Project,Uganda,2210,CO2balance UK ltd,Energy Efficiency - Domestic,,Small Scale,60000
GS7591 VPA 11 Northern Uganda Safe Water Project,Uganda,2211,CO2balance UK ltd,Energy Efficiency - Domestic,,Small Scale,60000
GS7591 VPA 12 Northern Uganda Safe Water Project ,Uganda,2212,CO2balance UK ltd,Biogas - Electricity,GS TPDDTEC v3.1,Small Scale,60000
GS7591 VPA 13 Northern Uganda Safe Water Project ,Uganda,2213,CO2balance UK ltd,Energy Efficiency - Domestic,GS TPDDTEC v3.1,Small Scale,60000
GS7591 VPA 14 Northern Uganda Safe Water Project ,Uganda,2214,CO2balance UK ltd,Energy Efficiency - Domestic,GS TPDDTEC v3.1,Small Scale,60000
GS7591 VPA 15 Northern Uganda Safe Water Project ,Uganda,2215,CO2balance UK ltd,Energy Efficiency - Domestic,GS TPDDTEC v3.1,Small Scale,60000
GS7591 VPA 16 Northern Uganda Safe Water Project ,Uganda,2216,CO2balance UK ltd,Energy Efficiency - Domestic,GS TPDDTEC v3.1,Small Scale,60000
Solar Water Heater Program in India- “CPA-7”,India,2218,Nuetech Solar Systems Private Limited,Solar Thermal - Heat,,Small Scale,43970
0.85 MW x 2 Wind Turbine Generator project,India,2219,EKI Energy Services Limited,Wind,AMS-I.D. Grid connected renewable electricity generation,Small Scale,3522
Proyecto Mirador Enhanced Distribution of Improved Cookstoves in Latin America – Second VPA for Distribution of Dos por Tres Cookstoves in Guatemala,Guatemala,2220,Proyecto Mirador,Energy Efficiency - Domestic,GS TPDDTEC v 2.,Large Scale,16270
Proyecto Mirador Enhanced Distribution of Improved Cookstoves in Latin America – Third VPA for Distribution of Dos por Tres Cookstoves in Nicaragua,Nicaragua,2221,Proyecto Mirador,Energy Efficiency - Domestic,GS TPDDTEC v 2.,Large Scale,100000
"Grid Connected Wind Power Project In Maharashtra, India By Bhilwara (GS3705 CER to VER Conversion)",India,2222,CLEAN SOLAR POWER (BHADLA) PRIVATE LIMITED,Wind,,Large Scale,73789
Houji Solar Cooker Project ,China,2229,"Sirreon Technology & Development (Beijing) Co.,Ltd",Solar Thermal - Heat,AMS-I.C. Thermal energy production with or without electricity,Small Scale,109294
Shifosi Solar Cooker Project,China,2230,"Sirreon Technology & Development (Beijing) Co.,Ltd",Solar Thermal - Heat,AMS-I.C. Thermal energy production with or without electricity,Small Scale,109294
Zaoyuan Solar Cooker Project,China,2231,"Sirreon Technology & Development (Beijing) Co.,Ltd",Solar Thermal - Heat,AMS-I.C. Thermal energy production with or without electricity,Small Scale,109294
San Pablo del Lago reforestation project ,Ecuador,2232,South Pole Ltd,A/R,,Small Scale,3550
EcoCar Solaire,Senegal,2233,myclimate Foundation,Energy Efficiency - Transport Sector,AMS-III.C. Emission reductions by electric and hybrid vehicles,Microscale,10000
FCN GS PoA for Rural Communities VPA 04,India,2234,Fair Climate Services Private Limited (FCS),Energy Efficiency - Domestic,GS Methodology for Improved Cook stoves and Kitchen Regimes v2.,Small Scale,40000
Waste Management PoA in India,India,2241,Value Network Ventures Pte. Ltd.,Other,,Small Scale,0
Waste Management PoA in India VPA 1,India,2242,Value Network Ventures Pte. Ltd.,Other,,Small Scale,775
Waste Management PoA in India VPA 2,India,2243,Value Network Venture Advisory Services Pte. Ltd.,Other,AMS-I.I. Biogas/biomass thermal applications for households/small users,Small Scale,788
Waste Management PoA in India VPA 3,India,2244,Value Network Ventures Pte. Ltd.,Other,,Small Scale,85949
Waste Management PoA in India VPA 4,India,2245,Value Network Ventures Pte. Ltd.,Other,,Small Scale,386717
Wind based power project in Maharashtra by Siddhayu Ayurvedic Research Foundation Pvt. Ltd.,India,2253,EKI Energy Services Limited,Wind,AMS-I.D. Grid connected renewable electricity generation,Small Scale,21807
MRMPL Wind Power Project.,India,2254,Infinite Environmental Solutions LLP,Wind,ACM0002 Grid-connected electricity generation from renewable sources,Large Scale,32788
"Solar PV Power project in Barmer, Rajasthan.",India,2257,Infinite Environmental Solutions Limited,Solar Thermal - Electricity,ACM0002 Grid-connected electricity generation from renewable sources,Large Scale,88189
Renewable Power Project by the Kiran Group (EKIESL- CDM. September 15-02),India,2260,EKI Energy Services Limited,Wind,AMS-I.D. Grid connected renewable electricity generation,Small Scale,17360
"50.6 MW Wind Power Project at Umrali, Gujarat by Powerica Limited ",India,2261,Powerica Limited,Wind,,Large Scale,149487
50.6 MW Wind Power Project in Gujarat by Powerica Limited,India,2262,Powerica Limited,Wind,,Large Scale,126186
"Caypinar Wind Farm Project, Turkey",Turkey,2289,Ayen Enerji A. S.,Wind,ACM0002 Grid-connected electricity generation from renewable sources,Large Scale,48854
"Baglama Wind Power Project, Turkey ",Turkey,2311,Fiba Yenilenebilir Enerji Holding A.Ş,Wind,ACM0002 Grid-connected electricity generation from renewable sources,Large Scale,73253
Rural electrification program Madagascar,Madagascar,2312,atmosfair gGmbH,"Biomass, or Liquid Biofuel - Electricity",AMS-I.L. Electrification of rural communities using renewable energy,Micro Scale,5000
CANAKKALE LANDFILL GAS POWER PLANT,Turkey,2313,Suez Çanakkale RR Atık Hizmetleri A.Ş.,Biogas - Electricity,,Small Scale,29781
200 MW Solar PV Plant by Mahindra Susten in Rajasthan,India,2314,Mahindra Susten Private Limited,PV,ACM0002 Grid-connected electricity generation from renewable sources,Large Scale,464329
250 MW Solar PV Plant by Mega Suryaurja in Rajasthan,India,2315,Mahindra Susten Private Limited,Solar Thermal - Electricity,ACM0002 Grid-connected electricity generation from renewable sources,Large Scale,510721
150 MW Solar PV Plant by Juniper Green Field Pvt. Ltd. in Maharashtra,India,2316,Juniper Green Energy Pvt. Ltd.,Solar Thermal - Electricity,ACM0002 Grid-connected electricity generation from renewable sources,Large Scale,331609
"Wind farm at Lalpur, Gujarat ",India,2317,Orange Renewable Power Pvt Ltd,Wind,ACM0002 Grid-connected electricity generation from renewable sources,Large Scale,94584
"Wind power project in Madhya Pradesh (2), India ",India,2318,Orange Renewable Power Pvt Ltd,Other,ACM0002 Grid-connected electricity generation from renewable sources,Large Scale,88711
Wind energy project by KWEPL - 1 ,India,2319,Orange Renewable Power Pvt Ltd,Wind,ACM0002 Grid-connected electricity generation from renewable sources,Large Scale,67063
Wind project by LWEPL-2 ,India,2320,Orange Renewable Power Pvt Ltd,Wind,,Large Scale,79470
Wind power project in Gujarat by Kaze Energy Limited ,India,2321,Orange Renewable Power Pvt Ltd,Other,ACM0002 Grid-connected electricity generation from renewable sources,Large Scale,108398
"Wind power project in Ratlam, MP ",India,2322,Orange Renewable Power Pvt Ltd,Other,ACM0002 Grid-connected electricity generation from renewable sources,Large Scale,127609
Solar Thermal Power project at Kutcch District in Gujarat,India,2323,EKI Energy Services Limited,Solar Thermal - Electricity,ACM0002 Grid-connected electricity generation from renewable sources,Large scale,109807
CANDARLI WPP,Turkey,2324,GTE KARBON SUSTAINABLE ENERJI EGITIM DANISMANLIK VE TICARET A.S.,Wind,ACM0002 Grid-connected electricity generation from renewable sources,Large Scale,43760
OMERLI WPP,Turkey,2325,GTE KARBON SUSTAINABLE ENERJI EGITIM DANISMANLIK VE TICARET A.S.,Wind,,Large Scale,190750
GS7591 VPA 17 Central Mozambique Safe Water Programme,Mozambique,2331,CO2balance UK ltd,Energy Efficiency - Domestic,,Small Scale,70000
GS7591 VPA 18 Central Mozambique Safe Water Programme,Mozambique,2332,CO2balance UK ltd,Energy Efficiency - Domestic,GS TPDDTEC v3.1,Small Scale,70000
GS7591 VPA 19 Central Mozambique Safe Water Programme,Mozambique,2333,CO2balance UK ltd,Energy Efficiency - Domestic,,Small Scale,70000
GS7591 VPA 20 Central Mozambique Safe Water Programme,Mozambique,2334,CO2balance UK ltd,Energy Efficiency - Domestic,,Small Scale,70000
GS7591 VPA 21 Central Mozambique Safe Water Programme,Mozambique,2335,CO2balance UK ltd,Energy Efficiency - Domestic,,Small Scale,70000
GS7591 VPA 22 Central Mozambique Safe Water Programme,Mozambique,2336,CO2balance UK ltd,Energy Efficiency - Domestic,,Small Scale,70000
GS7591 VPA 23 Central Mozambique Safe Water Programme,Mozambique,2337,CO2balance UK ltd,Energy Efficiency - Domestic,,Small Scale,70000
GS7591 VPA 24 Central Mozambique Safe Water Programme,Mozambique,2338,CO2balance UK ltd,Energy Efficiency - Domestic,,Small Scale,70000
GS7591 VPA 25 Central Mozambique Safe Water Programme,Mozambique,2339,CO2balance UK ltd,Energy Efficiency - Domestic,,Small Scale,70000
GS7591 VPA 26 Central Mozambique Safe Water Programme,Mozambique,2340,CO2balance UK ltd,Energy Efficiency - Domestic,,Small Scale,70000
GS7591 VPA 27 Central Mozambique Safe Water Programme,Mozambique,2341,CO2balance UK ltd,Energy Efficiency - Domestic,,Small Scale,70000
GS7591 VPA 28 Central Mozambique Safe Water Programme,Mozambique,2342,CO2balance UK ltd,Energy Efficiency - Domestic,,Small Scale,60000
GS7591 VPA 29 Central Mozambique Safe Water Programme,Mozambique,2343,CO2balance UK ltd,Energy Efficiency - Domestic,,Small Scale,70000
GS7591 VPA 30 Central Mozambique Safe Water Programme,Mozambique,2344,CO2balance UK ltd,Energy Efficiency - Domestic,,Small Scale,70000
GS7591 VPA 31 Central Mozambique Safe Water Programme,Mozambique,2345,CO2balance UK ltd,Energy Efficiency - Domestic,,Small Scale,70000
"Tayakadın Wind Power Project, Turkey",Turkey,2347,Fiba Yenilenebilir Enerji Holding A.Ş,Wind,ACM0002 Grid-connected electricity generation from renewable sources,Large Scale,82982
7 MW Bundled Hydro power project at Himachal Pradesh of Raajratna Energy Holdings Pvt. Ltd,India,2351,Infinite Environmental Solutions LLP,"Small, Low - Impact Hydro",AMS-I.D. Grid connected renewable electricity generation,Small Scale,21396
250 MW Solar PV Plant by Mahindra Renewables in Rajasthan,India,2363,Mahindra Susten Private Limited,Solar Thermal - Electricity,ACM0002 Grid-connected electricity generation from renewable sources,Large Scale,526285
Greenhouse Gas Emission Reductions Through Thermal Solar Power Technology - Rajasthan Sun Technique Energy Pvt. Ltd,India,2365,Infinite Environmental Solutions Limited,Solar Thermal - Electricity,ACM0002 Grid-connected electricity generation from renewable sources,Large Scale,101315
Jeori Hydro-Electric Project ,India,2367,Orange Renewable Power Pvt Ltd,"Small, Low - Impact Hydro",AMS-I.D. Grid connected renewable electricity generation,Small Scale,43634
Wind energy project by KWEPL - 3,India,2368,Infinite Environmental Solutions Limited,Wind,ACM0002 Grid-connected electricity generation from renewable sources,Large Scale,57202
GS1247 VPA 219 Central and Western Uganda Safe Water Project,Uganda,2369,CO2balance UK ltd,Energy Efficiency - Domestic,,Micro Scale,10000
GS1247 VPA 220 Central and Western Uganda Safe Water Project,Uganda,2370,CO2balance UK ltd,Energy Efficiency - Domestic,,Micro Scale,10000
GS1247 VPA 221 Central and Western Uganda Safe Water Project,Uganda,2371,Quark,Energy Efficiency - Domestic,GS TPDDTEC v 1.,Microscale,10000
GS1247 VPA 222 Central and Western Uganda Safe Water Project,Uganda,2372,Quark,Energy Efficiency - Domestic,GS TPDDTEC v 1.,Microscale,10000
GS1247 VPA 223 Central and Western Uganda Safe Water Project,Uganda,2373,Quark,Energy Efficiency - Domestic,GS TPDDTEC v 1.,Microscale,10000
Greenhouse Gas Emission Reductions Through Wind Energy Technology - Reliance Clean Power Pvt. Ltd.,India,2408,Infinite Environmental Solutions Limited,Wind,ACM0002 Grid-connected electricity generation from renewable sources,Large Scale,74787
Greenhouse Gas Emission Reductions Through Photovoltaic Technology - Dahanu Solar Power Pvt. Ltd.,India,2409,Infinite Environmental Solutions Limited,Solar Thermal - Electricity,ACM0002 Grid-connected electricity generation from renewable sources,Large Scale,65497
300 MW Wind Power Project by SITAC Kabini in Gujarat,India,2410,Kabini Renewables Private Limited,Wind,,Large Scale,909553
"Wind Power Project in Tamil Nadu, India",India,2411,Infinite Environmental Solutions Limited,Other,ACM0002 Grid-connected electricity generation from renewable sources,Large Scale,41515
10MW biomass power plant at Sangli by Sinewave Power,India,2412,EKI Energy Services Limited,"Biomass, or Liquid Biofuel - Electricity",AMS-I.D. Grid connected renewable electricity generation,Small Scale,54101
"Biomass based cogeneration project at Bhagwati Vintrade, Ramgarh, Jharkhand, India",India,2413,EKI Energy Services Limited,Other,AMS-I.C. Thermal energy production with or without electricity,Small Scale,31646
Baner Sangam small hydro power project,India,2414,EKI Energy Services Limited,"Small, Low - Impact Hydro",AMS-I.D. Grid connected renewable electricity generation,Small Scale,20795
"Emission free electricity generation at Harihar, Karnataka",India,2415,EKI Energy Services Limited,Wind,AMS-I.D. Grid connected renewable electricity generation,Small Scale,11569
Wind Power Project by RKLPL (EKIESL-CDM.September -11-01),India,2416,EKI Energy Services Limited,Wind,,Small Scale,14256
VINCA Landfill Gas and Energy from Waste facilities ,Serbia,2516,BEO CISTA ENERGIJA d.o.o.,"Biomass, or Liquid Biofuel - Cogeneration",,Large Scale,217970
Run of River Small Hydro Power Plants in Peru,Peru,2521,ACQUA ENERGIA,"Small, Low - Impact Hydro",AMS-I.D. Grid connected renewable electricity generation,Small Scale,81119
"GREEN ENERGY TO GRID at Dhule, Maharashtra",India,2530,EKI Energy Services Limited,Wind,ACM0002 Grid-connected electricity generation from renewable sources,Large Scale,37478
"Wind Energy Project at Jaisalmer district, Rajasthan by Enn Enn Corp Limited",India,2531,EKI Energy Services Limited,Wind,AMS-I.D. Grid connected renewable electricity generation,Small Scale,11435
GS7591 VPA 33 Zambian Central Province Safe Water,Zambia,2532,CO2balance UK ltd,Energy Efficiency - Domestic,,Small Scale,70000
GS7591 VPA 32 Zambian Central Province Safe Water,Zambia,2533,CO2balance UK ltd,Energy Efficiency - Domestic,,Small Scale,64419
GS7591 VPA 36 Zambian Central Province Safe Water,Zambia,2536,CO2balance UK ltd,Energy Efficiency - Domestic,,Small Scale,70000
VPA 28 Coastal Kenya Borehole Rehabilitation Project,Kenya,2537,CO2balance UK ltd,Energy Efficiency - Domestic,,Small Scale,60000
GS1366 VPA 29 Coastal Kenya Borehole Rehabilitation Project,Kenya,2538,CO2balance UK ltd,Energy Efficiency - Domestic,GS TPDDTEC v 1.,Microscale,10000
GS1366 VPA 32 Coastal Kenya Borehole Rehabilitation Project,Kenya,2541,CO2balance UK ltd,Energy Efficiency - Domestic,GS TPDDTEC v 1.,Microscale,10000
GS1366 VPA 38 Coastal Kenya Borehole Rehabilitation Project,Kenya,2547,CO2balance UK ltd,Energy Efficiency - Domestic,GS TPDDTEC v 1.,Microscale,10000
GS1366 VPA 39 Coastal Kenya Borehole Rehabilitation Project,Kenya,2548,CO2balance UK ltd,Energy Efficiency - Domestic,GS TPDDTEC v 1.,Microscale,10000
GS1366 VPA 40 Coastal Kenya Borehole Rehabilitation Project,Kenya,2549,CO2balance UK ltd,Energy Efficiency - Domestic,GS TPDDTEC v 1.,Microscale,10000
GS1366 VPA 41 Coastal Kenya Borehole Rehabilitation Project,Kenya,2550,CO2balance UK ltd,Energy Efficiency - Domestic,GS TPDDTEC v 1.,Microscale,10000
GS1366 VPA 42 Coastal Kenya Borehole Rehabilitation Project,Kenya,2551,CO2balance UK ltd,Energy Efficiency - Domestic,GS TPDDTEC v 1.,Microscale,10000
GS1366 VPA 43 Coastal Kenya Borehole Rehabilitation Project,Kenya,2552,CO2balance UK ltd,Energy Efficiency - Domestic,GS TPDDTEC v 1.,Microscale,10000
GS1366 VPA 45 Coastal Kenya Borehole Rehabilitation Project,Kenya,2554,CO2balance UK ltd,Energy Efficiency - Domestic,GS TPDDTEC v 1.,Microscale,10000
GS1366 VPA 46 Coastal Kenya Borehole Rehabilitation Project,Kenya,2555,CO2balance UK ltd,Energy Efficiency - Domestic,GS TPDDTEC v 1.,Microscale,10000
GS1366 VPA 47 Coastal Kenya Borehole Rehabilitation Project,Kenya,2556,CO2balance UK ltd,Energy Efficiency - Domestic,GS TPDDTEC v 1.,Microscale,10000
GS1366 VPA 48 Coastal Kenya Borehole Rehabilitation Project,Kenya,2557,CO2balance UK ltd,Energy Efficiency - Domestic,GS TPDDTEC v 1.,Micro scale,10000
GS1366 VPA 49 Coastal Kenya Borehole Rehabilitation Project,Kenya,2558,CO2balance UK ltd,Energy Efficiency - Domestic,GS TPDDTEC v 1.,Microscale,10000
GS1366 VPA 50 Coastal Kenya Borehole Rehabilitation Project,Kenya,2559,CO2balance UK ltd,Energy Efficiency - Domestic,GS TPDDTEC v 1.,Microscale,10000
GS1366 VPA 51 Coastal Kenya Borehole Rehabilitation Project,Kenya,2560,CO2balance UK ltd,Energy Efficiency - Domestic,GS TPDDTEC v 1.,Microscale,10000
GS1366 VPA 52 Coastal Kenya Borehole Rehabilitation Project,Kenya,2561,CO2balance UK ltd,Energy Efficiency - Domestic,GS TPDDTEC v 1.,Microscale,10000
250 MW Solar Power project by SB Energy,India,2562,SB Energy Private limited,Solar Thermal - Electricity,ACM0002 Grid-connected electricity generation from renewable sources,Large scale,492382
"Hybrid (Solar+Wind) Power project by SBE Renewables, Rajasthan",India,2565,Adani Green Energy Limited,Other,ACM0002 Grid-connected electricity generation from renewable sources,Large Scale,1230551
Gazi-9 WPP,Turkey,2586,Sanko Enerji Sanayi ve Ticaret A.Ş.,Wind,,Large Scale,115699
West Huaybong 2 wind farm project,Thailand,2589,Kosher Climate India Pvt Ltd.,Wind,ACM0002 Grid-connected electricity generation from renewable sources,Large Scale,124825
300 MW Wind Power Project in Gujarat by Alfanar Power ,India,2590,Kosher Climate India Pvt Ltd.,Wind,,Large Scale,901559
West Huaybong 3 wind farm project,Thailand,2591,Kosher Climate India Pvt Ltd.,Wind,ACM0002 Grid-connected electricity generation from renewable sources,Large Scale,139035
Bundled Solar project by Amplus Solar,India,2592,Kosher Climate India Pvt Ltd,Solar Thermal - Electricity,ACM0002 Grid-connected electricity generation from renewable sources,Large Scale,38193
Bundled Solar project by Atria Power,India,2593,Kosher Climate India Pvt Ltd.,Solar Thermal - Electricity,ACM0002 Grid-connected electricity generation from renewable sources,Large Scale,105862
75 MW Mirzapur Solar Power Project ,India,2594,Kosher Climate India Pvt Ltd.,Solar Thermal - Electricity,ACM0002 Grid-connected electricity generation from renewable sources,Large Scale,132328
"96.8 MW Wind Power Project in Amreli, Gujarat",India,2595,Kosher Climate India Pvt Ltd.,Wind,,Large Scale,295029
300 MW Wind Power Project in Gujarat by Netra Wind Private Limited,India,2597,Kosher Climate India Pvt Ltd.,Wind,ACM0002 Grid-connected electricity generation from renewable sources,Large Scale,962998
Tuppadahalli Wind Energy Project,India,2598,Kosher Climate India Pvt Ltd.,Wind,,Large Scale,128809
Wind Energy Project in Gujarat by Enn Enn Corp Limited,India,2600,EKI Energy Services Limited,Wind,AMS-I.D. Grid connected renewable electricity generation,Small Scale,21085
" 13.3 MW grid connected bundled wind electricity generation project at Rajasthan and Karnataka, India",India,2601,EKI Energy Services Limited,Wind,AMS-I.D. Grid connected renewable electricity generation,Small Scale,21890
"13.75 MW wind power project at Bellary & Davangere district in the state Karnataka, India",India,2602,EKI Energy Services Limited,Wind,AMS-I.D. Grid connected renewable electricity generation,Small Scale,30373
"30 MW wind power project at Surajbari, Gujarat in India",India,2603,EKI Energy Services Limited,Wind,,Large Scale,54460
Clean Electricity Generation by Solar Power Project in Rajasthan,India,2605,AZURE POWER INDIA PRIVATE LIMITED,Solar Thermal - Electricity,,Large Scale,1011772
250 MW Solar Power Project by Clean Solar Power Jodhpur Pvt. Ltd ,India,2606,CLEAN SOLAR POWER (JODHPUR) PRIVATE LIMITED (Suspended: Account Fee),Other,,Large Scale,599494
27 MWp Solar PV Project by MH Technique Solaire India Private Limited,India,2607,MH Technique Solaire India Private Limited,Solar Thermal - Electricity,,Large Scale,32340
"10.4 MW wind power project at Tiwari site of Jodhpur district in the state of Rajasthan, India",India,2608,EKI Energy Services Limited,Wind,AMS-I.D. Grid connected renewable electricity generation,Small Scale,18418
Solar Project In Pakistan,Pakistan,2611,Infinite Environmental Solutions Limited,Other,,Large Scale,161559
ARISU SOLAR POWER PLANT,Turkey,2619,GTE KARBON SUSTAINABLE ENERJI EGITIM DANISMANLIK VE TICARET A.S.,Solar Thermal - Electricity,,Large Scale,45000
Clean Cooking Initiative,Myanmar,2620,Newton Energy,Energy Efficiency - Domestic,GS TPDDTEC v3.1,Small Scale,3000
Improved cook stoves and sustainable charcoal initiative,India,2621,atmosfair gGmbH,Energy Efficiency - Domestic,,Small Scale,0
Tire Biogas Power Plant,Turkey,2625,Tire Biyogaz Elektrik uretim Anonim Sirketi,Biogas - Electricity,AMS-I.D. Grid connected renewable electricity generation,Large Scale,101267
ECOLIFE Conservation Patsari Improved Cookstove project Monarch Butterfly Biosphere Reserve Mexico ,Mexico,2626,ECOLIFE Conservation,Energy Efficiency - Domestic,GS TPDDTEC v3.1,Small Scale,28124
Namene Solar Light Company: Replacing Kerosene lights and paraffin candles by solar lights in Namibia ,Namibia,2627,NAMENE CLIMATE INVESTMENT VEHICLE LIMITED,Other,AMS-III.AR. Substituting fossil fuel based lighting with LED lighting systems,Small Scale,29985
Promotion of clean cooking solutions in rural India by Infosys,India,2628,Infosys,Biogas - Heat,,Small Scale,0
"37.95 MW Wind power project in Bharmasagar, Karnataka by BPEIPL",India,2630,Sembcorp Green Infra Limited,Wind,ACM0002 Grid-connected electricity generation from renewable sources,Large Scale,93735
"24 MW wind power project in Tamil Nadu, India",India,2631,Green Infra Wind Energy Limited,Other,ACM0002 Grid-connected electricity generation from renewable sources,Large Scale,49467
"23.1 MW Wind power project in Telagi, Karnataka",India,2632,Sembcorp Green Infra Private Limited,Wind,ACM0002 Grid-connected electricity generation from renewable sources,Large Scale,59458
Wind power project in Maharashtra by TVS Energy Limited,India,2633,Sembcorp Green Infra Private Limited,Wind,,Large Scale,43919
"Wind energy project in Theni, Tamil Nadu",India,2634,Green Infra Wind Energy Limited,Other,AMS-I.D. Grid connected renewable electricity generation,Small Scale,18863
"Wind power project by TVS Energy Limited in Theni, Tamil Nadu",India,2635,Green Infra Wind Energy Limited,Other,AMS-I.D. Grid connected renewable electricity generation,Small Scale,18863
" 10 MW Solar Photovoltaic Power Plant in Rajkot, Gujarat (India)",India,2636,Sembcorp Green Infra Private Limited,Solar Thermal - Electricity,AMS-I.D. Grid connected renewable electricity generation,Small Scale,16415
"5 MW Solar Photovoltaic based Power Generation in Jodhpur, Rajasthan",India,2637,Green Infra Wind Energy Limited,Other,AMS-I.D. Grid connected renewable electricity generation,Small Scale,8177
"Wind power project in Tirunelveli, Tamil Nadu by TVS Energy Limited",India,2638,Sembcorp Green Infra Private Limited,Wind,AMS-I.D. Grid connected renewable electricity generation,Small Scale,28406
Bundled wind power project in the state of Gujarat,India,2639,Sembcorp Green Infra Private Limited,Wind,AMS-I.D. Grid connected renewable electricity generation,Large Scale,96444
50 MW Solar PV Project by Sembcorp Green Infra Limited,India,2642,Sembcorp Green Infra Limited,Solar Thermal - Electricity,ACM0002 Grid-connected electricity generation from renewable sources,Large scale,102579
Wind Power Project in Tamil Nadu by Green Infra Renewable Energy Limited (SECI-1),India,2643,Deactivated Projects,Wind,ACM0002 Grid-connected electricity generation from renewable sources,Large Scale,707515
Saros Wind Power Plant,Turkey,2645,BORUSAN ENBW ENERJI YATIRIMLARI VE ÜRETIM A.S.,Wind,,Large Scale,280909
Enercon Wind Farm (Hindustan) Ltd in Rajasthan (GS2483 CER to VER conversion),India,2646,Wind World (India) Limited,Wind,ACM0002 Grid-connected electricity generation from renewable sources,Large scale,101047
"GS5658 VPA 16: Water is Life, Madagascar  ",Madagascar,2647,Madaprojects Srl SB,Energy Efficiency - Domestic,GS TPDDTEC v3.1,Micro Scale,8166
"GS5658 VPA 17: Water is Life, Madagascar  ",Madagascar,2648,Madaprojects Srl SB,Energy Efficiency - Domestic,GS TPDDTEC v3.1,Micro Scale,10000
"GS5658 VPA 18: Water is Life, Madagascar  ",Madagascar,2649,Madaprojects Srl SB,Energy Efficiency - Domestic,GS TPDDTEC v3.1,Micro Scale,10000
Vaayu India Wind Power Project in Gujarat (GS3958 CER to VER conversion),India,2651,Wind World (India) Limited,Wind,ACM0002 Grid-connected electricity generation from renewable sources,Large scale,106378
"Vaayu India Wind Power Project in Jaisalmer, Rajasthan (GS5013 CER to VER conversion)",India,2652,Wind World (India) Limited,Wind,ACM0002 Grid-connected electricity generation from renewable sources,Large scale,87159
GS1247 VPA 231 Sierra Leone Safe Water ,Sierra Leone,2653,CO2balance UK ltd,Energy Efficiency - Domestic,,Micro Scale,10000
GS1247 VPA 232 Sierra Leone Safe Water,Sierra Leone,2654,CO2balance UK ltd,Energy Efficiency - Domestic,,Micro Scale,10000
GS1247 VPA 233 Sierra Leone Safe Water,Sierra Leone,2655,CO2balance UK ltd,Energy Efficiency - Domestic,,Micro Scale,10000
GS1247 VPA 234 Sierra Leone Safe Water ,Sierra Leone,2656,CO2balance UK ltd,Energy Efficiency - Domestic,GS TPDDTEC v 1.,Microscale,10000
GS1247 VPA 235 Sierra Leone Safe Water ,Sierra Leone,2657,CO2balance UK ltd,Energy Efficiency - Domestic,GS TPDDTEC v 1.,Microscale,10000
GS1247 VPA 236 Sierra Leone Safe Water ,Sierra Leone,2658,CO2balance UK ltd,Energy Efficiency - Domestic,GS TPDDTEC v 1.,Microscale,10000
GS1247 VPA 237 Sierra Leone Safe Water ,Sierra Leone,2659,CO2balance UK ltd,Energy Efficiency - Domestic,GS TPDDTEC v 1.,Microscale,10000
GS1247 VPA 238 Sierra Leone Safe Water,Sierra Leone,2660,CO2balance UK ltd,Energy Efficiency - Domestic,GS TPDDTEC v 1.,Microscale,10000
GS1247 VPA 239 Sierra Leone Safe Water,Sierra Leone,2661,CO2balance UK ltd,Energy Efficiency - Domestic,GS TPDDTEC v 1.,Microscale,10000
GS1247 VPA 240 Sierra Leone Safe Water ,Sierra Leone,2662,CO2balance UK ltd,Energy Efficiency - Domestic,GS TPDDTEC v 1.,Microscale,10000
GS1247 VPA 243 Manicaland Safe Water,Zimbabwe,2666,CO2balance UK ltd,Energy Efficiency - Domestic,GS TPDDTEC v 1.,Microscale,10000
GS1247 VPA 244 Manicaland Safe Water,Zimbabwe,2667,CO2balance UK ltd,Energy Efficiency - Domestic,GS TPDDTEC v 1.,Microscale,10000
Promotion of clean cooking solutions in rural India by Infosys – VPA 1,India,2668,Infosys,Biogas - Electricity,,Small Scale,76195
GS5562 VPA 2: Efficient and Clean Cooking for Mozambican Low-Income Households,Mozambique,2669,Mozambique Carbon Initiative LDA,Energy Efficiency - Domestic,AMS-II.G. Energy Efficiency Measures in Thermal Applications of Non-Renewable Biomass,Small Scale,60856
MIVO Energie - Enabling LPG access for cooking in Togo,Togo,2670,Entrepreneurs du Monde,Energy Efficiency - Domestic,,Large Scale,28127
 GS5562 VPA3: Efficient and Clean Cooking for Mozambican Low-Income Households ,Mozambique,2671,Mozambique Carbon Initiative LDA,Energy Efficiency - Domestic,AMS-II.G. Energy Efficiency Measures in Thermal Applications of Non-Renewable Biomass,Small Scale,10600
GS1247 VPA 245 Improved Kitchen Regimes Manica Province Safe Water (Mozambique) ,Mozambique,2672,CO2balance UK ltd,Energy Efficiency - Domestic,GS TPDDTEC v 1.,Microscale,10000
Increased and improved access to safe drinking water in developing countries,"Tanzania, United Republic of",2673,Anthesis B.V.,Energy Efficiency - Domestic,GS TPDDTEC v3.1,Large Scale,64152
"Improved cook stoves and sustainable charcoal initiative, CPA 1",India,2674,atmosfair gGmbH,Energy Efficiency - Domestic,AMS-II.G. Energy Efficiency Measures in Thermal Applications of Non-Renewable Biomass,Small Scale,608055
CCI MM 01 ,Myanmar,2675,Newton Energy,Energy Efficiency - Domestic,GS TPDDTEC v3.1,Small Scale,3000
Zaidi Bomba Maji Arusha,"Tanzania, United Republic of",2676,Anthesis B.V.,Energy Efficiency - Domestic,GS TPDDTEC v3.1,Small Scale,12887
GS10646 Run of River Hydro Power Plants in Peru - Small Hydro Power Plant Project - PCH Marca (H1) ,Peru,2677,ACQUA ENERGIA,"Small, Low - Impact Hydro",AMS-I.D. Grid connected renewable electricity generation,Small Scale,17477
GS1247 VPA 252 Kaliro Safe Water,Uganda,2689,CO2balance UK ltd,Energy Efficiency - Domestic,GS TPDDTEC v3.1,Microscale,10000
GS1247 VPA 253 Kaliro Safe Water,Uganda,2690,CO2balance UK ltd,Energy Efficiency - Domestic,GS TPDDTEC v3.1,Microscale,10000
GS1247 VPA 255 Kaliro Safe Water,Uganda,2692,CO2balance UK ltd,Energy Efficiency - Domestic,GS TPDDTEC v3.1,Microscale,10000
GS1247 VPA 256 Northern Ethiopia Community Safe Water,Ethiopia,2724,CO2balance UK ltd,Energy Efficiency - Domestic,,Micro Scale,10000
GS1247 VPA 257 Northern Ethiopia Community Protected Springs,Ethiopia,2725,CO2balance UK ltd,Energy Efficiency - Domestic,,Micro Scale,10000
GS1247 VPA 258 Northern Ethiopia Community Protected Springs,Ethiopia,2726,CO2balance UK ltd,Energy Efficiency - Domestic,,Micro Scale,10000
WADI - Innovation for Safe Water and Climate in Uganda,Uganda,2727,myclimate Foundation,Energy Efficiency - Domestic,GS TPDDTEC v3.1,Small Scale,18000
"Nepal Biogas Support Program-CPA 10: 10,589 digesters",Nepal,2728,Alternative Energy Promotion Centre,Biogas - Heat,AMS-I.E. Switch from Non-Renewable Biomass for Thermal Applications by the User,Small Scale,38731
GS5047 VPA47 African Improved Cookstoves and Clean Water Programme: Gishwati – Mukura Forest Conservation Project I,Rwanda,2729,Likano Project Development GmbH,Energy Efficiency - Domestic,,Micro Scale,8802
GS5047 VPA48 African Improved Cookstoves and Clean Water Programme: Gishwati – Mukura Forest Conservation Project II,Rwanda,2730,Likano Project Development GmbH,Energy Efficiency - Domestic,,Micro Scale,8802
GS5047 VPA49 African Improved Cookstoves and Clean Water Programme: Gishwati – Mukura Forest Conservation Project III,Rwanda,2731,Likano Project Development GmbH,Energy Efficiency - Domestic,,Micro Scale,8802
"GS5658 VPA 21: Access to energy for local development and women's empowerment in Cabo Delgado Province, Mozambique",Mozambique,2733,Carbonsink (Carbonsink Group S.r.l.),Energy Efficiency - Domestic,GS TPDDTEC v3.1,Micro Scale,6877
GS5658 VPA 22: Production and sale of efficient cookstoves in the urban areas of Maputo Province,Mozambique,2734,Carbonsink (Carbonsink Group S.r.l.),Energy Efficiency - Domestic,GS TPDDTEC v3.1,Micro Scale,6355
GS1340 Efficient cookstoves in Burkina Faso - VPA-16 - Improved Cookstove F3PA project in Nahouri,Burkina Faso,2737,Tiipaalga,Energy Efficiency - Domestic,GS MS Simplified Methodology for Efficient Cookstoves v1.,Micro Scale,9599
GS1340 Efficient cookstoves in Burkina Faso - VPA-17 - Improved Cookstove F3PA project in Nahouri,Burkina Faso,2738,Tiipaalga,Energy Efficiency - Domestic,GS MS Simplified Methodology for Efficient Cookstoves v1.,Micro Scale,9599
Household biogas plants in rural parts of Central India,India,2739,Value Network Ventures Pte. Ltd.,Biogas - Electricity,,Small Scale,56235
"GS5658 VPA 23: Water is Life, Madagascar",Madagascar,2740,Madaprojects Srl SB,Energy Efficiency - Domestic,,Micro Scale,8122
"GS5658 VPA 24: Water is Life, Madagascar",Madagascar,2741,Madaprojects Srl SB,Energy Efficiency - Domestic,GS TPDDTEC v3.1,Micro Scale,10000
Clean Impact Bond,Kenya,2742,"SISTEMA.BIO, INC.",Energy Efficiency - Domestic,,Large Scale,0
Sustainable Market Development of Improved cooking in rural Nepal by Practical Action,Nepal,2745,Value Network Ventures Pte. Ltd.,Energy Efficiency - Domestic,AMS-II.G. Energy Efficiency Measures in Thermal Applications of Non-Renewable Biomass,Small Scale,37390
ECOA_BURN multi-country Clean Cooking Programme,International,2746,ECOA Climate Capital,Energy Efficiency - Domestic,,Large Scale,0
GS10789 VPA1: Efficient and Clean Cooking for households in Somalia,Somalia,2747,ECOA Climate Capital,Energy Efficiency - Domestic,,Large Scale,358068
GS10789 VPA2: Efficient and Clean Cooking for households in Kenya,Kenya,2748,ABLE IMPACT,Energy Efficiency - Domestic,,Large Scale,350907
GS10789 VPA3: Efficient and Clean Cooking for households in Kenya,Kenya,2749,ECC- Talanton Trust,Energy Efficiency - Domestic,,Large Scale,180217
Implementation and operation of water kiosks - PoA ,Kenya,2752,atmosfair gGmbH,Energy Efficiency - Domestic,,Micro Scale,0
Implementation and operation of water kiosks in Kenya - VPA 1,Kenya,2753,atmosfair gGmbH,Energy Efficiency - Domestic,,Micro Scale,3593
 Himalayan Rocket Stove Project in India ,India,2754,South Pole Ltd SCV,Energy Efficiency - Public Sector,,Large Scale,196195
Wind Power Project At Sea – No.5 Wind Power Plant Thanh Hai 1-4,Viet Nam,2755,South Pole Ltd SCV,Wind,ACM0002 Grid-connected electricity generation from renewable sources,Large Scale,319920
"GS1247 VPA 259 Improved Kitchen Regimes Multi-Country PoA - Dowa Boreholes, Malawi",Malawi,2756,CO2balance UK ltd,Energy Efficiency - Domestic,GS TPDDTEC v3.1,Micro Scale,10000
"GS1247 VPA 260 Improved Kitchen Regimes Multi-Country PoA - Dowa Boreholes, Malawi",Malawi,2757,CO2balance UK ltd,Energy Efficiency - Domestic,GS TPDDTEC v3.1,Micro Scale,10000
"GS1247 VPA 262 Improved Kitchen Regimes Multi-Country PoA - Dowa Boreholes, Malawi",Malawi,2759,CO2balance UK ltd,Energy Efficiency - Domestic,GS TPDDTEC v3.1,Micro Scale,10000
"GS1247 VPA 263 Improved Kitchen Regimes Multi-Country PoA - Dowa Boreholes, Malawi",Malawi,2760,CO2balance UK ltd,Energy Efficiency - Domestic,GS TPDDTEC v3.1,Micro Scale,10000
"GS1247 VPA 264 Improved Kitchen Regimes Multi-Country PoA - Dowa Boreholes, Malawi",Malawi,2761,CO2balance UK ltd,Energy Efficiency - Domestic,GS TPDDTEC v3.1,Micro Scale,10000
"GS1247 VPA 265 Improved Kitchen Regimes Multi-Country PoA - Dowa Boreholes, Malawi",Malawi,2762,CO2balance UK ltd,Energy Efficiency - Domestic,GS TPDDTEC v3.1,Micro Scale,10000
GS5658 VPA 26: Promoting energy efficiency & clean cooking in Pemba,Mozambique,2764,Carbonsink (Carbonsink Group S.r.l.),Energy Efficiency - Domestic,,Micro Scale,10000
Biogas Support Program – Nepal (BSP-Nepal) Activity-2,Nepal,2768,Alternative Energy Promotion Centre,Biogas - Heat,AMS-I.E. Switch from Non-Renewable Biomass for Thermal Applications by the User,Small Scale,35357
Biogas Support Program – Nepal Activity-3,Nepal,2769,Alternative Energy Promotion Centre,Biogas - Heat,AMS-I.E. Switch from Non-Renewable Biomass for Thermal Applications by the User,Small Scale,74082
Biogas Support Program – Nepal Activity-4,Nepal,2770,Alternative Energy Promotion Centre,Biogas - Heat,AMS-I.E. Switch from Non-Renewable Biomass for Thermal Applications by the User,Small Scale,75307
Dissemination of Improved Cookstoves in India by Greenway,India,2775,Greenway Grameen Infra Private Limited,Energy Efficiency - Domestic,,Small Scale,55912
Yangjiang Yinshan Nanyao Solar Project,China,2777,Climate Bridge (Shanghai) Ltd.,Solar Thermal - Electricity,ACM0002 Grid-connected electricity generation from renewable sources,Large scale,16074
GS10818 - Dissemination of Improved Cookstoves in India by Greenway - Dissemination of Improved Cookstoves in Karnataka by Greenway - VPA001,India,2778,Greenway Grameen Infra Private Limited,Energy Efficiency - Domestic,AMS-II.G. Energy Efficiency Measures in Thermal Applications of Non-Renewable Biomass,Small Scale,55912
Barry Callebaut Dairy,International,2779,Barry Callebaut,Other,Other,Large scale,0
Solar Drip Irrigation for Smallholder Farmers in Morocco,Morocco,2780,atmosfair gGmbH,Solar Thermal - Electricity,AMS-I.A. Electricity generation by the user,Micro Scale,7537
Nazava Water Filter Project in Ethiopia,Ethiopia,2781,Swiss Carbon Value Ltd.,Energy Efficiency - Domestic,GS TPDDTEC v3.1,Small Scale,128857
GS10818 - Dissemination of Improved Cookstoves in India by Greenway - Dissemination of Improved Cookstoves in Karnataka by Greenway - VPA002,India,2814,Greenway Grameen Infra Private Limited,Energy Efficiency - Domestic,AMS-II.G. Energy Efficiency Measures in Thermal Applications of Non-Renewable Biomass,Small Scale,53964
GS5047 VPA50 African Improved Cookstoves and Clean Water Programme: Ibanda – Makera Forest Cook Stove Project I,Rwanda,2815,Likano Project Development GmbH,Energy Efficiency - Domestic,GS TPDDTEC v3.1,Micro Scale,8802
GS5047 VPA51 African Improved Cookstoves and Clean Water Programme: Ibanda – Makera Forest Cook Stove Project II,Rwanda,2816,Likano Project Development GmbH,Energy Efficiency - Domestic,GS TPDDTEC v3.1,Micro Scale,8802
GS5047 VPA52 African Improved Cookstoves and Clean Water Programme: Ibanda – Makera Forest Cook Stove Project III,Rwanda,2817,Likano Project Development GmbH,Energy Efficiency - Domestic,GS TPDDTEC v3.1,Micro Scale,8802
San Juan de Pasto Clean Project,Colombia,2818,Sustainable Carbon - Projetos Ambientais LTDA,"Biomass, or Liquid Biofuel - Heat",AMS-I.E. Switch from Non-Renewable Biomass for Thermal Applications by the User,Microscale,3788
Zorlu Enerji Wind Project (GS3946 CER to VER conversion),Pakistan,2819,Zorlu Enerji Pakistan Limited,Wind,ACM0002 Grid-connected electricity generation from renewable sources,Small Scale,98172
Namene Solar Lights Distribution Programme in Ethiopia,Ethiopia,2820,Namene Solar Lights Ltd.,Other,AMS-III.AR. Substituting fossil fuel based lighting with LED lighting systems,Small Scale,0
Implementation and operation of Food & Energy Systems in Madagascar,Madagascar,2821,atmosfair gGmbH,Solar Thermal - Electricity,,Micro Scale,3137
Improved Cooking Stoves in Bangladesh,Bangladesh,2822,Bangladesh Bondhu Foundation,Energy Efficiency - Domestic,AMS-II.G. Energy Efficiency Measures in Thermal Applications of Non-Renewable Biomass,Small Scale,0
GS1729 Myanmar Stoves Campaign - Soneva in Myanmar - VPA No. 017,Myanmar,2823,Soneva Foundation,Energy Efficiency - Domestic,GS MS Simplified Methodology for Efficient Cookstoves v1.,Micro scale,10000
Charting a New Course – Carbon Insetting Program,United States,2824,Bayer,Other,Other,Large scale,0
Namene Solar Lights Distribution Programme in Ethiopia - VPA 1,Ethiopia,2825,Namene Solar Lights Ltd.,Other,AMS-III.AR. Substituting fossil fuel based lighting with LED lighting systems,Small Scale,14717
Nagreongo solar PV,Burkina Faso,2826,AERA Group,Other,,Large Scale,27354
GS5658 VPA 29: Improved Cookstoves for Environmental Conservation in Southern Ethiopia ,Ethiopia,2829,Carbonsink (Carbonsink Group S.r.l.),Energy Efficiency - Domestic,GS MS Simplified Methodology for Efficient Cookstoves v1.,Micro Scale,10000
GS5658 VPA 30: Improved Cookstoves for Environmental Conservation in Southern Ethiopia ,Ethiopia,2830,Carbonsink (Carbonsink Group S.r.l.),Energy Efficiency - Domestic,GS MS Simplified Methodology for Efficient Cookstoves v1.,Micro Scale,9794
Commonland African Improved Cookstove Programme,Zambia,2831,Commonland B.V.,Energy Efficiency - Domestic,GS TPDDTEC v3.1,Large Scale,100000
Namene Solar Lights Distribution Programme in Southern African Countries,Botswana,2832,Namene Solar Lights Ltd.,Solar Thermal - Electricity,AMS-III.AR. Substituting fossil fuel based lighting with LED lighting systems,Small Scale,35000
GS10875 Namene Solar Lights Distribution Programme in Southern African Countries - Zambia VPA 1 (GS 10876),Zambia,2833,NAMENE CLIMATE INVESTMENT VEHICLE LIMITED,Other,AMS-III.AR. Substituting fossil fuel based lighting with LED lighting systems,Small Scale,42605
Namene Solar Lights Distribution Programme in Malawi - VPA2 ,Malawi,2834,Namene Solar Lights Ltd.,Other,AMS-III.AR. Substituting fossil fuel based lighting with LED lighting systems,Small Scale,35000
"ALUMINUM RECYCLING – A SOLUTION FOR CO2 EMISSION REDUCTION BY AS METAL, ROMANIA”",Romania,2835,AS Metal Com SRL,Energy Efficiency - Industrial,,Small Scale,56282
Orb Energy Solar Program In India - VPA06,India,2836,Orb Energy Private Limited,Solar Thermal - Electricity,AMS-I.C. Thermal energy production with or without electricity,Small Scale,16000
KOKO Kenya - Ethanol Cookstoves Program,Kenya,2841,KOKO Network limited,Energy Efficiency - Domestic,AMS-I.E. Switch from Non-Renewable Biomass for Thermal Applications by the User,Small Scale,0
GS10884 - KOKO Kenya - Ethanol Cookstoves Program - CPA-0001,Kenya,2842,KOKO Network limited,Energy Efficiency - Domestic,,Small Scale,156063
“Commonland African Improved Cookstove Programme – VPA 01 (Peace Parks and Simalaha Community Conservancy)”,Zambia,2843,Commonland B.V.,Energy Efficiency - Domestic,GS TPDDTEC v3.1,Large Scale,63153
"AVN08-S-01, Methane Recovery and Biogas Utilization Project, Nghe An Province, Vietna",Viet Nam,2876,AGASCO Limited,"Biomass, or Liquid Biofuel - Cogeneration",AMS-I.C. Thermal energy production with or without electricity,Small Scale,57455
"Methane Recovery and Biogas Utilization Project, Yen Bai Province, Vietnam",Viet Nam,2877,AGASCO Limited,"Biomass, or Liquid Biofuel - Cogeneration",AMS-I.C. Thermal energy production with or without electricity,Small Scale,47295
"Methane Recovery and Biogas Utilization Project, Lao Cai Province, Vietnam",Viet Nam,2878,AGASCO Limited,"Biomass, or Liquid Biofuel - Cogeneration",AMS-I.C. Thermal energy production with or without electricity,Small Scale,61935
"Methane Recovery and Biogas Utilization Project, Quang Tri Province, Vietnam",Viet Nam,2879,AGASCO Limited,"Biomass, or Liquid Biofuel - Cogeneration",AMS-I.C. Thermal energy production with or without electricity,Small Scale,54626
Little Sun Energy and Improved Living Programme of Activity,Ethiopia,2885,Carbonbay GmbH & Co. KG,Energy Efficiency - Domestic,AMS-I.A. Electricity generation by the user,Micro scale,0
Rwanda Kamonyi District Clean Water Project I,Rwanda,2886,"Guangzhou Iceberg Environmental Consulting Services Co., Ltd.",Energy Efficiency - Domestic,,Micro Scale,2974
"Up Energy Improved Cookstove Programme, Uganda",Uganda,2887,UpEnergy Group,Energy Efficiency - Domestic,,Small Scale,0
"Up Energy Improved Cookstoves Programme, Uganda – CPA No 001",Uganda,2888,UpEnergy Group,Energy Efficiency - Domestic,AMS-II.G. Energy Efficiency Measures in Thermal Applications of Non-Renewable Biomass,Small Scale,44874
"Up Energy Improved Cookstoves Programme, Uganda – CPA No 002",Uganda,2889,UpEnergy Group,Energy Efficiency - Domestic,,Small Scale,118953
"Up Energy Improved Cookstoves Programme, Uganda – CPA No 004 ",Uganda,2890,UpEnergy Group,Energy Efficiency - Domestic,,Small Scale,44980
"Up Energy Improved Cookstoves Programme, Uganda – CPA No 010",Uganda,2897,UpEnergy Group,Energy Efficiency - Domestic,,Small Scale,118953
"Up Energy Improved Cookstoves Programme, Uganda – CPA No 012 ",Uganda,2899,UpEnergy Group,Energy Efficiency - Domestic,,Small Scale,118953
"Up Energy Improved Cookstoves Programme, Uganda – CPA No 013",Uganda,2900,UpEnergy Group,Energy Efficiency - Domestic,,Small Scale,17965
"Up Energy Improved Cookstoves Programme, Uganda – CPA No 014   ",Uganda,2901,UpEnergy Group,Energy Efficiency - Domestic,,Small Scale,17925
"Up Energy Improved Cookstoves Programme, Uganda – CPA No 015",Uganda,2902,UpEnergy Group,Energy Efficiency - Domestic,,Small Scale,17965
"Up Energy Improved Cookstoves Programme, Uganda – CPA No 016",Uganda,2903,UpEnergy Group,Energy Efficiency - Domestic,,Small Scale,17965
"Up Energy Improved Cookstoves Programme, Uganda – CPA No 017",Uganda,2904,UpEnergy Group,Energy Efficiency - Domestic,,Small Scale,17965
"Up Energy Improved Cookstoves Programme, Uganda – CPA No 018",Uganda,2905,UpEnergy Group,Energy Efficiency - Domestic,,Small Scale,17965
"Up Energy Improved Cookstoves Programme, Uganda – CPA No 019",Uganda,2906,UpEnergy Group,Energy Efficiency - Domestic,,Small Scale,17965
"Up Energy Improved Cookstoves Programme, Uganda – CPA No 020",Uganda,2907,UpEnergy Group,Energy Efficiency - Domestic,,Small Scale,17965
"Up Energy Improved Cookstoves Programme, Uganda – CPA No 021",Uganda,2908,UpEnergy Group,Energy Efficiency - Domestic,,Small Scale,17965
"Up Energy Improved Cookstoves Programme, Uganda – CPA No 022",Uganda,2909,UpEnergy Group,Energy Efficiency - Domestic,,Small Scale,17965
"Up Energy Improved Cookstoves Programme, Uganda – CPA No 023",Uganda,2910,UpEnergy Group,Energy Efficiency - Domestic,,Small Scale,17965
GS1340 - Efficient cookstoves in Burkina Faso – tiipaalga F3PA cookstoves in Center-South Protected Areas - VPA-18,Burkina Faso,2911,Tiipaalga,Energy Efficiency - Domestic,,Micro Scale,9700
GS1340 - Efficient cookstoves in Burkina Faso – tiipaalga F3PA cookstoves in Center-South Protected Areas - VPA-19,Burkina Faso,2912,Tiipaalga,Energy Efficiency - Domestic,,Micro Scale,9700
GS1340 - Efficient cookstoves in Burkina Faso – tiipaalga F3PA cookstoves in Center-South Protected Areas - VPA-20,Burkina Faso,2913,Tiipaalga,Energy Efficiency - Domestic,,Micro Scale,9700
GS1340 - Efficient cookstoves in Burkina Faso – tiipaalga F3PA cookstoves in Center-South Protected Areas - VPA-21,Burkina Faso,2914,Tiipaalga,Energy Efficiency - Domestic,,Micro Scale,9700
GS1340 - Efficient cookstoves in Burkina Faso – tiipaalga F3PA cookstoves in Center-South Protected Areas - VPA-22,Burkina Faso,2915,Tiipaalga,Energy Efficiency - Domestic,,Micro Scale,9700
GS1340 - Efficient cookstoves in Burkina Faso – tiipaalga F3PA cookstoves in Center-South Protected Areas - VPA-23,Burkina Faso,2916,Tiipaalga,Energy Efficiency - Domestic,,Micro Scale,9700
GS1340 - Efficient cookstoves in Burkina Faso – tiipaalga F3PA cookstoves in Center-South Protected Areas - VPA-24,Burkina Faso,2917,Tiipaalga,Energy Efficiency - Domestic,,Micro Scale,9700
Safe Water Programme in Africa and Asia,Bangladesh,2918,Iceberg Environment Pte. Ltd.,Energy Efficiency - Domestic,,Small Scale,1000000
 Hoa Thang 1.2 Wind Power Project,Viet Nam,2920,South Pole Ltd SCV,Wind,ACM0002 Grid-connected electricity generation from renewable sources,Large Scale,249793
"Alternate Wetting and Drying Rice Cultivation in Maharashtra, India",India,2921,Value Network Ventures Pte. Ltd.,Other,,Small Scale,59494
UpEnergy – Social and Climate Impact Programme,International,2922,UpEnergy Group,Energy Efficiency - Domestic,,Large Scale,600000
GS5047 VPA53 African Improved Cookstoves and Clean Water Programme: Busaga Natural Mountain Forest Cookstove Project I,Rwanda,2923,Likano Project Development GmbH,Energy Efficiency - Domestic,GS TPDDTEC v3.1,Micro Scale,8817
GS5047 VPA54 African Improved Cookstoves and Clean Water Programme: Busaga Natural Mountain Forest Cookstove Project II,Rwanda,2924,Likano Project Development GmbH,Energy Efficiency - Domestic,GS TPDDTEC v3.1,Micro Scale,8817
GS5047 VPA55 African Improved Cookstoves and Clean Water Programme: Busaga Natural Mountain Forest Cookstove Project III,Rwanda,2925,Likano Project Development GmbH,Energy Efficiency - Domestic,GS TPDDTEC v3.1,Micro Scale,8817
Community Carbon Efficient Cooking Programme-VPA1,Uganda,2926,Community Carbon,Energy Efficiency - Domestic,,Large Scale,192328
Community Carbon Safe Water Drinking Programme-VPA2,Uganda,2927,Community Carbon,Energy Efficiency - Domestic,,Small Scale,30963
UpEnergy-Social and Climate Impact Programme- Cooking Devices VPA-3,Madagascar,2928,UpEnergy Group,Energy Efficiency - Domestic,GS TPDDTEC v3.1,Small Scale,50000
UpEnergy-Social and Climate Impact Programme- Cooking Devices VPA-4,Malawi,2929,UpEnergy Group,Energy Efficiency - Domestic,GS TPDDTEC v3.1,Small Scale,61923
UpEnergy-Social and Climate Impact Programme- Cooking Devices VPA-5,Mexico,2930,UpEnergy Group,Energy Efficiency - Domestic,GS TPDDTEC v3.1,Small Scale,40000
Little Sun Energy and Improved Living Programme of Activity: VPA 1,Ethiopia,2931,Carbonbay GmbH & Co. KG,Energy Efficiency - Domestic,AMS-I.A. Electricity generation by the user,Micro scale,9840
Improved Cooking Stoves in Bangladesh – CPA No.12 “SZ Consultancy Services Ltd.”,Bangladesh,2933,Bangladesh Bondhu Foundation,Energy Efficiency - Domestic,AMS-II.G. Energy Efficiency Measures in Thermal Applications of Non-Renewable Biomass,Small Scale,49554
Hoa Binh 1 – Phase 2 Wind Power Project,Viet Nam,2934,South Pole Ltd SCV,Wind,ACM0002 Grid-connected electricity generation from renewable sources,Large Scale,141213
Improved Cooking Stoves in Bangladesh – CPA No.13 “SZ Consultancy Services Ltd.”,Bangladesh,2935,Bangladesh Bondhu Foundation,Energy Efficiency - Domestic,AMS-II.G. Energy Efficiency Measures in Thermal Applications of Non-Renewable Biomass,Small Scale,49554
Improved Cooking Stoves in Bangladesh – CPA No.14 “SZ Consultancy Services Ltd.”,Bangladesh,2936,Bangladesh Bondhu Foundation,Energy Efficiency - Domestic,AMS-II.G. Energy Efficiency Measures in Thermal Applications of Non-Renewable Biomass,Small Scale,50000
Improved Cooking Stoves in Bangladesh – CPA No.15 “SZ Consultancy Services Ltd.”,Bangladesh,2937,Bangladesh Bondhu Foundation,Energy Efficiency - Domestic,AMS-II.G. Energy Efficiency Measures in Thermal Applications of Non-Renewable Biomass,Small Scale,50000
Improved Cooking Stoves in Bangladesh – CPA No.16 “SZ Consultancy Services Ltd.”,Bangladesh,2938,Bangladesh Bondhu Foundation,Energy Efficiency - Domestic,AMS-II.G. Energy Efficiency Measures in Thermal Applications of Non-Renewable Biomass,Small Scale,49272
Improved Cooking Stoves in Bangladesh – CPA No.17 “SZ Consultancy Services Ltd.”,Bangladesh,2939,Bangladesh Bondhu Foundation,Energy Efficiency - Domestic,AMS-II.G. Energy Efficiency Measures in Thermal Applications of Non-Renewable Biomass,Small Scale,50000
Improved Cooking Stoves in Bangladesh – CPA No.18 “SZ Consultancy Services Ltd.”,Bangladesh,2940,Bangladesh Bondhu Foundation,Energy Efficiency - Domestic,AMS-II.G. Energy Efficiency Measures in Thermal Applications of Non-Renewable Biomass,Small Scale,50000
Improved Cooking Stoves in Bangladesh – CPA No.19 “SZ Consultancy Services Ltd.”,Bangladesh,2941,Bangladesh Bondhu Foundation,Energy Efficiency - Domestic,AMS-II.G. Energy Efficiency Measures in Thermal Applications of Non-Renewable Biomass,Small Scale,50000
GS5047 VPA56 African Improved Cookstoves and Clean Water Programme: Busaga Natural Mountain Forest Cookstove Project IV,Rwanda,2943,Likano Project Development GmbH,Energy Efficiency - Domestic,GS TPDDTEC v3.1,Micro Scale,8817
GS5047 VPA57 African Improved Cookstoves and Clean Water Programme: Busaga Natural Mountain Forest Cookstove Project V,Rwanda,2944,Likano Project Development GmbH,Energy Efficiency - Domestic,GS TPDDTEC v3.1,Micro Scale,8817
GS5047 VPA58 African Improved Cookstoves and Clean Water Programme: Busaga Natural Mountain Forest Cookstove Project VI,Rwanda,2945,Likano Project Development GmbH,Energy Efficiency - Domestic,GS TPDDTEC v3.1,Micro Scale,8817
GivePower Kenya Solar Water Farms,Kenya,2946,CO2balance UK ltd,Energy Efficiency - Domestic,GS TPDDTEC v3.1,Small Scale,72402
GS5658 VPA 31: Improved Cookstoves for Environmental Conservation in Southern Ethiopia,Ethiopia,2947,Carbonsink (Carbonsink Group S.r.l.),Energy Efficiency - Domestic,,Micro Scale,10000
GS5658 VPA 32: Improved Cookstoves for Environmental Conservation in Southern Ethiopia,Ethiopia,2948,Carbonsink (Carbonsink Group S.r.l.),Energy Efficiency - Domestic,,Micro Scale,9654
GS5047 VPA59 African Improved Cookstoves and Clean Water Programme: Ibanda – Makera Forest Cook Stove Project IV,Rwanda,2949,Likano Project Development GmbH,Energy Efficiency - Domestic,GS TPDDTEC v3.1,Micro Scale,8802
GS5047 VPA60 African Improved Cookstoves and Clean Water Programme: Ibanda – Makera Forest Cook Stove Project V,Rwanda,2950,Likano Project Development GmbH,Energy Efficiency - Domestic,,Micro Scale,8802
GS5047 VPA61 African Improved Cookstoves and Clean Water Programme: Ibanda – Makera Forest Cook Stove Project VI,Rwanda,2951,Likano Project Development GmbH,Energy Efficiency - Domestic,,Micro Scale,8802
GS5047 VPA62 African Improved Cookstoves and Clean Water Programme: Ibanda – Makera Forest Cook Stove Project VII,Rwanda,2952,Likano Project Development GmbH,Energy Efficiency - Domestic,,Micro Scale,8802
GS5047 VPA63 African Improved Cookstoves and Clean Water Programme: Ibanda – Makera Forest Cook Stove Project VIII,Rwanda,2953,Likano Project Development GmbH,Energy Efficiency - Domestic,,Micro Scale,8802
GS5047 VPA64 African Improved Cookstoves and Clean Water Programme: Ibanda – Makera Forest Cook Stove Project IX,Rwanda,2954,Likano Project Development GmbH,Energy Efficiency - Domestic,,Micro Scale,8802
GS5047 VPA65 African Improved Cookstoves and Clean Water Programme: Ibanda – Makera Forest Cook Stove Project X,Rwanda,2955,Likano Project Development GmbH,Energy Efficiency - Domestic,,Micro Scale,8802
GS5047 VPA66 African Improved Cookstoves and Clean Water Programme: Ibanda – Makera Forest Cook Stove Project XI,Rwanda,2956,Likano Project Development GmbH,Energy Efficiency - Domestic,,Micro Scale,8802
GS5047 VPA67 African Improved Cookstoves and Clean Water Programme: Ibanda – Makera Forest Cook Stove Project XII,Rwanda,2957,Likano Project Development GmbH,Energy Efficiency - Domestic,,Micro Scale,8802
GS5047 VPA68 African Improved Cookstoves and Clean Water Programme: Ibanda – Makera Forest Cook Stove Project XIII,Rwanda,2958,Likano Project Development GmbH,Energy Efficiency - Domestic,,Micro Scale,8802
GS5047 VPA69 African Improved Cookstoves and Clean Water Programme: Ibanda – Makera Forest Cook Stove Project XIV,Rwanda,2959,Likano Project Development GmbH,Energy Efficiency - Domestic,,Micro Scale,8802
GS5047 VPA70 African Improved Cookstoves and Clean Water Programme: Ibanda – Makera Forest Cook Stove Project XV,Rwanda,2960,Likano Project Development GmbH,Energy Efficiency - Domestic,,Micro Scale,8802
GS5047 VPA71 African Improved Cookstoves and Clean Water Programme: Ibanda – Makera Forest Cook Stove Project XVI,Rwanda,2961,Likano Project Development GmbH,Energy Efficiency - Domestic,,Micro Scale,8802
GS5047 VPA72 African Improved Cookstoves and Clean Water Programme: Ibanda – Makera Forest Cook Stove Project XVII,Rwanda,2962,Likano Project Development GmbH,Energy Efficiency - Domestic,GS TPDDTEC v3.1,Micro Scale,8802
GS5047 VPA73 African Improved Cookstoves and Clean Water Programme: Ibanda – Makera Forest Cook Stove Project XVIII,Rwanda,2963,Likano Project Development GmbH,Energy Efficiency - Domestic,GS TPDDTEC v3.1,Micro Scale,8802
GS5047 VPA74 African Improved Cookstoves and Clean Water Programme: Ibanda – Makera Forest Cook Stove Project XIX,Rwanda,2964,Likano Project Development GmbH,Energy Efficiency - Domestic,GS TPDDTEC v3.1,Micro Scale,8802
GS5047 VPA75 African Improved Cookstoves and Clean Water Programme: Ibanda – Makera Forest Cook Stove Project XX,Rwanda,2965,Likano Project Development GmbH,Energy Efficiency - Domestic,GS TPDDTEC v3.1,Micro Scale,8802
UpEnergy – Social and Climate Impact Programme-Cooking Devices VPA-6,Zambia,2966,UpEnergy Group,Energy Efficiency - Domestic,GS TPDDTEC v3.1,Small Scale,75873
UpEnergy-Social and Climate Impact Programme- Water filtration Devices VPA-7 by UpEnergy Group,Bangladesh,2967,UpEnergy Group,Energy Efficiency - Domestic,GS TPDDTEC v3.1,Small Scale,40000
TASC Clean Cooking PoA,Zimbabwe,2968,THE AFRICAN STOVE COMPANY LIMITED,Energy Efficiency - Domestic,,Large Scale,0
GS7591 VPA 37 Zambia Western Province Safe Water Project,Zambia,2969,CO2balance UK ltd,Energy Efficiency - Domestic,,Small Scale,60000
GS7591 VPA 38 Zambia Western Province Safe Water Project,Zambia,2970,CO2balance UK ltd,Energy Efficiency - Domestic,,Small Scale,60000
GS5047 VPA76 African Improved Cookstoves and Clean Water Programme: Gishwati – Mukura Forest Conservation Project IV,Rwanda,2971,Likano Project Development GmbH,Energy Efficiency - Domestic,,Micro Scale,8802
GS5047 VPA77 African Improved Cookstoves and Clean Water Programme: Gishwati – Mukura Forest Conservation Project V,Rwanda,2972,Likano Project Development GmbH,Energy Efficiency - Domestic,,Micro Scale,8802
GS5047 VPA78 African Improved Cookstoves and Clean Water Programme: Gishwati – Mukura Forest Conservation Project VI,Rwanda,2973,Likano Project Development GmbH,Energy Efficiency - Domestic,,Micro Scale,8802
GS5047 VPA79 African Improved Cookstoves and Clean Water Programme: Gishwati – Mukura Forest Conservation Project VII,Rwanda,2974,Likano Project Development GmbH,Energy Efficiency - Domestic,,Micro Scale,8802
GS5047 VPA80 African Improved Cookstoves and Clean Water Programme: Gishwati – Mukura Forest Conservation Project VIII,Rwanda,2975,Likano Project Development GmbH,Energy Efficiency - Domestic,,Micro Scale,8802
GS5047 VPA81 African Improved Cookstoves and Clean Water Programme: Gishwati – Mukura Forest Conservation Project IX,Rwanda,2976,Likano Project Development GmbH,Energy Efficiency - Domestic,,Micro Scale,8802
GS5047 VPA82 African Improved Cookstoves and Clean Water Programme: Gishwati – Mukura Forest Conservation Project X,Rwanda,2977,Likano Project Development GmbH,Energy Efficiency - Domestic,,Micro Scale,8802
GS5047 VPA83 African Improved Cookstoves and Clean Water Programme: Gishwati – Mukura Forest Conservation Project XI,Rwanda,2978,Likano Project Development GmbH,Energy Efficiency - Domestic,,Micro Scale,8802
GS5047 VPA84 African Improved Cookstoves and Clean Water Programme: Gishwati – Mukura Forest Conservation Project XII,Rwanda,2979,Likano Project Development GmbH,Energy Efficiency - Domestic,,Micro Scale,8802
GS5047 VPA85 African Improved Cookstoves and Clean Water Programme: Gishwati – Mukura Forest Conservation Project XIII,Rwanda,2980,Likano Project Development GmbH,Energy Efficiency - Domestic,,Micro Scale,8802
GS5047 VPA86 African Improved Cookstoves and Clean Water Programme: Gishwati – Mukura Forest Conservation Project XIV,Rwanda,2981,Likano Project Development GmbH,Energy Efficiency - Domestic,,Micro Scale,8802
GS5047 VPA87 African Improved Cookstoves and Clean Water Programme: Gishwati – Mukura Forest Conservation Project XV,Rwanda,2982,Likano Project Development GmbH,Energy Efficiency - Domestic,,Micro Scale,8802
GS5047 VPA89 African Improved Cookstoves and Clean Water Programme: Gishwati – Mukura Forest Conservation Project XVI,Rwanda,2983,Likano Project Development GmbH,Energy Efficiency - Domestic,,Micro Scale,8802
GS5047 VPA90 African Improved Cookstoves and Clean Water Programme: Gishwati – Mukura Forest Conservation Project XVII,Rwanda,2984,Likano Project Development GmbH,Energy Efficiency - Domestic,,Micro Scale,8802
GS5047 VPA91 African Improved Cookstoves and Clean Water Programme: Gishwati – Mukura Forest Conservation Project XVIII,Rwanda,2985,Likano Project Development GmbH,Energy Efficiency - Domestic,,Micro Scale,8802
GS5047 VPA92 African Improved Cookstoves and Clean Water Programme: Gishwati – Mukura Forest Conservation Project XIX,Rwanda,2986,Likano Project Development GmbH,Energy Efficiency - Domestic,GS TPDDTEC v3.1,Micro Scale,8802
GS5047 VPA93 African Improved Cookstoves and Clean Water Programme: Gishwati – Mukura Forest Conservation Project XX,Rwanda,2987,Likano Project Development GmbH,Energy Efficiency - Domestic,GS TPDDTEC v3.1,Micro Scale,8802
"GS5658 VPA 33: Access to energy for local development and women's empowerment in Cabo Delgado Province, Mozambique",Mozambique,3017,Carbonsink (Carbonsink Group S.r.l.),Energy Efficiency - Domestic,GS MS Simplified Methodology for Efficient Cookstoves v1.,Micro Scale,10000
 GS7591 VPA 39 Malawi Community Safe Water Project,Malawi,3019,CO2balance UK ltd,Energy Efficiency - Domestic,GS TPDDTEC v3.1,Small Scale,60000
 GS7591 VPA 40 Rwanda Community Safe Water Project,Rwanda,3020,CO2balance UK ltd,Energy Efficiency - Domestic,GS TPDDTEC v3.1,Small Scale,60000
GS7591 VPA 41 Rwanda Community Safe Water Project,Rwanda,3021,CO2balance UK ltd,Energy Efficiency - Domestic,GS TPDDTEC v3.1,Small Scale,60000
GS7591 VPA 42 Uganda Community Safe Water Project,Uganda,3022,CO2balance UK ltd,Energy Efficiency - Domestic,GS TPDDTEC v3.1,Small Scale,60000
GS5658 VPA 34: “Access to energy for local development and resilience building in Uganda”,Uganda,3029,Carbonsink (Carbonsink Group S.r.l.),Energy Efficiency - Domestic,GS TPDDTEC v3.1,Micro Scale,7539
GS5658 VPA 35: “Access to energy for local development and resilience building in Uganda”,Uganda,3030,Carbonsink (Carbonsink Group S.r.l.),Energy Efficiency - Domestic,GS TPDDTEC v3.1,Micro Scale,7568
GS5658 VPA 36: “Access to energy for local development and resilience building in Uganda”,Uganda,3031,Carbonsink (Carbonsink Group S.r.l.),Energy Efficiency - Domestic,GS TPDDTEC v3.1,Micro Scale,7568
GS5658 VPA 37: “Access to energy for local development and resilience building in Uganda”,Uganda,3032,Carbonsink (Carbonsink Group S.r.l.),Energy Efficiency - Domestic,GS TPDDTEC v3.1,Micro Scale,7539
GS1247 VPA 266 - Burkina Faso Safe Water,Burkina Faso,3034,CO2balance UK ltd,Energy Efficiency - Domestic,GS TPDDTEC v3.1,Micro Scale,10000
GS1247 VPA 267 - Burkina Faso Safe Water,Burkina Faso,3035,CO2balance UK ltd,Energy Efficiency - Domestic,GS TPDDTEC v3.1,Micro Scale,10000
GS1247 VPA 268 - Burkina Faso Safe Water,Burkina Faso,3036,CO2balance UK ltd,Energy Efficiency - Domestic,GS TPDDTEC v3.1,Micro Scale,10000
GS1247 VPA 269 - Burkina Faso Safe Water,Burkina Faso,3037,CO2balance UK ltd,Energy Efficiency - Domestic,GS TPDDTEC v3.1,Micro Scale,10000
GS1247 VPA 270 - Burkina Faso Safe Water,Burkina Faso,3038,CO2balance UK ltd,Energy Efficiency - Domestic,GS TPDDTEC v3.1,Micro Scale,10000
GS1247 VPA 271 - Burkina Faso Safe Water,Burkina Faso,3039,CO2balance UK ltd,Energy Efficiency - Domestic,GS TPDDTEC v3.1,Micro Scale,10000
Regenerate forest in Ethiopia: Support Carbon sequestration & wellbeing of families ,Ethiopia,3040,World Vision Finland,A/R,,Large Scale,40930
GS1247 VPA 273 - Togo Safe Water,Togo,3042,CO2balance UK ltd,Energy Efficiency - Domestic,GS TPDDTEC v3.1,Micro scale,10000
GS1247 VPA 274 - Togo Safe Water,Togo,3043,CO2balance UK ltd,Energy Efficiency - Domestic,GS TPDDTEC v3.1,Micro scale,10000
GS1247 VPA 275 - Togo Safe Water,Togo,3044,CO2balance UK ltd,Energy Efficiency - Domestic,GS TPDDTEC v3.1,Micro scale,10000
GS1247 VPA 276 - Togo Safe Water,Togo,3045,CO2balance UK ltd,Energy Efficiency - Domestic,GS TPDDTEC v3.1,Micro scale,10000
GS1247 VPA 277 - Togo Safe Water,Togo,3046,CO2balance UK ltd,Energy Efficiency - Domestic,GS TPDDTEC v3.1,Micro scale,10000
GS1247 VPA 278 - Togo Safe Water,Togo,3047,CO2balance UK ltd,Energy Efficiency - Domestic,GS TPDDTEC v3.1,Micro scale,10000
GS1247 VPA 279 - Togo Safe Water,Togo,3048,CO2balance UK ltd,Energy Efficiency - Domestic,GS TPDDTEC v3.1,Micro scale,10000
GS1247 VPA 280 - Togo Safe Water,Togo,3049,CO2balance UK ltd,Energy Efficiency - Domestic,GS TPDDTEC v3.1,Micro scale,10000
GS1247 VPA 281 Togo Safe Water,Togo,3050,CO2balance UK ltd,Energy Efficiency - Domestic,GS TPDDTEC v3.1,Micro scale,10000
GS1247 VPA 282 Malawi Safe Water Project,Malawi,3051,CO2balance UK ltd,Energy Efficiency - Domestic,GS TPDDTEC v3.1,Micro Scale,10000
GS1247 VPA 283 Malawi Safe Water Project,Malawi,3052,CO2balance UK ltd,Energy Efficiency - Domestic,GS TPDDTEC v3.1,Micro Scale,10000
GS1247 VPA 284 Malawi Safe Water Project,Malawi,3053,CO2balance UK ltd,Energy Efficiency - Domestic,GS TPDDTEC v3.1,Micro Scale,10000
GS1247 VPA 285 Malawi Safe Water Project,Malawi,3054,CO2balance UK ltd,Energy Efficiency - Domestic,GS TPDDTEC v3.1,Micro Scale,10000
GS1247 VPA 286 Malawi Safe Water Project,Malawi,3055,CO2balance UK ltd,Energy Efficiency - Domestic,GS TPDDTEC v3.1,Micro Scale,10000
Enlightening lives by propagating Household biogas projects in India,India,3056,Radheshyam Cottex,Biogas - Heat,,Small Scale,41381
GS1340 Efficient cookstoves in Burkina Faso – VPA-26 – Solidagro F3PA cookstoves in Passoré ,Burkina Faso,3058,CO2logic,Energy Efficiency - Domestic,,Micro Scale,9700
GS1340 Efficient cookstoves in Burkina Faso – VPA-27 – Solidagro F3PA cookstoves in Passoré ,Burkina Faso,3059,CO2logic,Energy Efficiency - Domestic,,Micro Scale,9700
GS1340 Efficient cookstoves in Burkina Faso – VPA-28 – Solidagro F3PA cookstoves in Passoré ,Burkina Faso,3060,CO2logic,Energy Efficiency - Domestic,,Micro Scale,9700
GS1340 Efficient cookstoves in Burkina Faso - VPA-29 - Improved Cookstove F3PA project in Nahouri,Burkina Faso,3061,Tiipaalga,Energy Efficiency - Domestic,GS MS Simplified Methodology for Efficient Cookstoves v1.,Micro Scale,9199
Solar water filtration units for rural areas in coastal Bangladesh,Bangladesh,3062,Value Network Ventures Pte. Ltd.,Solar Thermal - Electricity,GS TPDDTEC v3.1,Small Scale,590307
GS5047 VPA94 African Improved Cookstoves and Clean Water Programme: Albertine Rift Wildlife Corridor Cook Stove Project IV,Uganda,3063,Likano Project Development GmbH,Energy Efficiency - Domestic,GS TPDDTEC v3.1,Micro scale,8243
GS5047 VPA95 African Improved Cookstoves and Clean Water Programme: Albertine Rift Wildlife Corridor Cook Stove Project V,Uganda,3064,Likano Project Development GmbH,Energy Efficiency - Domestic,GS TPDDTEC v3.1,Micro scale,8243
GS5047 VPA96 African Improved Cookstoves and Clean Water Programme: Albertine Rift Wildlife Corridor Cook Stove Project VI,Uganda,3065,Likano Project Development GmbH,Energy Efficiency - Domestic,GS TPDDTEC v3.1,Micro scale,8243
GS5047 VPA97 African Improved Cookstoves and Clean Water Programme: Albertine Rift Wildlife Corridor Cook Stove Project VII,Uganda,3066,Likano Project Development GmbH,Energy Efficiency - Domestic,GS TPDDTEC v3.1,Micro scale,8243
GS5047 VPA98 African Improved Cookstoves and Clean Water Programme: Albertine Rift Wildlife Corridor Cook Stove Project VIII,Uganda,3067,Likano Project Development GmbH,Energy Efficiency - Domestic,GS TPDDTEC v3.1,Micro scale,8243
GS5047 VPA99 African Improved Cookstoves and Clean Water Programme: Albertine Rift Wildlife Corridor Cook Stove Project IX,Uganda,3068,Likano Project Development GmbH,Energy Efficiency - Domestic,GS TPDDTEC v3.1,Micro scale,8243
GS5047 VPA100 African Improved Cookstoves and Clean Water Programme: Albertine Rift Wildlife Corridor Cook Stove Project X,Uganda,3069,Likano Project Development GmbH,Energy Efficiency - Domestic,GS TPDDTEC v3.1,Micro scale,8243
GS1247 VPA 287 - Burkina Faso Safe Water,Burkina Faso,3070,CO2balance UK ltd,Energy Efficiency - Domestic,GS TPDDTEC v3.1,Micro Scale,10000
GS1247 VPA 290 - Burkina Faso Safe Water,Burkina Faso,3073,CO2balance UK ltd,Energy Efficiency - Domestic,GS TPDDTEC v3.1,Micro scale,10000
GS1247 VPA 291 - Burkina Faso Safe Water,Burkina Faso,3074,CO2balance UK ltd,Energy Efficiency - Domestic,GS TPDDTEC v3.1,Micro scale,10000
GS1247 VPA 292 - Burkina Faso Safe Water,Burkina Faso,3075,CO2balance UK ltd,Energy Efficiency - Domestic,GS TPDDTEC v3.1,Micro scale,10000
GS1247 VPA 293 - Burkina Faso Safe Water,Burkina Faso,3076,CO2balance UK ltd,Energy Efficiency - Domestic,GS TPDDTEC v3.1,Micro scale,10000
GS1247 VPA 298 - Burkina Faso Safe Water,Burkina Faso,3081,CO2balance UK ltd,Energy Efficiency - Domestic,GS TPDDTEC v3.1,Micro scale,10000
GS1247 VPA 299 - Burkina Faso Safe Water,Burkina Faso,3082,CO2balance UK ltd,Energy Efficiency - Domestic,GS TPDDTEC v3.1,Micro scale,10000
GS1247 VPA 300 - Burkina Faso Safe Water,Burkina Faso,3083,CO2balance UK ltd,Energy Efficiency - Domestic,GS TPDDTEC v3.1,Micro scale,10000
GS 10959 VPA01 Safe Water Project in Rwanda I,Rwanda,3085,Iceberg Environment Pte. Ltd.,Energy Efficiency - Domestic,,Small Scale,60000
Conversion of intensive agricultural systems to dynamic agroforestry systems for sustainable cocoa production in Ecuador ,Ecuador,3086,South Pole Ltd,A/R,Afforestation/Reforestation GHG Emissions Reduction & Sequestration Methodology,Micro Scale,9125
GS10959 VPA02 Safe Water Project in Rwanda II,Rwanda,3088,Iceberg Environment Pte. Ltd.,Energy Efficiency - Domestic,,Small Scale,60000
GS10959 VPA03 Safe Water Project in Rwanda III,Rwanda,3089,Iceberg Environment Pte. Ltd.,Energy Efficiency - Domestic,,Small Scale,60000
GS10959 VPA04 Safe Water Project in Rwanda IV,Rwanda,3090,Iceberg Environment Pte. Ltd.,Energy Efficiency - Domestic,,Small Scale,60000
GS10959 VPA05 Safe Water Project in Rwanda V,Rwanda,3091,Iceberg Environment Pte. Ltd.,Energy Efficiency - Domestic,,Small Scale,60000
GS10959 VPA06 Safe Water Project in Rwanda VI,Rwanda,3092,Iceberg Environment Pte. Ltd.,Energy Efficiency - Domestic,,Small Scale,60000
National Biodigester Programme Phase IV,Cambodia,3093,MAFF/National Biodigester Programme,Biogas - Heat,,Small Scale,21717
Access to Improved Cooking Solutions Programme,India,3094,Climate Impact Partners Limited,Energy Efficiency - Domestic,,Large Scale,0
Improved biomass cookstoves for returnees in Burundi,Burundi,3095,AERA Group,Energy Efficiency - Domestic,GS TPDDTEC v3.1,Large Scale,378335
 Cankiri Landfill Gas to Energy Project,Turkey,3096,Pelitozu Enerji Elektrik Üretim Anonim Şirketi,Biogas - Electricity,AMS-I.D. Grid connected renewable electricity generation,Small Scale,24771
Installation of High Efficiency Firewood Cookstoves in Sub-Saharan Africa,Malawi,3097,C-Quest Capital Stoves Asia Ltd,Energy Efficiency - Domestic,GS TPDDTEC v3.1,Large Scale,559470
GS11143: VPA 1- Installation of High Efficiency Firewood Cookstoves in Zambia ,Zambia,3098,C-Quest Capital Stoves Asia Ltd,Energy Efficiency - Domestic,GS TPDDTEC v3.1,Large Scale,339376
Afyon Landfill Gas to Energy Project,Turkey,3099,Afyon Yenilenebilir Enerji Elektrik Uretim A.Ş,Biogas - Electricity,ACM0001 Flaring or use of landfill gas,Large Scale,77844
TASC Clean Cooking PoA – VPA 1 (Zambia),Zambia,3100,THE AFRICAN STOVE COMPANY LIMITED,Energy Efficiency - Domestic,,Large Scale,429495
Energy Efficient Stoves Program,Ethiopia,3101,World Vision Australia,Energy Efficiency - Domestic,AMS-II.G. Energy Efficiency Measures in Thermal Applications of Non-Renewable Biomass,Small Scale,139588
Energy Efficient Stoves Program - CPA1,Ethiopia,3102,World Vision Australia,Energy Efficiency - Domestic,AMS-II.G. Energy Efficiency Measures in Thermal Applications of Non-Renewable Biomass,Small Scale,46528
Energy Efficient Stoves Program - CPA 2,Ethiopia,3103,World Vision Australia,Energy Efficiency - Domestic,AMS-II.G. Energy Efficiency Measures in Thermal Applications of Non-Renewable Biomass,Small Scale,46528
Energy Efficient Stoves Program - CPA 3,Ethiopia,3104,World Vision Australia,Energy Efficiency - Domestic,AMS-II.G. Energy Efficiency Measures in Thermal Applications of Non-Renewable Biomass,Small Scale,46528
GS5658 VPA 38: Fuel-efficient cookstoves for the resilience of rural communities in Burundi,Burundi,3110,Carbonsink (Carbonsink Group S.r.l.),Energy Efficiency - Domestic,,Micro Scale,7699
GS5658 VPA 39: Fuel-efficient cookstoves for the resilience of rural communities in Burundi,Burundi,3111,Carbonsink (Carbonsink Group S.r.l.),Energy Efficiency - Domestic,,Micro Scale,7699
GS5658 VPA 40: Fuel-efficient cookstoves for the resilience of rural communities in Burundi,Burundi,3112,Carbonsink (Carbonsink Group S.r.l.),Energy Efficiency - Domestic,GS MS Simplified Methodology for Efficient Cookstoves v1.,Micro scale,7699
PoA for the dissemination of clean cooking technologies in households and communities,Guatemala,3118,atmosfair gGmbH,Energy Efficiency - Domestic,AMS-I.E. Switch from Non-Renewable Biomass for Thermal Applications by the User,Small Scale,0
Choir Wind Farm Project,Mongolia,3120,UPC Renewables Asia I Ltd,Wind,ACM0002 Grid-connected electricity generation from renewable sources,Large Scale,159278
Solar Power for Rural Villages in Mali,Mali,3153,atmosfair gGmbH,Solar Thermal - Electricity,,Micro Scale,3000
Taishan Geothermal Central Heating System,China,3154,"Profit Carbon Environmental Energy Technology (Shanghai) Co., Ltd.",Geothermal,AM0072 Fossil Fuel Displacement by Geothermal Resources for Space Heating,Large Scale,143987
Aqua Clara Safe Water Program,Kenya,3156,Climate Impact Partners Limited,Energy Efficiency - Domestic,,Large Scale,195994
Loi Hai 2 Wind Farm Project – 28.8 MW,Viet Nam,3157,EKI Energy Services Limited,Wind,ACM0002 Grid-connected electricity generation from renewable sources,Large Scale,792652
Phu Lac 2 Wind Farm - Phase 2 – 25.2 MW,Viet Nam,3158,EKI Energy Services Limited,Wind,ACM0002 Grid-connected electricity generation from renewable sources,Large Scale,72535
Decentralized Clean Cooking for Smallholder Farmers in Mexico,Mexico,3160,"SISTEMA.BIO, INC.",Biogas - Heat,GS TPDDTEC v3.1,Small Scale,59236
GS1247 VPA 301 - Togo Safe Water,Togo,3161,CO2balance UK ltd,Energy Efficiency - Domestic,GS TPDDTEC v3.1,Micro scale,9919
GS1247 VPA 302 - Togo Safe Water,Togo,3162,CO2balance UK ltd,Energy Efficiency - Domestic,GS TPDDTEC v3.1,Micro scale,10000
GS1247 VPA 303 - Togo Safe Water,Togo,3163,CO2balance UK ltd,Energy Efficiency - Domestic,GS TPDDTEC v3.1,Micro Scale,10000
GS1247 VPA 304 - Togo Safe Water,Togo,3164,CO2balance UK ltd,Energy Efficiency - Domestic,GS TPDDTEC v3.1,Micro Scale,9919
GS1247 VPA 305 - Togo Safe Water,Togo,3165,CO2balance UK ltd,Energy Efficiency - Domestic,GS TPDDTEC v3.1,Micro Scale,10000
GS1247 VPA 306 - Togo Safe Water,Togo,3166,CO2balance UK ltd,Energy Efficiency - Domestic,GS TPDDTEC v3.1,Micro Scale,10000
GS1247 VPA 307 - Togo Safe Water,Togo,3167,CO2balance UK ltd,Energy Efficiency - Domestic,GS TPDDTEC v3.1,Micro Scale,10000
GS1247 VPA 308 - Togo Safe Water,Togo,3168,CO2balance UK ltd,Energy Efficiency - Domestic,GS TPDDTEC v3.1,Micro Scale,10000
GS1247 VPA 309 - Togo Safe Water,Togo,3169,CO2balance UK ltd,Energy Efficiency - Domestic,GS TPDDTEC v3.1,Micro Scale,10000
GS1247 VPA 310 - Togo Safe Water,Togo,3170,CO2balance UK ltd,Energy Efficiency - Domestic,GS TPDDTEC v3.1,Micro Scale,9919
Afstor Solar Cooker,Zambia,3174,AFSTOR OY,Energy Efficiency - Domestic,AMS-I.K. Solar cookers for households,Micro Scale,2000
West Guji Improved Cook Stove Distribution project,Ethiopia,3175,Oromia Coffee Farmers Cooperative Union,Energy Efficiency - Domestic,,Small Scale,47000
GS7591 VPA 45 Murang'a Improved Cookstove Project ,Kenya,3176,CO2balance UK ltd,Energy Efficiency - Domestic,GS TPDDTEC v3.1,Micro scale,24804
Improved Cookstove and Safe Water Programme,Kenya,3177,Impact Carbon,Energy Efficiency - Domestic,,Small Scale,0
Household biogas plants in selected districts of Assam,India,3178,Value Network Ventures Pte. Ltd.,Biogas - Heat,AMS-I.E. Switch from Non-Renewable Biomass for Thermal Applications by the User,Small Scale,19040
BioLite Improved Cook stoves Programme,Kenya,3179,"BioLite, Inc.",Energy Efficiency - Domestic,,Large Scale,0
CPA 003 – BioLite HomeStove in Kenya,Kenya,3180,"BioLite, Inc.",Energy Efficiency - Domestic,,Small Scale,48500
GS11191 VPA-1 Biolite Improved Charcoal  Stoves in Kenya,Kenya,3181,"BioLite, Inc.",Energy Efficiency - Domestic,,Large Scale,529802
CPA 009 – Charcoal Stoves in Kenya,Kenya,3182,"BioLite, Inc.",Energy Efficiency - Domestic,,Small Scale,48387
CPA 041 – BioLite HomeStove in Kenya,Kenya,3183,"BioLite, Inc.",Energy Efficiency - Domestic,,Small Scale,48877
CPA 051 – Charcoal Stoves in Kenya,Kenya,3184,"BioLite, Inc.",Energy Efficiency - Domestic,,Small Scale,48236
CPA 052 – Charcoal Stoves in Kenya,Kenya,3185,"BioLite, Inc.",Energy Efficiency - Domestic,,Small Scale,49023
CPA 053 – Charcoal Stoves in Kenya,Kenya,3186,"BioLite, Inc.",Energy Efficiency - Domestic,,Small Scale,49023
CPA 054 – Charcoal Stoves in Kenya,Kenya,3187,"BioLite, Inc.",Energy Efficiency - Domestic,,Small Scale,49023
GS11191 GS11193 RVPA-1 Biolite  Improved Charcoal Stoves in Kenya VPA 1 ,Kenya,3188,"BioLite, Inc.",Energy Efficiency - Domestic,,Large Scale,1498873
Waste composting project in Madagascar ,Madagascar,3189,GoodPlanet,Other,,Micro Scale,1197
BIM Wind Power,Viet Nam,3190,AC Energy and Infrastructure Corporation,Wind,,Large Scale,251419
VPA - Spouts 6,Uganda,3191,Believe Green LLC,Biogas - Electricity,GS TPDDTEC v3.1,Micro Scale,10000
CPA 007 – BioLite HomeStove in Uganda,Uganda,3193,Biolite Inc,Energy Efficiency - Domestic,AMS-II.G. Energy Efficiency Measures in Thermal Applications of Non-Renewable Biomass,Small Scale,43318
"GS7591 VPA 46 Improved Cookstove Distribution in Kayonza, Bugesera and Nyamasheke Districts of Rwanda (GS11205)",Rwanda,3194,CO2balance UK ltd,Energy Efficiency - Domestic,,Small Scale,34199
GS7591 VPA 47 Malawi Improved Cookstove Project,Malawi,3195,CO2balance UK ltd,Energy Efficiency - Domestic,GS TPDDTEC v3.1,Small Scale,34034
Multi-Layer Household Water Filtration System in Kenya,Kenya,3196,"Profit Carbon Environmental Energy Technology (Shanghai) Co., Ltd.",Energy Efficiency - Domestic,GS Methodology for emission reductions from safe drinking water supply,Large Scale,471924
Golden Union Shipping Retrofit Project 1,Greece,3197,Golden Union Shipping Company S.A.,Energy Efficiency - Transport Sector,GS Retrofit Energy Efficiency Measures in Shipping v1.,Small Scale,21938
Production and sale of efficient cookstoves in the urban areas of Maputo Province,Mozambique,3198,Carbonsink (Carbonsink Group S.r.l.),Energy Efficiency - Domestic,GS TPDDTEC v3.1,Large Scale,112437
UpEnergy-Social and Climate Impact Programme- Cooking Devices VPA-8,Nigeria,3199,UpEnergy Group,Energy Efficiency - Domestic,,Small Scale,5836
Community Carbon Efficient Cooking Programme VPA-9,Mozambique,3200,Community Carbon,Energy Efficiency - Domestic,,Small Scale,37771
GS1247 VPA 311 Guatemala Improved Cookstoves Project,Guatemala,3201,CO2balance UK ltd,Energy Efficiency - Domestic,GS MS Simplified Methodology for Efficient Cookstoves v1.,Micro Scale,8531
GS1247 VPA 312 Guatemala Improved Cookstoves Project,Guatemala,3202,CO2balance UK ltd,Energy Efficiency - Domestic,,Micro Scale,8780
Pedro Corto Solar,Dominican Republic,3203,"Irradiasol Dominicana, S.R.L.",Solar Thermal - Electricity,ACM0002 Grid-connected electricity generation from renewable sources,Large Scale,86412
100 MW Solar project in Bhadla in Rajasthan,India,3204,Emergent Ventures India Private Limited,Solar Thermal - Electricity,ACM0002 Grid-connected electricity generation from renewable sources,Large Scale,176539
80 MW Solar by Fermi Solar Farms Pvt Ltd- Chalisgaon,India,3205,Emergent Ventures India Private Limited,Solar Thermal - Electricity,ACM0002 Grid-connected electricity generation from renewable sources,Large Scale,116868
150 MW Solar Project in Karnataka by Avaada Solar,India,3206,Emergent Ventures India Private Limited,Solar Thermal - Electricity,ACM0002 Grid-connected electricity generation from renewable sources,Large Scale,319470
GS10818 - Dissemination of Improved Cookstoves in India by Greenway - Dissemination of Improved Cookstoves in Karnataka by Greenway - VPA003,India,3207,Greenway Grameen Infra Private Limited,Energy Efficiency - Domestic,AMS-II.G. Energy Efficiency Measures in Thermal Applications of Non-Renewable Biomass,Small Scale,38333
 SOLAR PHOTOVOLTAIC PROJECT BY GIRIRAJ RENEWABLES PRIVATE LIMITED,India,3208,Emergent Ventures India Private Limited,Other,ACM0002 Grid-connected electricity generation from renewable sources,Large Scale,1049469
KARNATAKA PAVAGADA-II SOLAR PROJECT BY AVAADA (150 MW),India,3209,Emergent Ventures India Private Limited,Other,ACM0002 Grid-connected electricity generation from renewable sources,Large Scale,305870
Ganzhou Swine Farm Animal Manure Management System GHG Mitigation Project,China,3211,"Profit Carbon Environmental Energy Technology (Shanghai) Co., Ltd.",Biogas - Electricity,ACM0010 GHG emission reductions from manure management systems,Large Scale,498012
BT2 Windfarm,Viet Nam,3212,AC Energy and Infrastructure Corporation,Wind,ACM0002 Grid-connected electricity generation from renewable sources,Large Scale,220557
PANAB CORLU BIOGAS PLANT,Turkey,3214,Panab Tekirdag Enerji,Biogas - Electricity,ACM0022 Alternative waste treatment processes,Large Scale,155429
PANAB TEKIRDAG BIOGAS PLANT,Turkey,3215,Panab Tekirdag Enerji,Biogas - Electricity,,Large Scale,158169
BioLite Improved Cook stoves Programme - CPA 014 supported by Republic of Korea,Uganda,3216,"BioLite, Inc.",Energy Efficiency - Domestic,,Small Scale,42510
BioLite Improved Cook stoves Programme - CPA 015 supported by Republic of Korea,Uganda,3217,"BioLite, Inc.",Energy Efficiency - Domestic,,Small Scale,42510
BioLite Improved Cook stoves Programme - CPA 016 supported by Republic of Korea,Uganda,3218,"BioLite, Inc.",Energy Efficiency - Domestic,,Small Scale,42510
BioLite Improved Cook stoves Programme - CPA 017 supported by Republic of Korea,Uganda,3219,"BioLite, Inc.",Energy Efficiency - Domestic,,Small Scale,42510
BioLite Improved Cook stoves Programme - CPA 018 supported by Republic of Korea,Uganda,3220,"BioLite, Inc.",Energy Efficiency - Domestic,,Small Scale,42510
BioLite Improved Cook stoves Programme - CPA 019 supported by Republic of Korea,Uganda,3221,"BioLite, Inc.",Energy Efficiency - Domestic,,Small Scale,42510
BioLite Improved Cook stoves Programme - CPA 020 supported by Republic of Korea,Uganda,3222,"BioLite, Inc.",Energy Efficiency - Domestic,,Small Scale,42510
BioLite Improved Cook stoves Programme - CPA 021 supported by Republic of Korea,Uganda,3223,"BioLite, Inc.",Energy Efficiency - Domestic,,Small Scale,42510
BioLite Improved Cook stoves Programme - CPA 022 supported by Republic of Korea,Uganda,3224,"BioLite, Inc.",Energy Efficiency - Domestic,,Small Scale,42510
BioLite Improved Cook stoves Programme - CPA 028 supported by Republic of Korea,Uganda,3225,"BioLite, Inc.",Energy Efficiency - Domestic,,Small Scale,42510
Ia Bang 1 Wind Power,Viet Nam,3226,Monsoon Carbon Pte Ltd,Wind,,Large Scale,140145
Ji’an Swine Farm Animal Manure Management System GHG Mitigation Project ,China,3227,"Profit Carbon Environmental Energy Technology (Shanghai) Co., Ltd.",Biogas - Electricity,ACM0010 GHG emission reductions from manure management systems,Large Scale,480495
Shangrao Swine Farm Animal Manure Management System GHG Mitigation Project ,China,3228,"Profit Carbon Environmental Energy Technology (Shanghai) Co., Ltd.",Biogas - Electricity,ACM0010 GHG emission reductions from manure management systems,Large Scale,432932
BT3 Windfarm,Viet Nam,3229,AC Energy and Infrastructure Corporation,Other,ACM0002 Grid-connected electricity generation from renewable sources,Large Scale,95630
Fair Climate Programme for Sustainable Household Energy (PoA),India,3263,FairClimateFund,Energy Efficiency - Domestic,GS MS Simplified Methodology for Efficient Cookstoves v1.,Micro scale,0
ComBio Renewable Biomass Project - Piracicaba,Brazil,3264,COMBIO ENERGIA S.A.,Other,AMS-I.C. Thermal energy production with or without electricity,Small Scale,50000
Bayaguana Solar,Dominican Republic,3265,"Fotonova Dominicana, S.R.L.",Solar Thermal - Electricity,ACM0002 Grid-connected electricity generation from renewable sources,Large Scale,157228
Community Carbon Safe Water Drinking Programme VPA10,Malawi,3266,Community Carbon,Energy Efficiency - Domestic,,Small Scale,367
"Fair Climate Programme for Sustainable Household Energy (PoA) - Fair Climate Programme: Project Exhale - Maharashtra, India (VPA 4)",India,3268,FairClimateFund,Energy Efficiency - Domestic,GS MS Simplified Methodology for Efficient Cookstoves v1.,Micro scale,10000
GS1247 VPA 314 GivePower Haiti Solar Water Farms,Haiti,3269,CO2balance UK ltd,Energy Efficiency - Domestic,GS TPDDTEC v3.1,Micro Scale,10000
GS1247 VPA 313 GivePower Haiti Solar Water Farms,Haiti,3270,CO2balance UK ltd,Energy Efficiency - Domestic,GS TPDDTEC v3.1,Micro Scale,10000
GS1247 VPA 315 GivePower Haiti Solar Water Farms,Haiti,3271,CO2balance UK ltd,Energy Efficiency - Domestic,GS TPDDTEC v3.1,Micro Scale,10000
Thai Hoa Wind Power Project,Viet Nam,3272,South Pole Ltd SCV,Wind,ACM0002 Grid-connected electricity generation from renewable sources,Large Scale,214728
Renewable Power Generation on Mafia Island,"Tanzania, United Republic of",3273,atmosfair gGmbH,Biogas - Electricity,AMS-I.F. Renewable electricity generation for captive use and mini-grid,Small Scale,9432
Clean Cooking and Safe Water Supply in Africa by EcoAct ,Kenya,3274,Schneider Electric France,Energy Efficiency - Domestic,,Large Scale,0
Muyuan Nanyang Swine Farm Animal Waste Management System GHG Mitigation Project ,China,3276,"Profit Carbon Environmental Energy Technology (Shanghai) Co., Ltd.",Biogas - Electricity,ACM0010 GHG emission reductions from manure management systems,Large Scale,478780
Changdao Geothermal Central Heating System,China,3277,"Profit Carbon Environmental Energy Technology (Shanghai) Co., Ltd.",Geothermal,AM0072 Fossil Fuel Displacement by Geothermal Resources for Space Heating,Large Scale,382547
Safe Water Programme – Nigeria – VPA 01,Nigeria,3280,Impact Carbon,Energy Efficiency - Domestic,,Small Scale,59312
Safe Water Programme – Nigeria – VPA 02,Nigeria,3281,Impact Carbon,Energy Efficiency - Domestic,,Small Scale,59312
Safe Water Programme – Nigeria – VPA 03,Nigeria,3282,Impact Carbon,Energy Efficiency - Domestic,,Small Scale,60000
Safe Water Programme – Nigeria – VPA 04,Nigeria,3283,Impact Carbon,Energy Efficiency - Domestic,,Small Scale,60000
Safe Water Programme – Nigeria – VPA 05,Nigeria,3284,Impact Carbon,Energy Efficiency - Domestic,,Small Scale,60000
Safe Water Programme – Nigeria – VPA 06,Nigeria,3285,Impact Carbon,Energy Efficiency - Domestic,,Small Scale,60000
Safe Water Programme – Nigeria – VPA 07,Nigeria,3286,Impact Carbon,Energy Efficiency - Domestic,,Small Scale,60000
Safe Water Programme – Nigeria – VPA 08,Nigeria,3287,Impact Carbon,Energy Efficiency - Domestic,,Small Scale,60000
Safe Water Programme – Nigeria – VPA 09,Nigeria,3288,Impact Carbon,Energy Efficiency - Domestic,,Small Scale,60000
Safe Water Programme – Nigeria – VPA 10,Nigeria,3289,Impact Carbon,Energy Efficiency - Domestic,,Small Scale,60000
Safe Water Programme – Nigeria – VPA 11,Nigeria,3290,Impact Carbon,Energy Efficiency - Domestic,,Small Scale,60000
 Safe Water Programme – Nigeria – VPA 12,Nigeria,3291,Impact Carbon,Energy Efficiency - Domestic,,Small Scale,60000
Safe Water Programme – Nigeria – VPA 13,Nigeria,3292,Impact Carbon,Energy Efficiency - Domestic,,Small Scale,60000
 Safe Water Programme – Nigeria – VPA 14,Nigeria,3293,Impact Carbon,Energy Efficiency - Domestic,,Small Scale,60000
 Safe Water Programme – Nigeria – VPA 15,Nigeria,3294,Impact Carbon,Energy Efficiency - Domestic,,Small Scale,60000
Safe Water Programme – Nigeria – VPA 16,Nigeria,3295,Impact Carbon,Energy Efficiency - Domestic,,Small Scale,60000
 Safe Water Programme – Nigeria – VPA 17,Nigeria,3296,Impact Carbon,Energy Efficiency - Domestic,,Small Scale,60000
Safe Water Programme – Nigeria – VPA 18 ,Nigeria,3297,Impact Carbon,Energy Efficiency - Domestic,,Small Scale,60000
Safe Water Programme – Nigeria – VPA 19 ,Nigeria,3298,Impact Carbon,Energy Efficiency - Domestic,,Small Scale,60000
Safe Water Programme – Nigeria – VPA 20 ,Nigeria,3299,Impact Carbon,Energy Efficiency - Domestic,,Small Scale,60000
Safe Water Programme – Nigeria – VPA 21,Nigeria,3300,Impact Carbon,Energy Efficiency - Domestic,,Small Scale,60000
Safe Water Programme – Nigeria – VPA 22,Nigeria,3301,Impact Carbon,Energy Efficiency - Domestic,,Small Scale,60000
Safe Water Programme – Nigeria – VPA 23 ,Nigeria,3302,Impact Carbon,Energy Efficiency - Domestic,,Small Scale,60000
Safe Water Programme – Nigeria – VPA 24 ,Nigeria,3303,Impact Carbon,Energy Efficiency - Domestic,,Small Scale,60000
Safe Water Programme – Nigeria – VPA 25 ,Nigeria,3304,Impact Carbon,Energy Efficiency - Domestic,,Small Scale,60000
Safe Water Programme – Nigeria – VPA 28 ,Nigeria,3307,Impact Carbon,Energy Efficiency - Domestic,,Small Scale,60000
Safe Water Programme – Nigeria – VPA 29 ,Nigeria,3308,Impact Carbon,Energy Efficiency - Domestic,,Small Scale,60000
Safe Water Programme – Nigeria – VPA 30 ,Nigeria,3309,Impact Carbon,Energy Efficiency - Domestic,,Small Scale,60000
Safe Water Programme – Kenya – VPA 31,Kenya,3310,Impact Carbon,Energy Efficiency - Domestic,,Small Scale,54811
 Safe Water Programme – Kenya – VPA 32,Kenya,3311,Impact Carbon,Energy Efficiency - Domestic,,Small Scale,60000
Safe Water Programme – Kenya – VPA 33,Kenya,3312,Impact Carbon,Energy Efficiency - Domestic,,Small Scale,60000
Safe Water Programme – Kenya – VPA 34,Kenya,3313,Impact Carbon,Energy Efficiency - Domestic,,Small Scale,60000
Safe Water Programme – Kenya – VPA 35,Kenya,3314,Impact Carbon,Energy Efficiency - Domestic,,Small Scale,60000
Safe Water Programme – Kenya – VPA 36,Kenya,3315,Impact Carbon,Energy Efficiency - Domestic,,Small Scale,60000
Safe Water Programme – Kenya – VPA 37,Kenya,3316,Impact Carbon,Energy Efficiency - Domestic,,Small Scale,60000
Safe Water Programme – Kenya – VPA 38,Kenya,3317,Impact Carbon,Energy Efficiency - Domestic,,Small Scale,60000
 Safe Water Programme – Kenya – VPA 39,Kenya,3318,Impact Carbon,Energy Efficiency - Domestic,,Small Scale,60000
Safe Water Programme – Kenya – VPA 40,Kenya,3319,Impact Carbon,Energy Efficiency - Domestic,,Small Scale,60000
Safe Water Programme – Kenya – VPA 41,Kenya,3320,Impact Carbon,Energy Efficiency - Domestic,,Small Scale,60000
Safe Water Programme – Kenya – VPA 42,Kenya,3321,Impact Carbon,Energy Efficiency - Domestic,,Small Scale,60000
Safe Water Programme – Kenya – VPA 43,Kenya,3322,Impact Carbon,Energy Efficiency - Domestic,,Small Scale,60000
Safe Water Programme – Kenya – VPA 44,Kenya,3323,Impact Carbon,Energy Efficiency - Domestic,,Small Scale,60000
Safe Water Programme – Kenya – VPA 45,Kenya,3324,Impact Carbon,Energy Efficiency - Domestic,,Small Scale,60000
 Safe Water Programme – Kenya – VPA 46,Kenya,3325,Impact Carbon,Energy Efficiency - Domestic,,Small Scale,60000
Improved Cookstove  Programme - Nigeria - VPA 48,Nigeria,3327,Impact Carbon,Energy Efficiency - Domestic,,Small Scale,274420
Sapphire 49.5MW Wind Farm Project,Pakistan,3328,Monsoon Carbon Pte Ltd,Wind,ACM0002 Grid-connected electricity generation from renewable sources,Large Scale,78196
Healthy cooking initiative for Tea Estate Workers of Nepal ,Nepal,3329,Value Network Ventures Pte. Ltd.,Energy Efficiency - Domestic,GS MS Simplified Methodology for Efficient Cookstoves v1.1,Micro Scale,9697
GS10818 - Dissemination of Improved Cookstoves in India by Greenway - Dissemination of Improved Cookstoves in Karnataka by Greenway - VPA004,India,3330,Greenway Grameen Infra Private Limited,Energy Efficiency - Domestic,AMS-II.G. Energy Efficiency Measures in Thermal Applications of Non-Renewable Biomass,Small Scale,37982
GS10818 - Dissemination of Improved Cookstoves in India by Greenway - Dissemination of Improved Cookstoves in Karnataka by Greenway - VPA005,India,3331,Greenway Grameen Infra Private Limited,Energy Efficiency - Domestic,AMS-II.G. Energy Efficiency Measures in Thermal Applications of Non-Renewable Biomass,Small Scale,37982
GS10818 - Dissemination of Improved Cookstoves in India by Greenway - Dissemination of Improved Cookstoves in Karnataka by Greenway - VPA006,India,3332,Greenway Grameen Infra Private Limited,Energy Efficiency - Domestic,AMS-II.G. Energy Efficiency Measures in Thermal Applications of Non-Renewable Biomass,Small Scale,37982
GS10818 - Dissemination of Improved Cookstoves in India by Greenway - Dissemination of Improved Cookstoves in Karnataka by Greenway - VPA007,India,3333,Greenway Grameen Infra Private Limited,Energy Efficiency - Domestic,AMS-II.G. Energy Efficiency Measures in Thermal Applications of Non-Renewable Biomass,Small Scale,37982
GS10818 - Dissemination of Improved Cookstoves in India by Greenway - Dissemination of Improved Cookstoves in Karnataka by Greenway - VPA008,India,3334,Greenway Grameen Infra Private Limited,Energy Efficiency - Domestic,AMS-II.G. Energy Efficiency Measures in Thermal Applications of Non-Renewable Biomass,Small Scale,37982
 Hoa Binh 2 Wind Power Project,Viet Nam,3335,South Pole Ltd SCV,Wind,ACM0002 Grid-connected electricity generation from renewable sources,Large Scale,143848
Ca Mau 1A Wind Power Project,Viet Nam,3337,South Pole Ltd SCV,Wind,ACM0002 Grid-connected electricity generation from renewable sources,Large Scale,244070
Ca Mau 1B Wind Power Project,Viet Nam,3338,South Pole Ltd SCV,Wind,ACM0002 Grid-connected electricity generation from renewable sources,Large Scale,246501
Dong Hai 1 Wind Power Project – Phase 2,Viet Nam,3339,Coral Future Pte. Ltd.,Other,ACM0002 Grid-connected electricity generation from renewable sources,Large Scale,173437
Enkima stoves ,Kenya,3340,Schneider Electric France,Energy Efficiency - Domestic,,Small Scale,41749
UpEnergy-Social and Climate Impact Programme- Safe Water VPA-11,Zambia,3341,Community Carbon,Energy Efficiency - Domestic,,Small Scale,488
UpEnergy-Social and Climate Impact Programme- Safe Water VPA-12,Mozambique,3342,UpEnergy Group,Energy Efficiency - Domestic,,Small Scale,31854
UpEnergy-Social and Climate Impact Programme- Cooking Devices VPA-13,"Congo, the Democratic Republic of the",3343,UpEnergy Group,Energy Efficiency - Domestic,GS TPDDTEC v3.1,Small Scale,11594
Congo (DRC) Improved Cook Stoves Programme,"Congo, the Democratic Republic of the",3345,Vitol SA,Energy Efficiency - Domestic,GS TPDDTEC V4.0: REDUCED EMISSIONS FROM COOKING AND HEATING – TECHNOLOGIES AND PRACTICES TO DISPLACE DECENTRALIZED THERMAL ENERGY CONSUMPTION,Small Scale,60000
Congo (DRC) Improved Cook Stoves VPA 001– Limete,"Congo, the Democratic Republic of the",3346,Vitol SA,Energy Efficiency - Domestic,GS TPDDTEC V4.0: REDUCED EMISSIONS FROM COOKING AND HEATING – TECHNOLOGIES AND PRACTICES TO DISPLACE DECENTRALIZED THERMAL ENERGY CONSUMPTION,Small Scale,30801
GS11324 - VPA002 - Congo (DRC) Improved Cook Stoves-Kinshasa,"Congo, the Democratic Republic of the",3347,Vitol SA,Energy Efficiency - Domestic,GS TPDDTEC V4.0: REDUCED EMISSIONS FROM COOKING AND HEATING – TECHNOLOGIES AND PRACTICES TO DISPLACE DECENTRALIZED THERMAL ENERGY CONSUMPTION,Small Scale,27884
Congo (DRC) Improved Cook Stoves VPA 003– Ngaliema,"Congo, the Democratic Republic of the",3348,Vitol SA,Energy Efficiency - Domestic,GS TPDDTEC V4.0: REDUCED EMISSIONS FROM COOKING AND HEATING – TECHNOLOGIES AND PRACTICES TO DISPLACE DECENTRALIZED THERMAL ENERGY CONSUMPTION,Small Scale,50199
HBRE Chu Prong Wind Power Farm Project,Viet Nam,3349,Coral Future Pte. Ltd.,Wind,ACM0002 Grid-connected electricity generation from renewable sources,Large Scale,147519
Beam Mobility Micromobility ,New Zealand,3350,Beam Mobility Holdings Pte. Ltd.,Energy Efficiency - Transport Sector,AMS-III.BM: Lightweight two and three wheeled personal transportation version 1.0,Small Scale,14000
Circle Gas LPG Smart Meter Program,Kenya,3351,CIRCLE GAS LIMITED,Energy Efficiency - Domestic,,Large Scale,80000
Circle Gas LPG Smart Meter Program in Kenya,Kenya,3352,CIRCLE GAS LIMITED,Energy Efficiency - Domestic,,Large Scale,1949899
Swine Farm Animal Manure Management System GHG Mitigation Project in Hubei Province ,China,3354,"Profit Carbon Environmental Energy Technology (Shanghai) Co., Ltd.",Biogas - Electricity,ACM0010 GHG emission reductions from manure management systems,Large Scale,292339
Heilongjiang Swine Farm Animal Waste Management System GHG Mitigation Project,China,3355,"Profit Carbon Environmental Energy Technology (Shanghai) Co., Ltd.",Biogas - Electricity,ACM0010 GHG emission reductions from manure management systems,Large Scale,435352
Shuangbaotai Animal Manure Management System GHG Mitigation Project in Guangdong Province,China,3356,"Profit Carbon Environmental Energy Technology (Shanghai) Co., Ltd.",Biogas - Electricity,ACM0010 GHG emission reductions from manure management systems,Large Scale,268650
Shuangbaotai Animal Manure Management System GHG Mitigation Project in Guangxi Province,China,3357,"Profit Carbon Environmental Energy Technology (Shanghai) Co., Ltd.",Biogas - Electricity,ACM0010 GHG emission reductions from manure management systems,Large Scale,280549
Shuangbaotai Animal Manure Management System GHG Mitigation Project in Jiangxi Province,China,3358,"Profit Carbon Environmental Energy Technology (Shanghai) Co., Ltd.",Biogas - Electricity,ACM0010 GHG emission reductions from manure management systems,Large Scale,473691
Shuangbaotai Animal Manure Management System GHG Mitigation Project in Anhui Province,China,3359,"Profit Carbon Environmental Energy Technology (Shanghai) Co., Ltd.",Biogas - Electricity,ACM0010 GHG emission reductions from manure management systems,Large Scale,208966
Kuzey Biogas Energy Project,Turkey,3360,Samsun Avdan Energy,Biogas - Electricity,,Large Scale,70000
ADIYAMAN LANDFILL PLANT,Turkey,3362,Panab Tekirdag Enerji,Other,,Large Scale,102530
Hoa Dong Wind Power Project,Viet Nam,3370,"WIND POWER HOA DONG CO.,LTD",Wind,ACM0002 Grid-connected electricity generation from renewable sources,Large Scale,80378
Lac Hoa Wind Power Project,Viet Nam,3371,"WIND POWER LAC HOA CO.,LTD",Wind,ACM0002 Grid-connected electricity generation from renewable sources,Large Scale,88056
Kenya biomass gasification for clean cooking,Kenya,3373,Better Cooking Company Inc.,Energy Efficiency - Domestic,,Micro Scale,9000
VPA - Spouts 7,Uganda,3374,Believe Green LLC,Energy Efficiency - Domestic,GS TPDDTEC v3.1,Micro Scale,10000
VPA - Spouts 8,Uganda,3375,Believe Green LLC,Energy Efficiency - Domestic,GS TPDDTEC v3.1,Micro Scale,10000
VPA - Spouts 9,Uganda,3376,Believe Green LLC,Energy Efficiency - Domestic,GS TPDDTEC v3.1,Micro Scale,10000
Fuel-Switch Project Deriving Carbon Assets from the Use of Non-Edible Raw Agriculture-Derived Oil System (NERADO System) To Replace Heavy Fuel Oil For Aluminum Dross Recycling In Malaysia ,Malaysia,3377,Climate Resources Exchange International Pte Ltd,"Biomass, or Liquid Biofuel - Electricity",AMS-III.AS. Switch from fossil fuel to biomass in existing manufacturing facilities for non-energy applications,Small Scale,1479
CPA # 6 Improved Cooking Stoves for Nigeria,Nigeria,3378,atmosfair gGmbH,Energy Efficiency - Domestic,AMS-II.G. Energy Efficiency Measures in Thermal Applications of Non-Renewable Biomass,Small Scale,38527
Installation of High Efficiency Firewood Cookstoves in Malawi  ,Malawi,3380,C-Quest Capital Stoves Asia Ltd,Energy Efficiency - Domestic,GS TPDDTEC v3.1,Large Scale,155993
Hoa Binh 5 Wind Power Project – Phase 1,Viet Nam,3381,Coral Future Pte. Ltd.,Other,ACM0002 Grid-connected electricity generation from renewable sources,Large Scale,246056
Ca Mau 1D Wind Power Plant,Viet Nam,3382,Coral Future Pte. Ltd.,Wind,ACM0002 Grid-connected electricity generation from renewable sources,Large Scale,252641
India Dairy Biogas Program,India,3415,"SISTEMA.BIO, INC.",Biogas - Heat,GS TPDDTEC v 3.,Large Scale,416214
250 MW Wind Power Project by Mytrah Energy,India,3416,Infinite Environmental Solutions LLP,Wind,ACM0002 Grid-connected electricity generation from renewable sources,Large Scale,555699
Biolite Solar Lighting Project in Malawi,Malawi,3418,"BioLite, Inc.",Energy Efficiency - Domestic,AMS-I.A. Electricity generation by the user,Small Scale,84397
Biolite Solar Lighting Project in Rwanda,Rwanda,3419,Biolite Inc,Energy Efficiency - Domestic,AMS-I.A. Electricity generation by the user,Small Scale,63298
Fajina Geothermal Based Space Heating System,China,3421,"Profit Carbon Environmental Energy Technology (Shanghai) Co., Ltd.",Geothermal,AM0072 Fossil Fuel Displacement by Geothermal Resources for Space Heating,Large Scale,487050
Mandsaur Wind Power Project in Madhya Pradesh ,India,3423,Renew Power Synergy Private Limited,Wind,ACM0002 Grid-connected electricity generation from renewable sources,Large Scale,84956
Rajgarh Wind Power Project in Rajasthan ,India,3424,Renew Power Synergy Private Limited,Wind,ACM0002 Grid-connected electricity generation from renewable sources,Large Scale,72085
Lingasugur Wind Power Project in Karnataka ,India,3425,Renew Power Synergy Private Limited,Wind,ACM0002 Grid-connected electricity generation from renewable sources,Large Scale,75834
ReNew Solar Power Project in AP ,India,3426,Renew Power Synergy Private Limited,Solar Thermal - Electricity,,Large Scale,89622
Solar systems for small businesses and households,Nigeria,3428,Access to Energy gGmbH (A2EI),Other,AMS-I.A. Electricity generation by the user,Small Scale,60000
Nhon Hoa 1 Wind Power Project,Viet Nam,3435,Monsoon Sustainability Co. Ltd.,Wind,,Large Scale,135301
Nhon Hoa 2 Wind Power Project,Viet Nam,3436,Monsoon Sustainability Co. Ltd.,Wind,,Large Scale,135655
Programme of Activities for Small Scale Solar and Wind Power Generation in Sri Lanka ,Sri Lanka,3437,Koho Trading and Consultancy (Private) Limited,Other,AMS-I.D. Grid connected renewable electricity generation,Small Scale,67083
10MW Solar One Ceylon (Pudukadumalai) Solar Power Project (2018-SOP-001-10.0MW) ,Sri Lanka,3438,Koho Trading and Consultancy (Private) Limited,Other,AMS-I.D. Grid connected renewable electricity generation,Small Scale,17969
10MW Nedunkulam Solar PV Project (2018-SOP-002-10.0MW) ,Sri Lanka,3439,Koho Trading and Consultancy (Private) Limited,Other,AMS-I.D. Grid connected renewable electricity generation,Small Scale,18984
10MW Anorchi Lanka (Baruthankanda) Solar Power Project (2018-SOP-003-10.0MW) ,Sri Lanka,3440,Koho Trading and Consultancy (Private) Limited,Other,AMS-I.D. Grid connected renewable electricity generation,Small Scale,15065
10MW Iris (Baruthankanda) Solar Power Project (2018-SOP-004-10.0MW) ,Sri Lanka,3441,Koho Trading and Consultancy (Private) Limited,Other,AMS-I.D. Grid connected renewable electricity generation,Small Scale,15065
Ea Nam Wind Power Project,Viet Nam,3442,Monsoon Carbon Pte Ltd,Wind,ACM0002 Grid-connected electricity generation from renewable sources,Large Scale,933236
GS10789 GS10791 RVPA-4: Efficient and Clean Cooking for households in Kenya,Kenya,3453,ECOA Climate Capital,Energy Efficiency - Domestic,,Large Scale,171888
GS10789 VPA5: Efficient and Clean Cooking for households in the Democratic Republic of Congo (DRC),"Congo, the Democratic Republic of the",3454,ECOA Climate Capital,Energy Efficiency - Domestic,,Large Scale,57442
GS10789 VPA6: Efficient and Clean Cooking for households in Cote d’Ivoire ,Côte d'Ivoire,3455,ECOA Climate Capital,Energy Efficiency - Domestic,,Large Scale,33796
GS10789 VPA7: Efficient and Clean Cooking for households in the Democratic Republic of Congo (DRC) ,"Congo, the Democratic Republic of the",3456,Global Cookstoves Ltd.,Energy Efficiency - Domestic,GS TPDDTEC v3.1,Large Scale,541507
Parque Solar Zonaxol,Dominican Republic,3457,"ZONAXOL, S.A.",Other,ACM0002 Grid-connected electricity generation from renewable sources,Large Scale,57288
Installation of Household biogas plants in India,India,3458,GRENEITY INFOCOM SERVICE PRIVATE LIMITED,Biogas - Heat,AMS-I.E. Switch from Non-Renewable Biomass for Thermal Applications by the User,Small Scale,35000
SOLVATTEN Solar Safe Water Heater Kenya,Kenya,3459,Solvatten AB,Energy Efficiency - Domestic,Other,Small Scale,50000
Alternate Wetting and Drying Technology for Climate Compatible Rice Cultivation in Nepal plains ,Nepal,3460,Value Network Ventures Pte. Ltd.,Other,,Small Scale,55575
GS10884 - KOKO Kenya - Ethanol Cookstoves Program - CPA-0002,Kenya,3461,KOKO Network limited,Energy Efficiency - Domestic,,Small Scale,1081893
Bundled household biogas plants project in Jammu and Punjab ,India,3462,Value Network Ventures Pte. Ltd.,Biogas - Heat,AMS-I.E. Switch from Non-Renewable Biomass for Thermal Applications by the User,Small Scale,40129
GS1340 Efficient cookstoves in Burkina Faso – VPA-25 – Solidagro F3PA cookstoves in Passoré ,Burkina Faso,3463,CO2logic,Energy Efficiency - Domestic,,Micro Scale,9700
"Water and Climate VPA #1 – Madhya Pradesh, India",India,3496,CARBON IMPACT CAPITAL PTE. LTD.,Energy Efficiency - Domestic,GS Methodology for emission reductions from safe drinking water supply,Small Scale,57775
"Implementation of Bio digestors in rural areas of Madhya Pradesh, India",India,3497,Radheshyam Cottex,Other,AMS-I.E. Switch from Non-Renewable Biomass for Thermal Applications by the User,Small Scale,48466
Central Area of Sanmenxia City Geothermal Based Space Heating System,China,3498,"Henan Deneng Energy&Environmental Protection Technology Co.,Ltd.",Geothermal,AM0072 Fossil Fuel Displacement by Geothermal Resources for Space Heating,Large Scale,59126
Livelihoods Chitetezo Mbaula Project ,Malawi,3499,Deactivated Projects,Energy Efficiency - Domestic,GS TPDDTEC v3.1,Large Scale,64829
Bundling of household biogas plants for thermal energy applications,India,3500,GRENEITY INFOCOM SERVICE PRIVATE LIMITED,Biogas - Heat,AMS-I.E. Switch from Non-Renewable Biomass for Thermal Applications by the User,Small Scale,36000
MicroEnergy Credits – Microfinance for Clean Energy Product Lines – India,India,3501,MicroEnergy Credits,Energy Efficiency - Domestic,,Small Scale,0
GS11450 - MicroEnergy Credits – Microfinance for Clean Energy Product Lines – India - CPA 32 - GS11452,India,3502,MicroEnergy Credits,Energy Efficiency - Domestic,AMS-I.A. Electricity generation by the user,Small Scale,526580
GS11450 - MicroEnergy Credits – Microfinance for Clean Energy Product Lines – India - CPA 17 - GS11451,India,3503,MicroEnergy Credits,Other,AMS-I.A. Electricity generation by the user,Small Scale,128446
Hongwang Animal Manure Management System GHG Mitigation Project in Fangcheng County,China,3504,"Sirreon Technology & Development (Beijing) Co.,Ltd",Biogas - Electricity,ACM0010 GHG emission reductions from manure management systems,Large Scale,314542
Dengzhou AMMS GHG Mitigation Project,China,3505,"Sirreon Technology & Development (Beijing) Co.,Ltd",Biogas - Heat,ACM0010 GHG emission reductions from manure management systems,Large Scale,461437
CNOOC Pingyin Wind Farm Phase I project,China,3506,"Profit Carbon Environmental Energy Technology (Shanghai) Co., Ltd.",Wind,,Large Scale,83913
CNOOC Weifang Binhai Wind Farm Phase II Project,China,3507,"Profit Carbon Environmental Energy Technology (Shanghai) Co., Ltd.",Wind,ACM0002 Grid-connected electricity generation from renewable sources,Large Scale,81358
Yunxiao Zengjiang Wind Farm,China,3508,"Profit Carbon Environmental Energy Technology (Shanghai) Co., Ltd.",Wind,ACM0002 Grid-connected electricity generation from renewable sources,Large Scale,45365
Anakot Thmei Safe Water Project,Cambodia,3510,Schneider Electric France,Energy Efficiency - Domestic,,Small Scale,6225
GS11508 VPA1: Clean Cooking with Biomass Gasification in Zambia,Zambia,3543,Emerging Cooking Solutions Sweden AB,Energy Efficiency - Domestic,Methodology for Metered & Measured Energy Cooking Devices,Micro scale,8952
Tutly Solar PV Plant in Uzbekistan,Uzbekistan,3545,First Climate (Switzerland) AG,PV,,Large Scale,152058
Santanasol 50MW PV Plant,Dominican Republic,3546,"AES DOMINICANA RENEWABLE ENERGY, S.A.",PV,ACM0002 Grid-connected electricity generation from renewable sources,Large Scale,72793
Improved Cookstove Distribution Project in India by EKIESL (VPA-001),India,3548,EKI Energy Services Limited,Energy Efficiency - Domestic,AMS-II.G. Energy Efficiency Measures in Thermal Applications of Non-Renewable Biomass,Micro Scale,0
Programme of Activities for Shipping Energy Efficiency Retrofits,International,3549,Barry Rogliano Salles (Genève) SA.,Energy Efficiency - Transport Sector,,Small Scale,17790
GS1385 Man and Man Enterprise Improved Cooking Stoves Programme in Ghana - VPA002 (Western Region),Ghana,3550,Man and Man Enterprise,Energy Efficiency - Domestic,AMS-II.G. Energy Efficiency Measures in Thermal Applications of Non-Renewable Biomass,Small Scale,413653
S2 Cameroun (Noun and Mifi departments) Cookstove VPA 002 ,Cameroon,3552,EcoAct,Energy Efficiency - Domestic,GS TPDDTEC v3.1,Small Scale,60000
"Water and Climate VPA #2 – Madhya Pradesh, India",India,3553,CARBON IMPACT CAPITAL PTE. LTD.,Energy Efficiency - Domestic,GS Methodology for emission reductions from safe drinking water supply,Small Scale,57775
GS11450 - MicroEnergy Credits – Microfinance for Clean Energy Product Lines – India - CPA 34 - GS11489,India,3554,MicroEnergy Credits,Energy Efficiency - Domestic,AMS-I.A. Electricity generation by the user,Small Scale,526580
GS11450 - MicroEnergy Credits – Microfinance for Clean Energy Product Lines – India - CPA 03 - GS11475,India,3555,MicroEnergy Credits,Energy Efficiency - Domestic,,Small Scale,61452
GS11450 - MicroEnergy Credits – Microfinance for Clean Energy Product Lines – India - CPA 07 - GS11477,India,3557,MicroEnergy Credits,Energy Efficiency - Domestic,GS TPDDTEC v3.1,Small Scale,53605
GS11450 - MicroEnergy Credits – Microfinance for Clean Energy Product Lines – India - CPA 08 - GS11478,India,3558,MicroEnergy Credits,Energy Efficiency - Domestic,AMS-I.A. Electricity generation by the user,Small Scale,53605
GS11450 - MicroEnergy Credits – Microfinance for Clean Energy Product Lines – India - CPA 09 - GS11479,India,3559,MicroEnergy Credits,Energy Efficiency - Domestic,AMS-I.A. Electricity generation by the user,Small Scale,106719
GS11450 - MicroEnergy Credits – Microfinance for Clean Energy Product Lines – India - CPA 12 - GS11482 ,India,3562,MicroEnergy Credits,Energy Efficiency - Domestic,AMS-I.A. Electricity generation by the user,Small Scale,867980
GS11450 - MicroEnergy Credits – Microfinance for Clean Energy Product Lines – India - CPA 15 - GS11485,India,3565,MicroEnergy Credits,Energy Efficiency - Domestic,AMS-I.A. Electricity generation by the user,Small Scale,185861
GS11450 - MicroEnergy Credits – Microfinance for Clean Energy Product Lines – India - CPA 31 - GS11491,India,3568,MicroEnergy Credits,Energy Efficiency - Domestic,AMS-I.A. Electricity generation by the user,Small Scale,185492
MicroEnergy Credits PoA – CPA 30 – Clear Sky Partners,India,3569,MicroEnergy Credits,Energy Efficiency - Domestic,AMS-I.A. Electricity generation by the user,Small Scale,235610
MicroEnergy Credits PoA – CPA 29 – Clear Sky Partners,India,3570,MicroEnergy Credits,Energy Efficiency - Domestic,AMS-I.A. Electricity generation by the user,Small Scale,158248
GS11450 - MicroEnergy Credits – Microfinance for Clean Energy Product Lines – India - CPA 05 - GS11504,India,3571,MicroEnergy Credits,Energy Efficiency - Domestic,AMS-I.A. Electricity generation by the user,Small Scale,72351
GS11450 - MicroEnergy Credits – Microfinance for Clean Energy Product Lines – India - CPA 19 - Clear Sky Partners – GS11503,India,3572,MicroEnergy Credits,Energy Efficiency - Domestic,AMS-I.A. Electricity generation by the user,Small Scale,158248
GS11450 - MicroEnergy Credits – Microfinance for Clean Energy Product Lines – India - CPA 20 - Clear Sky Partners – GS11502,India,3573,MicroEnergy Credits,Energy Efficiency - Domestic,AMS-I.A. Electricity generation by the user,Small Scale,235610
GS11450 - MicroEnergy Credits – Microfinance for Clean Energy Product Lines – India - CPA 21 - Clear Sky Partners – GS11501,India,3574,MicroEnergy Credits,Energy Efficiency - Domestic,AMS-I.A. Electricity generation by the user,Small Scale,291759
GS11450 - MicroEnergy Credits – Microfinance for Clean Energy Product Lines – India - CPA 22 - Clear Sky Partners – GS11500,India,3575,MicroEnergy Credits,Energy Efficiency - Domestic,AMS-I.A. Electricity generation by the user,Small Scale,560009
GS11450 - MicroEnergy Credits – Microfinance for Clean Energy Product Lines – India - CPA 23 - Clear Sky Partners – GS11499,India,3576,MicroEnergy Credits,Energy Efficiency - Domestic,AMS-I.A. Electricity generation by the user,Small Scale,254633
GS11450 - MicroEnergy Credits – Microfinance for Clean Energy Product Lines – India - CPA 24 - Clear Sky Partners – GS11498,India,3577,MicroEnergy Credits,Energy Efficiency - Domestic,AMS-I.A. Electricity generation by the user,Small Scale,158248
MicroEnergy Credits PoA – CPA 25 – Clear Sky Partners,India,3578,MicroEnergy Credits,Energy Efficiency - Domestic,AMS-I.A. Electricity generation by the user,Small Scale,235610
GS11450 - MicroEnergy Credits – Microfinance for Clean Energy Product Lines – India - CPA 26 - Clear Sky Partners – GS11496,India,3579,MicroEnergy Credits,Energy Efficiency - Domestic,AMS-I.A. Electricity generation by the user,Small Scale,149445
MicroEnergy Credits PoA – CPA 27 – Clear Sky Partners,India,3580,MicroEnergy Credits,Energy Efficiency - Domestic,AMS-I.A. Electricity generation by the user,Small Scale,560009
GS11450 - MicroEnergy Credits – Microfinance for Clean Energy Product Lines – India - CPA 06 - GS11505,India,3581,MicroEnergy Credits,Energy Efficiency - Domestic,AMS-I.A. Electricity generation by the user,Small Scale,52352
MicroEnergy Credits PoA – CPA 28 – Clear Sky Partners,India,3582,MicroEnergy Credits,Energy Efficiency - Domestic,AMS-I.A. Electricity generation by the user,Small Scale,254631
Dongming County Municipal Solid Waste Disposal Site Biogas Electricity Generation Project,China,3583,"Henan BCCY Environmental Energy Co., Ltd.",Biogas - Electricity,AMS-III.G. Landfill methane recovery,Small Scale,53187
FPD Robotic E-waste Recycling Project,United Kingdom,3584,FPD Recycling,Other,AMS-III.BA Recovery and recycling of materials from E-waste,Micro Scale,9911
Improved Cookstoves Programme in Nepal by Renewable World- VPA-001,Nepal,3585,Deactivated Projects,Energy Efficiency - Domestic,GS MS Simplified Methodology for Efficient Cookstoves v1.,Micro Scale,10000
Waste Management PoA in India- Biogas for thermal applications- VPA 5 ,India,3586,Value Network Ventures Pte. Ltd.,Other,AMS-I.I. Biogas/biomass thermal applications for households/small users,Small Scale,2306
Fair Climate Programme for Advanced Biomass Cooking Solutions (PoA),Rwanda,3587,FairClimateFund,Energy Efficiency - Domestic,Methodology for Metered & Measured Energy Cooking Devices,Micro scale,0
Garo Hills Improved Cookstove Project India,India,3631,myclimate Foundation,Energy Efficiency - Domestic,,Small Scale,56250
Permanent Sequestration of biogenic CO2 in Demolition Concrete,Switzerland,3632,Neustark AG,Other,,Micro Scale,0
Swarno Dweep Solar Project,Bangladesh,3633,ELERIS ENERGY GLOBAL LLC,Other,ACM0002 Grid-connected electricity generation from renewable sources,Large Scale,268515
GS11551 - TASC Clean Cooking PoA – VPA 2 Cicada Carbon (Zimbabwe),Zimbabwe,3634,THE AFRICAN STOVE COMPANY LIMITED,Energy Efficiency - Domestic,,Large Scale,212590
LAYA PRAGATHI Improved Cook stove Project,India,3635,LAYA Resource Centre,Energy Efficiency - Domestic,GS TPDDTEC V4.0: REDUCED EMISSIONS FROM COOKING AND HEATING – TECHNOLOGIES AND PRACTICES TO DISPLACE DECENTRALIZED THERMAL ENERGY CONSUMPTION,Small Scale,76360
Dongrui Animal Manure Management System GHG Mitigation Project in Heyuan City,China,3636,"Profit Carbon Environmental Energy Technology (Shanghai) Co., Ltd.",Biogas - Electricity,ACM0010 GHG emission reductions from manure management systems,Large Scale,423531
"Maji Safi, Maisha Bora Project",Kenya,3637,OFFGRIDSUN S.R.L.,Energy Efficiency - Domestic,,Small Scale,14315
GS11638 VPA-1 SPOUTS Water Purifier Programme in Africa- WPS in Rwanda- VPA 1,Rwanda,3638,AGS Carbon Advisory,Energy Efficiency - Domestic,GS Methodology for emission reductions from safe drinking water supply,Small Scale,58336
GS11638 VPA-2 SPOUTS Water Purifier Programme in Africa- WPS in Uganda by TASC- VPA 2,Uganda,3639,AGS Carbon Advisory,Energy Efficiency - Domestic,,Small Scale,57044
3MW PV project in Kosovo by Pro Energy LLC,"Kosovo, Republic of",3640,Pro Energy L.L.C.,Other,AMS-I.D. Grid connected renewable electricity generation,Micro scale,3977
Improved Cooking Stoves in Bangladesh – CPA No.20 “SZ Consultancy Services Ltd.”,Bangladesh,3641,Bangladesh Bondhu Foundation,Energy Efficiency - Commercial Sector,AMS-II.G. Energy Efficiency Measures in Thermal Applications of Non-Renewable Biomass,Small Scale,2548677
Clean Cooking to Combat Climate Change in Tanzania,"Tanzania, United Republic of",3642,OFFGRIDSUN S.R.L.,Energy Efficiency - Domestic,,Small Scale,8547
UpEnergy-Social and Climate Impact Programme- Cooking Devices VPA-15,Uganda,3643,UpEnergy Group,Energy Efficiency - Domestic,GS TPDDTEC v3.1,Small Scale,46410
Tieqilishi AWMS GHG Mitigation Project in Sichuan Province,China,3644,"Sirreon Technology & Development (Beijing) Co.,Ltd",Biogas - Electricity,ACM0010 GHG emission reductions from manure management systems,Large Scale,355531
Tieqilishi AWMS GHG Mitigation Project in Guizhou Province,China,3645,"Sirreon Technology & Development (Beijing) Co.,Ltd",Biogas - Electricity,ACM0010 GHG emission reductions from manure management systems,Large Scale,316402
Myanmar Stoves Campaign - Soneva in Myanmar - VPA No. 019,Myanmar,3646,Soneva Foundation,Energy Efficiency - Domestic,GS MS Simplified Methodology for Efficient Cookstoves v1.,Micro scale,10000
Myanmar Stoves Campaign - Soneva in Myanmar - VPA No. 020,Myanmar,3647,Soneva Foundation,Energy Efficiency - Domestic,GS MS Simplified Methodology for Efficient Cookstoves v1.,Micro scale,7183
Myanmar Stoves Campaign - Soneva in Myanmar - VPA No. 018,Myanmar,3648,Soneva Foundation,Energy Efficiency - Domestic,GS MS Simplified Methodology for Efficient Cookstoves v1.,Micro scale,9452
TASC Clean Cooking PoA – VPA 3 (Zambia),Zambia,3649,THE AFRICAN STOVE COMPANY LIMITED,Energy Efficiency - Domestic,,Large Scale,290377
 Fuel-efficient cookstoves for cocoa-producing communities,Côte d'Ivoire,3650,South Pole Ltd,Energy Efficiency - Domestic,GS MS Simplified Methodology for Efficient Cookstoves v1.1,Micro Scale,7300
TASC Clean Cooking PoA – VPA 4 (Zambia),Zambia,3651,THE AFRICAN STOVE COMPANY LIMITED,Energy Efficiency - Domestic,,Large Scale,8589
Ras Ghareb Wind Energy Project,Egypt,3652,Ras Ghareb Wind Energy SAE,Wind,,Large Scale,583360
GS10789 GS10790 RVPA-10: Efficient and Clean Cooking for households in Mozambique,Mozambique,3653,ECOA Climate Capital,Energy Efficiency - Domestic,,Large Scale,100262
GS10789 VPA9: Efficient and Clean Cooking for households in Mozambique ,Mozambique,3654,Global Cookstoves Ltd.,Energy Efficiency - Domestic,,Large Scale,75185
Implementation of clean energy technology in rural areas of India-1 ,India,3655,GRENEITY INFOCOM SERVICE PRIVATE LIMITED,Biogas - Heat,AMS-I.E. Switch from Non-Renewable Biomass for Thermal Applications by the User,Small Scale,53605
Implementation of clean energy technology in rural areas of India-2 ,India,3656,GRENEITY INFOCOM SERVICE PRIVATE LIMITED,Biogas - Heat,AMS-I.E. Switch from Non-Renewable Biomass for Thermal Applications by the User,Small Scale,55779
GS10789 VPA8: Efficient and Clean Cooking for households in Kenya,Kenya,3657,ECC- Talanton Trust,Energy Efficiency - Domestic,GS TPDDTEC v3.1,Large Scale,120144
Efficiency Plus Stoves (Fogoes + Eficientes),Brazil,3658,Instituto Perene,Energy Efficiency - Domestic,GS MS Simplified Methodology for Efficient Cookstoves v1.,Micro scale,10000
VPA 01: Clean Cooking for Environmental Conservation in Ethiopia ,Ethiopia,3659,"Henan Deneng Energy&Environmental Protection Technology Co.,Ltd.",Solar Thermal - Heat,GS MS Simplified Methodology for Efficient Cookstoves v1.1,Micro Scale,9375
Biodigesters program for a low-carbon livestock sector in Vietnam (BioLive),Viet Nam,3660,Nexus-Carbon for Development,Biogas - Heat,GS TPDDTEC v3.1,Large Scale,100000
GS11623 VPA-1 CO2 Sequestration at a Concrete Recycler in Switzerland using the Neustark Technology,Switzerland,3661,Neustark AG,Other,,Micro Scale,274
Water and Climate – Multi-country PoA,India,3662,Helioz GmbH,Energy Efficiency - Domestic,GS Methodology for emission reductions from safe drinking water supply,Small Scale,0
Improved Cookstoves Programme in Nepal by Renewable World,Nepal,3663,Deactivated Projects,Energy Efficiency - Domestic,GS MS Simplified Methodology for Efficient Cookstoves v1.,Micro Scale,10000
Top Third Ventures Stove Programme CPA KE0002 – BURN Efficient Cookstoves for Kenya supported by Republic of Korea,Kenya,3665,ECOA Climate Capital,Energy Efficiency - Domestic,,Small Scale,25922
Top Third Ventures Stove Programme CPA KE0003 – BURN Efficient Cookstoves for Kenya supported by Republic of Korea,Kenya,3666,ECOA Climate Capital,Energy Efficiency - Domestic,,Small Scale,26103
Top Third Ventures Stove Programme CPA KE0004 – BURN Efficient Cookstoves for Kenya supported by Republic of Korea,Kenya,3667,ECOA Climate Capital,Energy Efficiency - Domestic,,Small Scale,25885
Top Third Ventures Stove Programme CPA KE0006 – BURN Efficient Cookstoves for Kenya supported by Republic of Korea,Kenya,3669,ECOA Climate Capital,Energy Efficiency - Domestic,,Small Scale,26185
Top Third Ventures Stove Programme CPA KE0007 – BURN Efficient Cookstoves for Kenya supported by Republic of Korea,Kenya,3670,ECOA Climate Capital,Energy Efficiency - Domestic,,Small Scale,7565
Top Third Ventures Stove Programme CPA KE0008 – BURN Efficient Cookstoves for Kenya supported by Republic of Korea,Kenya,3672,ECOA Climate Capital,Energy Efficiency - Domestic,,Small Scale,37825
Energy Efficient cookstove for sustainable development in rural south nyanza communities. ,Kenya,3673,myclimate Foundation,Energy Efficiency - Domestic,,Large Scale,100000
Beyond Biomass: UpEnergy Electric Cooking-VPA 1,Uganda,3674,UpEnergy Group,Energy Efficiency - Domestic,,Small Scale,28691
Beyond Biomass: UpEnergy Electric Cooking-VPA 2,Zambia,3675,UpEnergy Group,Energy Efficiency - Domestic,Methodology for Metered & Measured Energy Cooking Devices,Small Scale,28557
Beyond Biomass: UpEnergy Electric Cooking-VPA 3,Côte d'Ivoire,3676,UpEnergy Group,Energy Efficiency - Domestic,Methodology for Metered & Measured Energy Cooking Devices,Small Scale,45000
Beyond Biomass: UpEnergy Electric Cooking-VPA 4,Mozambique,3677,UpEnergy Group,Energy Efficiency - Domestic,Methodology for Metered & Measured Energy Cooking Devices,Small Scale,50000
Beyond Biomass: UpEnergy Electric Cooking-VPA 5,Nigeria,3678,UpEnergy Group,Energy Efficiency - Domestic,Methodology for Metered & Measured Energy Cooking Devices,Small Scale,45000
Beyond Biomass: UpEnergy Electric Cooking-VPA 6,Ghana,3679,UpEnergy Group,Energy Efficiency - Domestic,,Small Scale,29159
Beyond Biomass: UpEnergy Electric Cooking-VPA 7,Rwanda,3680,UpEnergy Group,Energy Efficiency - Domestic,Methodology for Metered & Measured Energy Cooking Devices,Small Scale,50000
Beyond Biomass: UpEnergy Electric Cooking-VPA 8,Malawi,3681,UpEnergy Group,Energy Efficiency - Domestic,Methodology for Metered & Measured Energy Cooking Devices,Small Scale,50000
90 MW Bundled Wind Power Project in Vietnam,Viet Nam,3682,Kosher Climate India Pvt Ltd.,Wind,ACM0002 Grid-connected electricity generation from renewable sources,Large Scale,197101
Improved Cookstoves and Sustainable Fuel Dissemination Program in Ghana,Ghana,3683,COOKCLEAN GHANA LIMITED,Energy Efficiency - Domestic,,Large Scale,255418
Battery Electric Vessels for Costa Rica,Costa Rica,3684,Grütter Consulting AG,Energy Efficiency - Transport Sector,AMS-III.C. Emission reductions by electric and hybrid vehicles,Micro scale,0
SPOUTS Water Purifier Programme in Africa,Uganda,3685,AGS Carbon Advisory,Energy Efficiency - Domestic,GS Methodology for emission reductions from safe drinking water supply,Small Scale,59999
GS10789 VPA66: Efficient and Clean Cooking for households in Nigeria,Nigeria,3686,Global Cookstoves Ltd.,Energy Efficiency - Domestic,,Large Scale,1027963
GS10789 VP86: Efficient and Clean Cooking for households in Senegal ,Senegal,3687,ECOA Climate Capital,Energy Efficiency - Domestic,,Large Scale,30326
GS10789 VPA76: Efficient and Clean Cooking for households in Ghana,Ghana,3688,ECOA Climate Capital,Energy Efficiency - Domestic,,Large Scale,29296
GS10789 GS 10790 VPA42: Efficient and Clean  Cooking for households in Tanzania,"Tanzania, United Republic of",3689,ECOA Climate Capital,Energy Efficiency - Domestic,,Large Scale,418729
GS10789 GS 10790 RVPA 47: Efficient and Clean Cooking for households in Tanzania,"Tanzania, United Republic of",3690,Global Cookstoves Ltd.,Energy Efficiency - Domestic,,Large Scale,170409
Chipangali Safe Water Access Project,Zambia,3723,OFFGRIDSUN S.R.L.,Energy Efficiency - Domestic,GS Methodology for emission reductions from safe drinking water supply,Micro Scale,10000
"GS11695 VPA-1 Water Purifier Project in Maharashtra, India",India,3724,AGS Carbon Advisory,Energy Efficiency - Domestic,,Small Scale,59070
GS11695 PoA Implementation of water purifiers for clean water in India,India,3725,AGS Carbon Advisory,Energy Efficiency - Domestic,GS Methodology for emission reductions from safe drinking water supply,Small Scale,100000
Uganda Dairy Biogas Program,Uganda,3726,"SISTEMA.BIO, INC.",Biogas - Heat,,Large Scale,120171
Efficient Cooking Initiative for off-grid Communities,Nepal,3727,Value Network Ventures Pte. Ltd.,Energy Efficiency - Domestic,GS MS Simplified Methodology for Efficient Cookstoves v1.1,Micro Scale,9400
 Congo (DRC) Improved Cook Stoves VPA 007 – Lingwala,"Congo, the Democratic Republic of the",3728,Vitol SA,Energy Efficiency - Domestic,,Small Scale,60000
Congo (DRC) Improved Cook Stoves VPA 006 – Lemba,"Congo, the Democratic Republic of the",3729,Vitol SA,Energy Efficiency - Domestic,,Small Scale,26474
Congo (DRC) Improved Cook Stoves VPA 005 – Bandalungwa,"Congo, the Democratic Republic of the",3730,Vitol SA,Energy Efficiency - Domestic,,Small Scale,27096
GS11324 - VPA004 - Congo (DRC) Improved Cook Stoves VPA004 -Kintambo ,"Congo, the Democratic Republic of the",3731,Vitol SA,Energy Efficiency - Domestic,,Small Scale,30470
PoA for the Reduction of emission non-renewable fuel from cooking at household level,Kenya,3732,GREEN DEVELOPMENT AS,Energy Efficiency - Domestic,AMS-I.E. Switch from Non-Renewable Biomass for Thermal Applications by the User,Small Scale,0
"Fair Climate Programme for Sustainable Household Energy (PoA):  Bachat - Karnataka, India (VPA 6)",India,3733,FairClimateFund,Energy Efficiency - Domestic,GS MS Simplified Methodology for Efficient Cookstoves v1.1,Micro scale,9721
Agasco Improved Cookstoves Nigeria,Nigeria,3734,AGASCO Limited,Energy Efficiency - Domestic,,Large Scale,506488
Improved Cookstove Distribution Across Rural Parts of India,India,3735,Value Network Ventures Pte. Ltd.,Energy Efficiency - Domestic,,Micro Scale,0
GS11876 Improved Cookstove Distribution Across Rural Parts of India,India,3736,Value Network Ventures Pte. Ltd.,Energy Efficiency - Domestic,GS MS Simplified Methodology for Efficient Cookstoves v1.1,Micro Scale,9587
GS11877 GS11876 Improved Cookstove Distribution Across Rural Parts of India- RVPA 01,India,3737,Value Network Ventures Pte. Ltd.,Energy Efficiency - Domestic,GS MS Simplified Methodology for Efficient Cookstoves v1.1,Micro Scale,9587
Abydos Solar Power Project in Egypt,Egypt,3738,AMEA Power Ltd,PV,ACM0002 Grid-connected electricity generation from renewable sources,Large Scale,793350
GS Microscale PoA: Integrated Domestic  Energy Systems (IDES) for rural  communities in India,India,3739,Value Network Ventures Pte. Ltd.,Energy Efficiency - Domestic,,Micro Scale,0
GS Microscale PoA : Integrated Domestic  Energy Systems (IDES) for rural communities  in India– RVPA 01,India,3740,Value Network Ventures Pte. Ltd.,Energy Efficiency - Domestic,GS MS Simplified Methodology for Efficient Cookstoves v1.1,Micro Scale,9344
GS Microscale PoA : Integrated Domestic  Energy Systems (IDES) for rural communities  in India– RVPA 03,India,3741,Value Network Ventures Pte. Ltd.,Energy Efficiency - Domestic,GS MS Simplified Methodology for Efficient Cookstoves v1.1,Micro Scale,9344
GS Microscale PoA : Integrated Domestic  Energy Systems (IDES) for rural communities  in India– RVPA 02,India,3742,Value Network Ventures Pte. Ltd.,Energy Efficiency - Domestic,GS MS Simplified Methodology for Efficient Cookstoves v1.1,Micro Scale,9344
GS Microscale PoA : Integrated Domestic  Energy Systems (IDES) for rural communities  in India– RVPA 04,India,3743,Value Network Ventures Pte. Ltd.,Energy Efficiency - Domestic,GS MS Simplified Methodology for Efficient Cookstoves v1.1,Micro Scale,4208
Solar Lighting Mayotte,Mayotte,3744,FONROCHE LIGHTING,Other,AMS-II.L Demand-side activities for efficient outdoor and street lighting technologies,Micro Scale,1000
GS11598- VPA-1 Emission Reductions due to distributed energy solutions by Bboxx – Rwanda Solar Home Systems ,Rwanda,3745,Laurent Van Houcker,Energy Efficiency - Domestic,AMS-III.BL. Integrated methodology for electrification of communities v2,Small Scale,15045
GS11638 GS11640 RVPA-1 SPOUTS Water Purifier Programme in Africa- WPS in Uganda by TASC- VPA 3,Uganda,3746,AGS Carbon Advisory,Energy Efficiency - Domestic,GS Methodology for emission reductions from safe drinking water supply,Small Scale,60000
Brine Heat Recovery Binary Power Plant,Indonesia,3747,Star Energy Geothermal Salak Ltd,Energy Efficiency - Industrial,ACM0012 Waste energy recovery,Large Scale,105426
"Up Energy Improved Cookstoves Programme, Uganda – CPA No 024 supported by Republic of Korea",Uganda,3748,UpEnergy Group,Energy Efficiency - Domestic,AMS-II.G. Energy Efficiency Measures in Thermal Applications of Non-Renewable Biomass,Small Scale,41186
"Up Energy Improved Cookstoves Programme, Uganda – CPA No 025 supported by Republic of Korea",Uganda,3749,UpEnergy Group,Energy Efficiency - Domestic,AMS-II.G. Energy Efficiency Measures in Thermal Applications of Non-Renewable Biomass,Small Scale,41186
"Up Energy Improved Cookstoves Programme, Uganda – CPA No 026 supported by Republic of Korea",Uganda,3750,UpEnergy Group,Energy Efficiency - Domestic,AMS-II.G. Energy Efficiency Measures in Thermal Applications of Non-Renewable Biomass,Small Scale,41186
"Up Energy Improved Cookstoves Programme, Uganda – CPA No 027 supported by Republic of Korea",Uganda,3751,UpEnergy Group,Energy Efficiency - Domestic,AMS-II.G. Energy Efficiency Measures in Thermal Applications of Non-Renewable Biomass,Small Scale,41186
"Up Energy Improved Cookstoves Programme, Uganda – CPA No 028 supported by Republic of Korea",Uganda,3752,UpEnergy Group,Energy Efficiency - Domestic,AMS-II.G. Energy Efficiency Measures in Thermal Applications of Non-Renewable Biomass,Small Scale,41186
"Up Energy Improved Cookstoves Programme, Uganda – CPA No 029 supported by Republic of Korea",Uganda,3753,UpEnergy Group,Energy Efficiency - Domestic,AMS-II.G. Energy Efficiency Measures in Thermal Applications of Non-Renewable Biomass,Small Scale,41186
"Up Energy Improved Cookstoves Programme, Uganda – CPA No 030 supported by Republic of Korea",Uganda,3754,UpEnergy Group,Energy Efficiency - Domestic,AMS-II.G. Energy Efficiency Measures in Thermal Applications of Non-Renewable Biomass,Small Scale,41186
"Up Energy Improved Cookstoves Programme, Uganda – CPA No 031 supported by Republic of Korea",Uganda,3755,UpEnergy Group,Energy Efficiency - Domestic,AMS-II.G. Energy Efficiency Measures in Thermal Applications of Non-Renewable Biomass,Small Scale,41186
"Up Energy Improved Cookstoves Programme, Uganda – CPA No 032 supported by Republic of Korea",Uganda,3756,UpEnergy Group,Energy Efficiency - Domestic,AMS-II.G. Energy Efficiency Measures in Thermal Applications of Non-Renewable Biomass,Small Scale,41186
"Up Energy Improved Cookstoves Programme, Uganda – CPA No 033 supported by Republic of Korea",Uganda,3757,UpEnergy Group,Energy Efficiency - Domestic,AMS-II.G. Energy Efficiency Measures in Thermal Applications of Non-Renewable Biomass,Small Scale,41186
"Up Energy Improved Cookstoves Programme, Uganda – CPA No 034 supported by Republic of Korea",Uganda,3758,UpEnergy Group,Energy Efficiency - Domestic,AMS-II.G. Energy Efficiency Measures in Thermal Applications of Non-Renewable Biomass,Small Scale,41186
"Up Energy Improved Cookstoves Programme, Uganda – CPA No 035 supported by Republic of Korea",Uganda,3759,UpEnergy Group,Energy Efficiency - Domestic,AMS-II.G. Energy Efficiency Measures in Thermal Applications of Non-Renewable Biomass,Small Scale,41186
"Up Energy Improved Cookstoves Programme, Uganda – CPA No 036 supported by Republic of Korea",Uganda,3760,UpEnergy Group,Energy Efficiency - Domestic,AMS-II.G. Energy Efficiency Measures in Thermal Applications of Non-Renewable Biomass,Small Scale,41186
"Up Energy Improved Cookstoves Programme, Uganda – CPA No 037 supported by Republic of Korea",Uganda,3761,UpEnergy Group,Energy Efficiency - Domestic,AMS-II.G. Energy Efficiency Measures in Thermal Applications of Non-Renewable Biomass,Small Scale,41186
"Up Energy Improved Cookstoves Programme, Uganda – CPA No 038 supported by Republic of Korea",Uganda,3762,UpEnergy Group,Energy Efficiency - Domestic,AMS-II.G. Energy Efficiency Measures in Thermal Applications of Non-Renewable Biomass,Small Scale,41186
"Up Energy Improved Cookstoves Programme, Uganda – CPA No 040 supported by Republic of Korea",Uganda,3763,UpEnergy Group,Energy Efficiency - Domestic,AMS-II.G. Energy Efficiency Measures in Thermal Applications of Non-Renewable Biomass,Small Scale,41186
"Up Energy Improved Cookstoves Programme, Uganda – CPA No 041 supported by Republic of Korea",Uganda,3764,UpEnergy Group,Energy Efficiency - Domestic,AMS-II.G. Energy Efficiency Measures in Thermal Applications of Non-Renewable Biomass,Small Scale,41186
"Up Energy Improved Cookstoves Programme, Uganda – CPA No 042 supported by Republic of Korea",Uganda,3765,UpEnergy Group,Energy Efficiency - Domestic,AMS-II.G. Energy Efficiency Measures in Thermal Applications of Non-Renewable Biomass,Small Scale,41186
"Up Energy Improved Cookstoves Programme, Uganda – CPA No 043 supported by Republic of Korea",Uganda,3766,UpEnergy Group,Energy Efficiency - Domestic,AMS-II.G. Energy Efficiency Measures in Thermal Applications of Non-Renewable Biomass,Small Scale,41186
"Up Energy Improved Cookstoves Programme, Uganda – CPA No 044 supported by Republic of Korea",Uganda,3767,UpEnergy Group,Energy Efficiency - Domestic,AMS-II.G. Energy Efficiency Measures in Thermal Applications of Non-Renewable Biomass,Small Scale,41186
"Up Energy Improved Cookstoves Programme, Uganda – CPA No 045 supported by Republic of Korea",Uganda,3768,UpEnergy Group,Energy Efficiency - Domestic,AMS-II.G. Energy Efficiency Measures in Thermal Applications of Non-Renewable Biomass,Small Scale,41186
"Up Energy Improved Cookstoves Programme, Uganda – CPA No 039 supported by Republic of Korea",Uganda,3769,UpEnergy Group,Energy Efficiency - Domestic,AMS-II.G. Energy Efficiency Measures in Thermal Applications of Non-Renewable Biomass,Small Scale,41186
GS Microscale VPA : Integrated Domestic Energy Systems (IDES) for rural communities in India,India,3770,Value Network Ventures Pte. Ltd.,Energy Efficiency - Domestic,GS MS Simplified Methodology for Efficient Cookstoves v1.1,Micro Scale,9344
Dziva Cookstove Project ,Kenya,3771,Schneider Electric France,Energy Efficiency - Domestic,,Large Scale,55863
GS10789 GS11671 VPA61: Efficient and Clean  Cooking for households in Nigeria,Nigeria,3772,Global Cookstoves Ltd.,Energy Efficiency - Domestic,,Large Scale,1974258
Mubende Stoves Improved Cook Stoves Enterprise,Uganda,3773,Mubende Stoves Limited,Energy Efficiency - Domestic,AMS-I.E. Switch from Non-Renewable Biomass for Thermal Applications by the User,Small Scale,31229
Promoting sustainable use of biomass energy resources in targeted communities ,Nepal,3774,Value Network Ventures Pte. Ltd.,Energy Efficiency - Domestic,,Micro Scale,0
GS11598- VPA-2 Emission Reductions due to distributed energy solutions by Bboxx – Rwanda efficient stoves,Rwanda,3775,BBOXX LTD,Energy Efficiency - Domestic,Methodology for Metered & Measured Energy Cooking Devices,Small Scale,16186
Distributed Emission Reductions by Bboxx Energy Solutions,"Congo, the Democratic Republic of the",3776,BBOXX LTD,Energy Efficiency - Domestic,Methodology for Metered & Measured Energy Cooking Devices,Small Scale,0
GS11934 VPA-1 Promoting sustainable use of biomass energy resources in targeted communities,Nepal,3777,Value Network Ventures Pte. Ltd.,Energy Efficiency - Domestic,GS MS Simplified Methodology for Efficient Cookstoves v1.1,Micro Scale,8995
Hailifeng Shandong Geothermal Central Heating System,China,3778,"Profit Carbon Environmental Energy Technology (Shanghai) Co., Ltd.",Geothermal,AM0072 Fossil Fuel Displacement by Geothermal Resources for Space Heating,Large Scale,146273
Shaulder Photovoltaic Power Plant,Kazakhstan,3779,ENI Plenitude spa Società Benefit,PV,ACM0002 Grid-connected electricity generation from renewable sources,Large Scale,102217
Improved cookstove program in Bangladesh supported by the Republic of Korea-CPA 02,Bangladesh,3780,Value Network Ventures Pte. Ltd.,Energy Efficiency - Domestic,,Small Scale,2708779
Improved cookstove program in Bangladesh supported by the Republic of Korea-CPA 03,Bangladesh,3781,Value Network Ventures Pte. Ltd.,Energy Efficiency - Domestic,,Small Scale,2708779
Improved cookstove program in Bangladesh supported by the Republic of Korea ,Bangladesh,3782,Value Network Ventures Pte. Ltd.,Energy Efficiency - Domestic,,Small Scale,0
"Nature Conservation Reforestation project - Caatinga Biome, Ceara",Brazil,3783,CO2logic,A/R,,Small Scale,5000
Gazisehir LFG Utilization Project,Turkey,3784,CEV Enerji retim Sanayi ve Ticaret Limited _irket,Biogas - Electricity,ACM0001 Flaring or use of landfill gas,Large Scale,351000
Methane Reduction from Rice Cultivation in Punjab Pakistan ,Pakistan,3785,NetZeroAg Ltd,Other,,Small Scale,33532
Amunet Wind Power Project in Egypt,Egypt,3786,AMEA Power Ltd,Wind,ACM0002 Grid-connected electricity generation from renewable sources,Large Scale,1176864
The OASIS Box Sustainable Project ,Pakistan,3787,BONDH-E-SHAMS,Other,,Small Scale,50150
VPA 106 - GHG Emission Reduction through use of Bondhu Chula (Improved Cook Stoves) in Bangladesh,Bangladesh,3788,Bangladesh Bondhu Foundation,Energy Efficiency - Domestic,GS MS Simplified Methodology for Efficient Cookstoves v1.1,Micro Scale,9853
VPA  105 - GHG Emission Reduction through use of Bondhu Chula (Improved Cook Stoves) in Bangladesh,Bangladesh,3789,Bangladesh Bondhu Foundation,Energy Efficiency - Domestic,GS MS Simplified Methodology for Efficient Cookstoves v1.1,Micro Scale,9853
VPA  104 - GHG Emission Reduction through use of Bondhu Chula (Improved Cook Stoves) in Bangladesh,Bangladesh,3790,Bangladesh Bondhu Foundation,Energy Efficiency - Domestic,GS MS Simplified Methodology for Efficient Cookstoves v1.1,Micro Scale,9853
VPA 103 - GHG Emission Reduction through use of Bondhu Chula (Improved Cook Stoves) in Bangladesh,Bangladesh,3791,Bangladesh Bondhu Foundation,Energy Efficiency - Domestic,GS MS Simplified Methodology for Efficient Cookstoves v1.1,Micro Scale,9853
VPA 101  - GHG Emission Reduction through use of Bondhu Chula (Improved Cook Stoves) in Bangladesh,Bangladesh,3792,Bangladesh Bondhu Foundation,Energy Efficiency - Domestic,GS MS Simplified Methodology for Efficient Cookstoves v1.1,Micro Scale,9853
VPA 102- GHG Emission Reduction through use of Bondhu Chula (Improved Cook Stoves) in Bangladesh,Bangladesh,3793,Bangladesh Bondhu Foundation,Energy Efficiency - Domestic,GS MS Simplified Methodology for Efficient Cookstoves v1.1,Micro Scale,9853
VPA 100  - GHG Emission Reduction through use of Bondhu Chula (Improved Cook Stoves) in Bangladesh,Bangladesh,3794,Bangladesh Bondhu Foundation,Energy Efficiency - Domestic,GS MS Simplified Methodology for Efficient Cookstoves v1.1,Micro Scale,9853
VPA 99  - GHG Emission Reduction through use of Bondhu Chula (Improved Cook Stoves) in Bangladesh,Bangladesh,3795,Bangladesh Bondhu Foundation,Energy Efficiency - Domestic,GS MS Simplified Methodology for Efficient Cookstoves v1.1,Micro Scale,9853
VPA 98 - GHG Emission Reduction through use of Bondhu Chula (Improved Cook Stoves) in Bangladesh,Bangladesh,3796,Bangladesh Bondhu Foundation,Energy Efficiency - Domestic,GS MS Simplified Methodology for Efficient Cookstoves v1.1,Micro Scale,9853
VPA 97  - GHG Emission Reduction through use of Bondhu Chula (Improved Cook Stoves) in Bangladesh,Bangladesh,3797,Bangladesh Bondhu Foundation,Energy Efficiency - Domestic,GS MS Simplified Methodology for Efficient Cookstoves v1.1,Micro Scale,9853
VPA 96 - GHG Emission Reduction through use of Bondhu Chula (Improved Cook Stoves) in Bangladesh,Bangladesh,3798,Bangladesh Bondhu Foundation,Energy Efficiency - Domestic,GS MS Simplified Methodology for Efficient Cookstoves v1.1,Micro Scale,9853
VPA 95- GHG Emission Reduction through use of Bondhu Chula (Improved Cook Stoves) in Bangladesh,Bangladesh,3799,Bangladesh Bondhu Foundation,Energy Efficiency - Domestic,GS MS Simplified Methodology for Efficient Cookstoves v1.1,Micro Scale,9853
VPA 94 - GHG Emission Reduction through use of Bondhu Chula (Improved Cook Stoves) in Bangladesh,Bangladesh,3800,Bangladesh Bondhu Foundation,Energy Efficiency - Domestic,GS MS Simplified Methodology for Efficient Cookstoves v1.1,Micro Scale,9853
VPA 93  - GHG Emission Reduction through use of Bondhu Chula (Improved Cook Stoves) in Bangladesh,Bangladesh,3801,Bangladesh Bondhu Foundation,Energy Efficiency - Domestic,GS MS Simplified Methodology for Efficient Cookstoves v1.1,Micro Scale,9853
VPA  92  - GHG Emission Reduction through use of Bondhu Chula (Improved Cook Stoves) in Bangladesh,Bangladesh,3802,Bangladesh Bondhu Foundation,Energy Efficiency - Domestic,GS MS Simplified Methodology for Efficient Cookstoves v1.1,Micro Scale,9853
VPA 91  - GHG Emission Reduction through use of Bondhu Chula (Improved Cook Stoves) in Bangladesh,Bangladesh,3803,Bangladesh Bondhu Foundation,Energy Efficiency - Domestic,GS MS Simplified Methodology for Efficient Cookstoves v1.1,Micro Scale,9853
VPA 90  - GHG Emission Reduction through use of Bondhu Chula (Improved Cook Stoves) in Bangladesh,Bangladesh,3804,Bangladesh Bondhu Foundation,Energy Efficiency - Domestic,GS MS Simplified Methodology for Efficient Cookstoves v1.1,Micro Scale,9853
VPA 89 - GHG Emission Reduction through use of Bondhu Chula (Improved Cook Stoves) in Bangladesh,Bangladesh,3805,Bangladesh Bondhu Foundation,Energy Efficiency - Domestic,GS MS Simplified Methodology for Efficient Cookstoves v1.1,Micro Scale,9853
VPA 88  - GHG Emission Reduction through use of Bondhu Chula (Improved Cook Stoves) in Bangladesh,Bangladesh,3806,Bangladesh Bondhu Foundation,Energy Efficiency - Domestic,GS MS Simplified Methodology for Efficient Cookstoves v1.1,Micro Scale,9853
VPA 47 - GHG Emission Reduction through use of Bondhu Chula (Improved Cook Stoves) in Bangladesh,Bangladesh,3807,Bangladesh Bondhu Foundation,Energy Efficiency - Domestic,,Large Scale,423505
VPA 50 - GHG Emission Reduction through use of Bondhu Chula (Improved Cook Stoves) in Bangladesh,Bangladesh,3808,Bangladesh Bondhu Foundation,Energy Efficiency - Domestic,GS MS Simplified Methodology for Efficient Cookstoves v1.1,Micro Scale,9853
VPA 48 - GHG Emission Reduction through use of Bondhu Chula (Improved Cook Stoves) in Bangladesh,Bangladesh,3809,Bangladesh Bondhu Foundation,Energy Efficiency - Domestic,GS MS Simplified Methodology for Efficient Cookstoves v1.1,Micro Scale,9853
VPA 51 - GHG Emission Reduction through use of Bondhu Chula (Improved Cook Stoves) in Bangladesh,Bangladesh,3810,Bangladesh Bondhu Foundation,Energy Efficiency - Domestic,GS MS Simplified Methodology for Efficient Cookstoves v1.1,Micro Scale,9853
VPA 52 - GHG Emission Reduction through use of Bondhu Chula (Improved Cook Stoves) in Bangladesh,Bangladesh,3811,Bangladesh Bondhu Foundation,Energy Efficiency - Domestic,GS MS Simplified Methodology for Efficient Cookstoves v1.1,Micro Scale,9853
VPA 54 - GHG Emission Reduction through use of Bondhu Chula (Improved Cook Stoves) in Bangladesh,Bangladesh,3812,Bangladesh Bondhu Foundation,Energy Efficiency - Domestic,GS MS Simplified Methodology for Efficient Cookstoves v1.1,Micro Scale,9853
VPA 53 - GHG Emission Reduction through use of Bondhu Chula (Improved Cook Stoves) in Bangladesh,Bangladesh,3813,Bangladesh Bondhu Foundation,Energy Efficiency - Domestic,GS MS Simplified Methodology for Efficient Cookstoves v1.1,Micro Scale,9853
VPA 57 - GHG Emission Reduction through use of Bondhu Chula (Improved Cook Stoves) in Bangladesh,Bangladesh,3814,Bangladesh Bondhu Foundation,Energy Efficiency - Domestic,GS MS Simplified Methodology for Efficient Cookstoves v1.1,Micro Scale,9853
VPA 55 - GHG Emission Reduction through use of Bondhu Chula (Improved Cook Stoves) in Bangladesh,Bangladesh,3815,Bangladesh Bondhu Foundation,Energy Efficiency - Domestic,GS MS Simplified Methodology for Efficient Cookstoves v1.1,Micro Scale,9853
VPA 58- GHG Emission Reduction through use of Bondhu Chula (Improved Cook Stoves) in Bangladesh,Bangladesh,3816,Bangladesh Bondhu Foundation,Energy Efficiency - Domestic,GS MS Simplified Methodology for Efficient Cookstoves v1.1,Micro Scale,9853
VPA 56 - GHG Emission Reduction through use of Bondhu Chula (Improved Cook Stoves) in Bangladesh,Bangladesh,3817,Bangladesh Bondhu Foundation,Energy Efficiency - Domestic,GS MS Simplified Methodology for Efficient Cookstoves v1.1,Micro Scale,9853
VPA 59 - GHG Emission Reduction through use of Bondhu Chula (Improved Cook Stoves) in Bangladesh,Bangladesh,3818,Bangladesh Bondhu Foundation,Energy Efficiency - Domestic,GS MS Simplified Methodology for Efficient Cookstoves v1.1,Micro Scale,9853
VPA 63 - GHG Emission Reduction through use of Bondhu Chula (Improved Cook Stoves) in Bangladesh,Bangladesh,3819,Bangladesh Bondhu Foundation,Energy Efficiency - Domestic,GS MS Simplified Methodology for Efficient Cookstoves v1.1,Micro Scale,9853
VPA 60 - GHG Emission Reduction through use of Bondhu Chula (Improved Cook Stoves) in Bangladesh,Bangladesh,3820,Bangladesh Bondhu Foundation,Energy Efficiency - Domestic,GS MS Simplified Methodology for Efficient Cookstoves v1.1,Micro Scale,9853
VPA 64 - GHG Emission Reduction through use of Bondhu Chula (Improved Cook Stoves) in Bangladesh,Bangladesh,3821,Bangladesh Bondhu Foundation,Energy Efficiency - Domestic,GS MS Simplified Methodology for Efficient Cookstoves v1.1,Micro Scale,9853
VPA 61 - GHG Emission Reduction through use of Bondhu Chula (Improved Cook Stoves) in Bangladesh,Bangladesh,3822,Bangladesh Bondhu Foundation,Energy Efficiency - Domestic,GS MS Simplified Methodology for Efficient Cookstoves v1.1,Micro Scale,9853
VPA 66 - GHG Emission Reduction through use of Bondhu Chula (Improved Cook Stoves) in Bangladesh,Bangladesh,3823,Bangladesh Bondhu Foundation,Energy Efficiency - Domestic,GS MS Simplified Methodology for Efficient Cookstoves v1.1,Micro Scale,9853
VPA 62 - GHG Emission Reduction through use of Bondhu Chula (Improved Cook Stoves) in Bangladesh,Bangladesh,3824,Bangladesh Bondhu Foundation,Energy Efficiency - Domestic,GS MS Simplified Methodology for Efficient Cookstoves v1.1,Micro Scale,9853
VPA 67 - GHG Emission Reduction through use of Bondhu Chula (Improved Cook Stoves) in Bangladesh,Bangladesh,3825,Bangladesh Bondhu Foundation,Energy Efficiency - Domestic,GS MS Simplified Methodology for Efficient Cookstoves v1.1,Micro Scale,9853
VPA 65 - GHG Emission Reduction through use of Bondhu Chula (Improved Cook Stoves) in Bangladesh,Bangladesh,3826,Bangladesh Bondhu Foundation,Energy Efficiency - Domestic,GS MS Simplified Methodology for Efficient Cookstoves v1.1,Micro Scale,9853
SUVIDHA’s Decentralized Energy Interventions for Rural Communities in India VPA – 3 (Odisha),India,3827,Society for the Upliftment of Villagers and Development of Himalayan Areas (SUVIDHA),Biogas - Heat,GS TPDDTEC V4.0: REDUCED EMISSIONS FROM COOKING AND HEATING – TECHNOLOGIES AND PRACTICES TO DISPLACE DECENTRALIZED THERMAL ENERGY CONSUMPTION,Micro Scale,3000
SUVIDHA’s Decentralized Energy Interventions for Rural Communities in India VPA – 2 (Assam),India,3828,Society for the Upliftment of Villagers and Development of Himalayan Areas (SUVIDHA),Biogas - Heat,GS TPDDTEC V4.0: REDUCED EMISSIONS FROM COOKING AND HEATING – TECHNOLOGIES AND PRACTICES TO DISPLACE DECENTRALIZED THERMAL ENERGY CONSUMPTION,Micro Scale,0
SUVIDHA’s Decentralized Energy Interventions for Rural Communities in India VPA – 1 (Uttarakhand) ,India,3829,Society for the Upliftment of Villagers and Development of Himalayan Areas (SUVIDHA),Biogas - Heat,,Micro Scale,3500
Reforestation Project in Costa Rica 01,Costa Rica,3830,BaumInvest AG,A/R,,Large Scale,25911
VCC Benin Water Purifier Project ,Benin,3831,PRIM0CARB0N PTE. LTD.,Energy Efficiency - Domestic,GS Methodology for emission reductions from safe drinking water supply,Large Scale,492678
GS10789 VPA81: Efficient and Clean Cooking for households in Senegal ,Senegal,3832,Global Cookstoves Ltd.,Energy Efficiency - Domestic,,Large Scale,90468
GS10789 VPA71: Efficient and Clean Cooking for households in Ghana ,Ghana,3833,Global Cookstoves Ltd.,Energy Efficiency - Domestic,,Large Scale,248080
MicroEnergy Credits – Microfinance for Clean Energy Product Lines - Mongolia –CPA No.001: XacBank LLC,Mongolia,3834,MicroEnergy Credits,Energy Efficiency - Domestic,,Small Scale,101114
MicroEnergy Credits – Microfinance for Clean Energy Product Lines - Mongolia –CPA No.002: XacBank LLC,Mongolia,3835,MicroEnergy Credits,Energy Efficiency - Domestic,,Small Scale,90144
MicroEnergy Credits – Microfinance for Clean Energy Product Lines - Mongolia –CPA No.003: XacBank LLC,Mongolia,3836,MicroEnergy Credits,Energy Efficiency - Domestic,,Small Scale,4343
MicroEnergy Credits – Microfinance for Clean Energy Product Lines - Mongolia,Mongolia,3837,MicroEnergy Credits,Energy Efficiency - Domestic,,Small Scale,0
PoA GS11815- Electric Cooking Program by ATEC - Electric Cooking Program in Bangladesh by ATEC-VPA02,Bangladesh,3838,ATEC Australia-International Pty Ltd,Energy Efficiency - Domestic,,Large Scale,164996
PoA GS11815- Electric Cooking Program by ATEC - Electric Cooking Program in Cambodia by ATEC-VPA01,Cambodia,3839,ATEC Australia-International Pty Ltd,Energy Efficiency - Domestic,Methodology for Metered & Measured Energy Cooking Devices,Large Scale,55198
Electric Cooking Program by ATEC ,Cambodia,3840,ATEC Australia-International Pty Ltd,Energy Efficiency - Domestic,Methodology for Metered & Measured Energy Cooking Devices,Large Scale,53263
GS1340 - Efficient cookstoves in Burkina Faso -  tiipaalga F3PA cookstoves in Ganzourgou and Oubritenga - VPA-30,Burkina Faso,3841,Tiipaalga,Energy Efficiency - Domestic,GS MS Simplified Methodology for Efficient Cookstoves v1.1,Micro Scale,9661
GS1340 - Efficient cookstoves in Burkina Faso -  tiipaalga F3PA cookstoves in Ganzourgou and Oubritenga - VPA-31,Burkina Faso,3842,Tiipaalga,Energy Efficiency - Domestic,GS MS Simplified Methodology for Efficient Cookstoves v1.1,Micro Scale,9700
GS1340 - Efficient cookstoves in Burkina Faso -  tiipaalga F3PA cookstoves in Ganzourgou and Oubritenga - VPA-35,Burkina Faso,3843,Tiipaalga,Energy Efficiency - Domestic,GS MS Simplified Methodology for Efficient Cookstoves v1.1,Micro Scale,9661
GS1340 - Efficient cookstoves in Burkina Faso -  tiipaalga F3PA cookstoves in Ganzourgou and Oubritenga - VPA-32,Burkina Faso,3844,Tiipaalga,Energy Efficiency - Domestic,GS MS Simplified Methodology for Efficient Cookstoves v1.1,Micro Scale,9661
GS1340 - Efficient cookstoves in Burkina Faso -  tiipaalga F3PA cookstoves in Ganzourgou and Oubritenga - VPA-38,Burkina Faso,3845,Tiipaalga,Energy Efficiency - Domestic,GS MS Simplified Methodology for Efficient Cookstoves v1.1,Micro Scale,9661
GS1340 - Efficient cookstoves in Burkina Faso -  tiipaalga F3PA cookstoves in Ganzourgou and Oubritenga - VPA-33,Burkina Faso,3846,Tiipaalga,Energy Efficiency - Domestic,GS MS Simplified Methodology for Efficient Cookstoves v1.1,Micro Scale,9661
GS1340 - Efficient cookstoves in Burkina Faso -  tiipaalga F3PA cookstoves in Ganzourgou and Oubritenga - VPA-39,Burkina Faso,3847,Tiipaalga,Energy Efficiency - Domestic,GS MS Simplified Methodology for Efficient Cookstoves v1.1,Micro Scale,9661
GS1340 - Efficient cookstoves in Burkina Faso -  tiipaalga F3PA cookstoves in Ganzourgou and Oubritenga - VPA-34,Burkina Faso,3848,Tiipaalga,Energy Efficiency - Domestic,GS MS Simplified Methodology for Efficient Cookstoves v1.1,Micro Scale,9661
GS1340 - Efficient cookstoves in Burkina Faso -  tiipaalga F3PA cookstoves in Ganzourgou and Oubritenga - VPA-36,Burkina Faso,3849,Tiipaalga,Energy Efficiency - Domestic,GS MS Simplified Methodology for Efficient Cookstoves v1.1,Micro Scale,9661
GS1340 - Efficient cookstoves in Burkina Faso -  tiipaalga F3PA cookstoves in Ganzourgou and Oubritenga - VPA-37,Burkina Faso,3850,Tiipaalga,Energy Efficiency - Domestic,GS MS Simplified Methodology for Efficient Cookstoves v1.1,Micro Scale,9661
Beyond Biomass: UpEnergy Electric Cooking,Benin,3851,UpEnergy Group,Energy Efficiency - Domestic,Methodology for Metered & Measured Energy Cooking Devices,Small Scale,0
Promotion of clean cooking solutions in rural India by Infosys – VPA 2,India,3853,Infosys,Biogas - Heat,GS TPDDTEC v3.1,Small Scale,78411
GS11943 VPA-001 Bio-energy for Circular Agriculture (BeCA),Viet Nam,3854,Nexus-Carbon for Development,Biogas - Electricity,AMS-I.F. Renewable electricity generation for captive use and mini-grid,Micro Scale,7688
Bio-energy for Circular Agriculture (BeCA) PoA,Viet Nam,3855,Nexus-Carbon for Development,Biogas - Electricity,AMS-I.F. Renewable electricity generation for captive use and mini-grid,Micro Scale,0
Improved Woodstove Project 2 in Udaipur ,India,3856,Infosys,Energy Efficiency - Domestic,GS TPDDTEC V4.0: REDUCED EMISSIONS FROM COOKING AND HEATING – TECHNOLOGIES AND PRACTICES TO DISPLACE DECENTRALIZED THERMAL ENERGY CONSUMPTION,Small Scale,55050
Smart Cookstove Program by TATA Communications ,India,3857,Emergent Ventures India Private Limited,Energy Efficiency - Domestic,AMS-II.G. Energy Efficiency Measures in Thermal Applications of Non-Renewable Biomass,Small Scale,36841
POA-GS11658-Smart Cookstove Program by TATA Communications – Climate Resilient Village Program: Meghalaya Project – VPA01,India,3858,Emergent Ventures India Private Limited,Energy Efficiency - Domestic,AMS-II.G. Energy Efficiency Measures in Thermal Applications of Non-Renewable Biomass,Small Scale,0
GS7591 VPA 48 Safe Water Supply in the Central African Republic,Central African Republic,3859,CO2balance UK ltd,Energy Efficiency - Domestic,GS Methodology for emission reductions from safe drinking water supply,Small Scale,60000
Safe Water in Uganda,Uganda,3860,NET ZERO DANIŞMANLIK ANONİM ŞİRKETİ,Energy Efficiency - Domestic,GS Methodology for emission reductions from safe drinking water supply,Small Scale,55612
NREA Zaafarana 50 MW Solar PV Park,Egypt,3893,First Climate (Switzerland) AG,Other,ACM0002 Grid-connected electricity generation from renewable sources,Large Scale,90000
Togo household water purifier project  ,Togo,3894,PRIM0CARB0N PTE. LTD.,Energy Efficiency - Domestic,GS Methodology for emission reductions from safe drinking water supply,Large Scale,407726
 Safe Water Development of the Americas,Dominican Republic,3895,Offset Financial Holdings LLC,Energy Efficiency - Domestic,GS Methodology for emission reductions from safe drinking water supply,Large Scale,500000
Safe Water Supply - Choluteca VPA 001(R),Honduras,3896,Offset Financial Holdings LLC,Energy Efficiency - Domestic,GS Methodology for emission reductions from safe drinking water supply,Small Scale,16200
Foundation Wind Energy-I Limited 50 MW Wind Farm Project,Pakistan,3897,Foundation Wind Energy-II (Private) Limited,Wind,ACM0002 Grid-connected electricity generation from renewable sources,Large Scale,70848
Foundation Wind Energy-II (Private) Limited 50 MW Wind Farm Project,Pakistan,3898,Foundation Wind Energy-II (Private) Limited,Wind,ACM0002 Grid-connected electricity generation from renewable sources,Large Scale,70456
TMS Tankers Ltd. Shipping Retrofit Project 1,International,3899,TMS TANKERS LTD.,Energy Efficiency - Transport Sector,,Large Scale,39723
Bundled Renewable Power Project by Jai Bharat Gp,India,3900,EKI Energy Services Limited,Wind,AMS-I.D. Grid connected renewable electricity generation,Small Scale,12940
Arctic Afforestation in East Iceland,Iceland,3902,Yggdrasill Carbon ehf.,A/R,,Micro Scale,620
Manaus Landfill Gas Project,Brazil,3903,CONESTOGA-ROVERS ENGENHARIA LTDA,Biogas - Electricity,,Large Scale,474911
GS11955 PoA Safe Water Supply in South Africa,Zambia,3904,Deactivated Projects,Energy Efficiency - Domestic,GS TPDDTEC V4.0: REDUCED EMISSIONS FROM COOKING AND HEATING – TECHNOLOGIES AND PRACTICES TO DISPLACE DECENTRALIZED THERMAL ENERGY CONSUMPTION,Small Scale,6500
GS11955 VPA-1 Safe Water Supply in Zambia,Zambia,3905,Deactivated Projects,Energy Efficiency - Domestic,GS Methodology for emission reductions from safe drinking water supply,Small Scale,6500
Safe drinking water project,"Tanzania, United Republic of",3907,"Profit Carbon Environmental Energy Technology (Shanghai) Co., Ltd.",Energy Efficiency - Domestic,GS Methodology for emission reductions from safe drinking water supply,Large Scale,405904
Deployment of LPG Cookstoves in Kenya POA,Kenya,3908,"PAYGO ENERGY, INC",Energy Efficiency - Domestic,Methodology for Metered & Measured Energy Cooking Devices,Large Scale,0
Deployment of LPG cookstoves in Kenya VPA 1,Kenya,3909,"PAYGO ENERGY, INC",Energy Efficiency - Domestic,"GS PAA: Methodology for Metered & Measured Energy Cooking Devices, V2.0",Large Scale,119279
Tan Thuan Wind Power Project,Viet Nam,3910,South Pole Ltd SCV,Wind,ACM0002 Grid-connected electricity generation from renewable sources,Large Scale,176369
Hung Hai Gia Lai Wind Power Project,Viet Nam,3911,South Pole Ltd SCV,Wind,ACM0002 Grid-connected electricity generation from renewable sources,Large Scale,248970
Naafa Cookstove Project  ,Guinea,3912,EcoAct,Energy Efficiency - Domestic,GS TPDDTEC v3.1,Small Scale,64000
Xinwufeng AMMS GHG Mitigation Project in Hunan Province,China,3913,"Profit Carbon Environmental Energy Technology (Shanghai) Co., Ltd.",Biogas - Electricity,ACM0010 GHG emission reductions from manure management systems,Large Scale,155089
CTR São Gonçalo landfill gas project ,Brazil,3914,ORIZON VALORIZACAO DE RESIDUOS S.A,Other,,Large Scale,749183
GS  Biomass Energy Conservation Programme,Malawi,3915,Hestian Innovation,Energy Efficiency - Domestic,AMS-II.G. Energy Efficiency Measures in Thermal Applications of Non-Renewable Biomass,Small Scale,460231
GS11677 Malawi Biomass Energy Conservation Programme CPA 2,Malawi,3916,Hestian Innovation,Energy Efficiency - Domestic,AMS-II.G. Energy Efficiency Measures in Thermal Applications of Non-Renewable Biomass,Small Scale,39771
GS11677 GS11902 Malawi Biomass Energy Conservation Programme CPA 3,Malawi,3917,Hestian Innovation,Energy Efficiency - Domestic,AMS-II.G. Energy Efficiency Measures in Thermal Applications of Non-Renewable Biomass,Small Scale,39771
GS11677 GS11902 Malawi Biomass Energy Conservation Programme CPA 4,Malawi,3918,Hestian Innovation,Energy Efficiency - Domestic,AMS-II.G. Energy Efficiency Measures in Thermal Applications of Non-Renewable Biomass,Small Scale,39771
GS11677 GS11902 Malawi Biomass Energy Conservation Programme CPA 5,Malawi,3919,Hestian Innovation,Energy Efficiency - Domestic,AMS-II.G. Energy Efficiency Measures in Thermal Applications of Non-Renewable Biomass,Small Scale,39771
GS11677 GS11902 Malawi Biomass Energy Conservation Programme CPA 6,Malawi,3920,Hestian Innovation,Energy Efficiency - Domestic,AMS-II.G. Energy Efficiency Measures in Thermal Applications of Non-Renewable Biomass,Small Scale,39771
GS11677 GS11902 Malawi Biomass Energy Conservation Programme CPA 7,Malawi,3921,Hestian Innovation,Energy Efficiency - Domestic,AMS-II.G. Energy Efficiency Measures in Thermal Applications of Non-Renewable Biomass,Small Scale,38778
GS11677 GS11902 Malawi Biomass Energy Conservation Programme CPA 8,Malawi,3922,Hestian Innovation,Energy Efficiency - Domestic,AMS-II.G. Energy Efficiency Measures in Thermal Applications of Non-Renewable Biomass,Small Scale,38774
GS11677 GS11902 Malawi Biomass Energy Conservation Programme CPA 9,Malawi,3923,Hestian Innovation,Energy Efficiency - Domestic,AMS-II.G. Energy Efficiency Measures in Thermal Applications of Non-Renewable Biomass,Small Scale,38778
GS11677 GS11902 Malawi Biomass Energy Conservation Programme CPA 10,Malawi,3924,Hestian Innovation,Energy Efficiency - Domestic,AMS-II.G. Energy Efficiency Measures in Thermal Applications of Non-Renewable Biomass,Small Scale,38778
GS11677 GS11902 Malawi Biomass Energy Conservation Programme CPA 11,Malawi,3925,Hestian Innovation,Energy Efficiency - Domestic,AMS-II.G. Energy Efficiency Measures in Thermal Applications of Non-Renewable Biomass,Small Scale,38778
GS11677 GS11902 Malawi Biomass Energy Conservation Programme CPA 12,Malawi,3926,Hestian Innovation,Energy Efficiency - Domestic,AMS-II.G. Energy Efficiency Measures in Thermal Applications of Non-Renewable Biomass,Small Scale,38778
GS11677 GS11902 Malawi Biomass Energy Conservation Programme CPA 13,Malawi,3927,Hestian Innovation,Energy Efficiency - Domestic,AMS-II.G. Energy Efficiency Measures in Thermal Applications of Non-Renewable Biomass,Small Scale,38778
GS11677 GS11902 Malawi Biomass Energy Conservation Programme CPA 14,Malawi,3928,Hestian Innovation,Energy Efficiency - Domestic,AMS-II.G. Energy Efficiency Measures in Thermal Applications of Non-Renewable Biomass,Small Scale,38778
GS11677 GS11902 Malawi Biomass Energy Conservation Programme CPA 15,Malawi,3929,Hestian Innovation,Energy Efficiency - Domestic,AMS-II.G. Energy Efficiency Measures in Thermal Applications of Non-Renewable Biomass,Small Scale,38778
GS11677 GS11902 Malawi Biomass Energy Conservation Programme CPA 16,Malawi,3930,Hestian Innovation,Energy Efficiency - Domestic,AMS-II.G. Energy Efficiency Measures in Thermal Applications of Non-Renewable Biomass,Small Scale,38778
GS11677 GS11902 Malawi Biomass Energy Conservation Programme CPA 35,Malawi,3931,Hestian Innovation,Energy Efficiency - Domestic,AMS-II.G. Energy Efficiency Measures in Thermal Applications of Non-Renewable Biomass,Small Scale,38778
GS11677 GS11902 Malawi Biomass Energy Conservation Programme CPA 33,Malawi,3932,Hestian Innovation,Energy Efficiency - Domestic,AMS-II.G. Energy Efficiency Measures in Thermal Applications of Non-Renewable Biomass,Small Scale,38778
GS11677 GS11902 Malawi Biomass Energy Conservation Programme CPA 31,Malawi,3933,Hestian Innovation,Energy Efficiency - Domestic,AMS-II.G. Energy Efficiency Measures in Thermal Applications of Non-Renewable Biomass,Small Scale,38778
GS11677 GS11902 Malawi Biomass Energy Conservation Programme CPA 29,Malawi,3934,Hestian Innovation,Energy Efficiency - Domestic,AMS-II.G. Energy Efficiency Measures in Thermal Applications of Non-Renewable Biomass,Small Scale,38778
GS11677 GS11902 Malawi Biomass Energy Conservation Programme CPA 27,Malawi,3935,Hestian Innovation,Energy Efficiency - Domestic,AMS-II.G. Energy Efficiency Measures in Thermal Applications of Non-Renewable Biomass,Small Scale,38776
GS11677 GS11902 Malawi Biomass Energy Conservation Programme CPA 26,Malawi,3936,Hestian Innovation,Energy Efficiency - Domestic,AMS-II.G. Energy Efficiency Measures in Thermal Applications of Non-Renewable Biomass,Small Scale,38778
GS11677 GS11902 Malawi Biomass Energy Conservation Programme CPA 25,Malawi,3937,Hestian Innovation,Energy Efficiency - Domestic,AMS-II.G. Energy Efficiency Measures in Thermal Applications of Non-Renewable Biomass,Small Scale,38778
GS11677 GS11902 Malawi Biomass Energy Conservation Programme CPA 24,Malawi,3938,Hestian Innovation,Energy Efficiency - Domestic,AMS-II.G. Energy Efficiency Measures in Thermal Applications of Non-Renewable Biomass,Small Scale,38778
GS11677 GS11902 Malawi Biomass Energy Conservation Programme CPA 23,Malawi,3939,Hestian Innovation,Energy Efficiency - Domestic,AMS-II.G. Energy Efficiency Measures in Thermal Applications of Non-Renewable Biomass,Small Scale,38778
GS11677 GS11902 Malawi Biomass Energy Conservation Programme CPA 22,Malawi,3940,Hestian Innovation,Energy Efficiency - Domestic,AMS-II.G. Energy Efficiency Measures in Thermal Applications of Non-Renewable Biomass,Small Scale,38778
GS11677 GS11902 Malawi Biomass Energy Conservation Programme CPA 21,Malawi,3941,Hestian Innovation,Energy Efficiency - Domestic,AMS-II.G. Energy Efficiency Measures in Thermal Applications of Non-Renewable Biomass,Small Scale,38778
GS11677 GS11902 Malawi Biomass Energy Conservation Programme CPA 20,Malawi,3942,Hestian Innovation,Energy Efficiency - Domestic,AMS-II.G. Energy Efficiency Measures in Thermal Applications of Non-Renewable Biomass,Small Scale,38778
GS11677 GS11902 Malawi Biomass Energy Conservation Programme CPA 19,Malawi,3943,Hestian Innovation,Energy Efficiency - Domestic,AMS-II.G. Energy Efficiency Measures in Thermal Applications of Non-Renewable Biomass,Small Scale,38778
GS11677 GS11902 Malawi Biomass Energy Conservation Programme CPA 18,Malawi,3944,Hestian Innovation,Energy Efficiency - Domestic,AMS-II.G. Energy Efficiency Measures in Thermal Applications of Non-Renewable Biomass,Small Scale,38778
"Igneo Technologies – Precious Metals and Copper Recovering and Recycling Activities, Savannah, GA, USA    ",United States,3948,"Igneo Technologies, LLC",Other,AMS-III.BA Recovery and recycling of materials from E-waste,Small Scale,32000
Shilichong AMWS GHG Mitigation Project,China,3949,"Sirreon Technology & Development (Beijing) Co.,Ltd",Biogas - Electricity,ACM0010 GHG emission reductions from manure management systems,Large Scale,280350
CPA 056 - Charcoal Stoves in Kenya,Kenya,3950,"BioLite, Inc.",Energy Efficiency - Domestic,,Small Scale,48733
CPA 058 – Charcoal Stoves in Kenya,Kenya,3952,"BioLite, Inc.",Energy Efficiency - Domestic,,Small Scale,48733
CPA 059 – Charcoal Stoves in Kenya,Kenya,3953,"BioLite, Inc.",Energy Efficiency - Domestic,,Small Scale,48733
CPA 060 – Charcoal Stoves in Kenya,Kenya,3954,"BioLite, Inc.",Energy Efficiency - Domestic,,Small Scale,48733
CPA 061 – Charcoal Stoves in Kenya,Kenya,3955,"BioLite, Inc.",Energy Efficiency - Domestic,,Small Scale,48733
CPA 062 – Charcoal Stoves in Kenya,Kenya,3956,"BioLite, Inc.",Energy Efficiency - Domestic,,Small Scale,48733
CPA 063 – Charcoal Stoves in Kenya,Kenya,3957,"BioLite, Inc.",Energy Efficiency - Domestic,,Small Scale,48733
CPA 065 – Charcoal Stoves in Kenya,Kenya,3959,"BioLite, Inc.",Energy Efficiency - Domestic,,Small Scale,48733
CPA 066 – Charcoal Stoves in Kenya,Kenya,3960,"BioLite, Inc.",Energy Efficiency - Domestic,,Small Scale,48733
GS11191 GS11193 RVPA-1 Biolite  Improved Charcoal Stoves in Kenya VPA 2,Kenya,3961,"BioLite, Inc.",Energy Efficiency - Domestic,,Large Scale,962953
Samarth- Empowering lives through clean technology,India,3962,Udaipur Urja Initiatives,Energy Efficiency - Domestic,GS TPDDTEC V4.0: REDUCED EMISSIONS FROM COOKING AND HEATING – TECHNOLOGIES AND PRACTICES TO DISPLACE DECENTRALIZED THERMAL ENERGY CONSUMPTION,Small Scale,50196
GS1340 - Efficient cookstoves in Burkina Faso – tiipaalga F3PA cookstoves in Center-South Protected Areas - VPA-48,Burkina Faso,3963,Tiipaalga,Energy Efficiency - Domestic,GS MS Simplified Methodology for Efficient Cookstoves v1.1,Micro Scale,9700
Ca Mau 1C Wind Power Plant Project,Viet Nam,3967,South Pole Ltd SCV,Wind,ACM0002 Grid-connected electricity generation from renewable sources,Large Scale,247467
Jintai Animal Manure Management System GHG Mitigation Project,China,3968,"Henan Deneng Energy&Environmental Protection Technology Co.,Ltd.",Biogas - Electricity,ACM0010 GHG emission reductions from manure management systems,Large Scale,29849
GS7591 VPA 47 GIF Gash-Barka Safe Water Project,Eritrea,3970,CO2balance UK ltd,Energy Efficiency - Domestic,GS Methodology for emission reductions from safe drinking water supply,Small Scale,5000
GS11638 GS11640 RVPA-2 SPOUTS Water Purifier Programme in Africa- WPS in Uganda by AERA- VPA 4,Uganda,3972,AGS Carbon Advisory,Energy Efficiency - Domestic,GS Methodology for emission reductions from safe drinking water supply,Small Scale,60000
"14.90 MW Biomass-based power plant by Sardarshahar Agri Energy Pvt. Ltd. in Rajasthan, India",India,3973,EKI Energy Services Limited,Other,AMS-I.D. Grid connected renewable electricity generation,Small Scale,91889
"14.90 MW Biomass-based power plant by Jasrasar Green Power Energy Pvt. Ltd. in Rajasthan, India",India,3974,EKI Energy Services Limited,Other,AMS-I.D. Grid connected renewable electricity generation,Small Scale,91889
Illoulofin PV Solar Plant - Defissol,Benin,3975,REPUBLIQUE DU BENIN,PV,ACM0002 Grid-connected electricity generation from renewable sources,Large Scale,25176
Wenshi AMMS GHG Mitigation Project in Jiangsu Province,China,3977,"Profit Carbon Environmental Energy Technology (Shanghai) Co., Ltd.",Biogas - Heat,ACM0010 GHG emission reductions from manure management systems,Large Scale,210362
"Safe drinking water for households, institutions and communities",Nepal,3978,Value Network Ventures Pte. Ltd.,Energy Efficiency - Domestic,,Small Scale,0
"GS12022-VPA-1-Safe drinking water for households, institutions and communities",Nepal,3979,Value Network Ventures Pte. Ltd.,Energy Efficiency - Domestic,,Small Scale,59478
GEAAI Biomass Power Project,Myanmar,3980,"Ecoeye Co., Ltd.","Biomass, or Liquid Biofuel - Electricity",AMS-I.F. Renewable electricity generation for captive use and mini-grid,Small Scale,72883
Fair. Inclusive. Transparent. - FIT carbon project in Ethiopia to provide clean drinking water in rural communities,Ethiopia,3981,Fair Climate Fund India Private Limited,Energy Efficiency - Domestic,,Small Scale,7528
Bundled Renewable Power Project by Sharma Industries (EKIESL-CDM.December-14-02),India,3982,EKI Energy Services Limited,Wind,AMS-I.D. Grid connected renewable electricity generation,Small Scale,8201
Safe Water Purifier Project in Tanzania Northern,"Tanzania, United Republic of",3983,Lift Solution Limited,Energy Efficiency - Domestic,GS Methodology for emission reductions from safe drinking water supply,Large Scale,418603
Safe Water Purifier Project in Tanzania Western,"Tanzania, United Republic of",3984,Lift Solution Limited,Energy Efficiency - Domestic,GS Methodology for emission reductions from safe drinking water supply,Large Scale,396412
Hongera Energy Efficient Cookstoves Project,Kenya,3985,DutchGreen Project Management B.V.,Energy Efficiency - Domestic,,Small Scale,351090
Community-based Micro-hydro Mini-grids in Khyber Pakhtunkhwa,Pakistan,3986,Pakistan Environment Trust,"Small, Low - Impact Hydro",AMS-I.A. Electricity generation by the user,Micro scale,23286
African Clean Energy Carbon Offset Programme,Uganda,3987,African Clean Energy B.V.,Energy Efficiency - Domestic,Methodology for Metered & Measured Energy Cooking Devices,Micro Scale,10000
GS11993 VPA1:  African Clean Energy for Cooking in Uganda ,Uganda,3988,African Clean Energy B.V.,Energy Efficiency - Domestic,Methodology for Metered & Measured Energy Cooking Devices,Micro Scale,10000
INUMA Safe Water Project -VPA-001,Rwanda,3989,Water Access Rwanda,Other,,Small Scale,14966
Electric Cooking in Nepal,Nepal,3990,CO2balance UK ltd,Energy Efficiency - Domestic,Methodology for Metered & Measured Energy Cooking Devices,Small Scale,15000
Nabq Solar PV project 20 MW,Egypt,3991,First Climate (Switzerland) AG,PV,,Large Scale,16169
HomeBiogas Programme in Kenya – VPA1,Kenya,3993,HOMEBIOGAS LTD,Biogas - Heat,,Large Scale,324127
Cookstove Distribution by Infosys in Meghalaya,India,3994,Infosys,Energy Efficiency - Domestic,GS TPDDTEC V4.0: REDUCED EMISSIONS FROM COOKING AND HEATING – TECHNOLOGIES AND PRACTICES TO DISPLACE DECENTRALIZED THERMAL ENERGY CONSUMPTION,Small Scale,47400
Unite to Light & Solar Sister Solar Lamp Project  -  Tanzania 2023,"Tanzania, United Republic of",3995,"UNITE TO LIGHT, INC.",PV,AMS-III.AR. Substituting fossil fuel based lighting with LED lighting systems,Small Scale,16194
Small Farmers' Carbon Farming Project in Taiwan,Taiwan,3996,Eco-affinity Inc,Other,,Micro Scale,300
Arborify Cookstoves Togo,Togo,3997,Africa 4 Climate SA,Energy Efficiency - Domestic,,Large Scale,193400
GS1340 Efficient cookstoves in Burkina Faso – Solidagro F3PA cookstoves in Passoré - VPA 50  ,Burkina Faso,3998,CO2logic,Energy Efficiency - Domestic,,Micro Scale,9700
GS1340 Efficient cookstoves in Burkina Faso – Solidagro F3PA cookstoves in Passoré - VPA 51  ,Burkina Faso,3999,CO2logic,Energy Efficiency - Domestic,,Micro Scale,9700
GS1340 Efficient cookstoves in Burkina Faso – Solidagro F3PA cookstoves in Passoré - VPA 52  ,Burkina Faso,4000,CO2logic,Energy Efficiency - Domestic,,Micro Scale,9700
GS1340 Efficient cookstoves in Burkina Faso – Solidagro F3PA cookstoves in Passoré - VPA 54  ,Burkina Faso,4001,CO2logic,Energy Efficiency - Domestic,,Micro Scale,9700
GS1340 Efficient cookstoves in Burkina Faso – Solidagro F3PA cookstoves in Passoré - VPA 53 ,Burkina Faso,4002,CO2logic,Energy Efficiency - Domestic,,Micro Scale,9700
GS1340 Efficient cookstoves in Burkina Faso – Solidagro F3PA cookstoves in Passoré - VPA 55  ,Burkina Faso,4003,CO2logic,Energy Efficiency - Domestic,,Micro Scale,9700
GS1340 - Efficient cookstoves in Burkina Faso - Solidagro F3PA cookstoves in Boulkiemdé - VPA-40  ,Burkina Faso,4004,CO2logic,Energy Efficiency - Domestic,,Micro Scale,9700
GS1340 - Efficient cookstoves in Burkina Faso - Solidagro F3PA cookstoves in Boulkiemdé - VPA-43   ,Burkina Faso,4005,CO2logic,Energy Efficiency - Domestic,,Micro Scale,9700
GS1340 - Efficient cookstoves in Burkina Faso - Solidagro F3PA cookstoves in Boulkiemdé - VPA-41     ,Burkina Faso,4006,CO2logic,Energy Efficiency - Domestic,,Micro Scale,9700
GS1340 - Efficient cookstoves in Burkina Faso - Solidagro F3PA cookstoves in Boulkiemdé - VPA-46  ,Burkina Faso,4007,CO2logic,Energy Efficiency - Domestic,,Micro Scale,9700
GS1340 - Efficient cookstoves in Burkina Faso - Solidagro F3PA cookstoves in Boulkiemdé - VPA-42  ,Burkina Faso,4008,CO2logic,Energy Efficiency - Domestic,,Micro Scale,9700
GS1340 - Efficient cookstoves in Burkina Faso - Solidagro F3PA cookstoves in Boulkiemdé - VPA-44,Burkina Faso,4009,CO2logic,Energy Efficiency - Domestic,,Micro Scale,9700
GS1340 - Efficient cookstoves in Burkina Faso - Solidagro F3PA cookstoves in Boulkiemdé - VPA-45  ,Burkina Faso,4010,CO2logic,Energy Efficiency - Domestic,,Micro Scale,9900
GS11450 - MicroEnergy Credits – Microfinance for Clean Energy Product Lines – India - CPA 35 - GS11894,India,4037,MicroEnergy Credits,Energy Efficiency - Domestic,GS TPDDTEC v3.1,Small Scale,282956
GS11450 - MicroEnergy Credits – Microfinance for Clean Energy Product Lines – India - CPA 36 - GS11895,India,4038,MicroEnergy Credits,Energy Efficiency - Domestic,AMS-I.A. Electricity generation by the user,Small Scale,282956
GS11450 - MicroEnergy Credits – Microfinance for Clean Energy Product Lines – India - CPA 37 - GS11896,India,4039,MicroEnergy Credits,Energy Efficiency - Domestic,AMS-I.A. Electricity generation by the user,Small Scale,282956
GS11450 - MicroEnergy Credits – Microfinance for Clean Energy Product Lines – India - CPA 38 - GS11897,India,4040,MicroEnergy Credits,Energy Efficiency - Domestic,AMS-I.A. Electricity generation by the user,Small Scale,246968
GS11450 - MicroEnergy Credits – Microfinance for Clean Energy Product Lines – India - CPA 39 - GS11898,India,4041,MicroEnergy Credits,Energy Efficiency - Domestic,AMS-I.A. Electricity generation by the user,Small Scale,246968
Irokko GHG Compensation ARR ,Canada,4042,Irokko inc.,A/R,,Micro Scale,0
4 MW Hydro Power Project by AEMCPL,India,4043,EKI Energy Services Limited,"Small, Low - Impact Hydro",,Small Scale,11169
"Fair Climate Programme for Sustainable Household Energy (PoA): Bachat - Uttar Pradesh, India (VPA 7)  ",India,4044,FairClimateFund,Energy Efficiency - Domestic,GS MS Simplified Methodology for Efficient Cookstoves v1.,Micro Scale,0
Small scale community-based afforestation program in Ethiopia,Ethiopia,4045,Deactivated Projects,A/R,Afforestation/Reforestation GHG Emissions Reduction & Sequestration Methodology,Small Scale,12000
Small scale community-based afforestation program in Ethiopia – Konea,Ethiopia,4046,Stiftung Menschen für Menschen,A/R,Afforestation/Reforestation GHG Emissions Reduction & Sequestration Methodology,Small Scale,450
Ecoparque João Pessoa Landfill Gas Project ,Brazil,4047,ORIZON VALORIZACAO DE RESIDUOS S.A,Other,ACM0001 Flaring or use of landfill gas,Large Scale,364572
Ecoparque Candeias Landfill Gas Project,Brazil,4048,ORIZON VALORIZACAO DE RESIDUOS S.A,Other,,Large Scale,702389
Safe Water Supply VPA 04,India,4049,Deactivated Projects,Energy Efficiency - Domestic,GS Methodology for emission reductions from safe drinking water supply,Small Scale,6500
Safe Water & Cookstove Program for South Asia ,India,4050,Deactivated Projects,Energy Efficiency - Domestic,GS TPDDTEC V4.0: REDUCED EMISSIONS FROM COOKING AND HEATING – TECHNOLOGIES AND PRACTICES TO DISPLACE DECENTRALIZED THERMAL ENERGY CONSUMPTION,Small Scale,240000
Ayg 1 Solar PV Plant,Armenia,4051,Masdar Armenia 1 CJSC,Other,ACM0002 Grid-connected electricity generation from renewable sources,Large Scale,222742
INUMA Safe Water Project,Rwanda,4052,Water Access Rwanda,Other,,Small Scale,20000
GS10875 GS 11343 Namene Solar Lights Distribution Programme in Southern African Countries - Zimbabwe R-VPA 1,Zimbabwe,4053,Namene Solar Lights Ltd.,Other,AMS-III.AR. Substituting fossil fuel based lighting with LED lighting systems,Small Scale,42605
GS10875 GS 10876 Namene Solar Lights Distribution Programme in Southern African Countries - Zambia R-VPA 1,Zambia,4054,NAMENE CLIMATE INVESTMENT VEHICLE LIMITED,Other,AMS-III.AR. Substituting fossil fuel based lighting with LED lighting systems,Small Scale,42604
GS10875 Namene Solar Lights Distribution Programme in Southern African Countries - Lesotho VPA 1 ,Lesotho,4055,NAMENE CLIMATE INVESTMENT VEHICLE LIMITED,Other,AMS-III.AR. Substituting fossil fuel based lighting with LED lighting systems,Small Scale,42605
EGE Haina Solar Project,Dominican Republic,4056,Empresa Generadora de Electricidad Haina S.A. (EGE Haina S.A.),PV,,Large Scale,0
GS7591 VPA 49 Safe Water Supply in the Central African Republic,Central African Republic,4057,CO2balance UK ltd,Energy Efficiency - Domestic,GS Methodology for emission reductions from safe drinking water supply,Small Scale,60000
GS7591 VPA 50 Safe Water Supply in the Central African Republic,Central African Republic,4058,CO2balance UK ltd,Energy Efficiency - Domestic,GS Methodology for emission reductions from safe drinking water supply,Small Scale,60000
Implementation and operation of water kiosks in Burkina Faso - VPA 2,Burkina Faso,4059,atmosfair gGmbH,Energy Efficiency - Domestic,AMS-III.AV. Low greenhouse gas emitting water purification systems,Micro scale,77
Myanmar Stoves Campaign - Soneva in Myanmar - VPA No. 023,Myanmar,4060,Soneva Foundation,Energy Efficiency - Domestic,GS MS Simplified Methodology for Efficient Cookstoves v1.,Micro scale,10000
Myanmar Stoves Campaign - Soneva in Myanmar - VPA No. 022,Myanmar,4061,Soneva Foundation,Energy Efficiency - Domestic,GS MS Simplified Methodology for Efficient Cookstoves v1.,Micro scale,10000
Myanmar Stoves Campaign - Soneva in Myanmar - VPA No. 021,Myanmar,4062,Soneva Foundation,Energy Efficiency - Domestic,GS MS Simplified Methodology for Efficient Cookstoves v1.,Micro scale,10000
Household water purifier programme in Guinea,Guinea,4063,Lift Solution Limited,Energy Efficiency - Domestic,GS Methodology for emission reductions from safe drinking water supply,Large Scale,108205
"Clean Cooking Project for Refugees , Host Communities and Other Marginalised Communities in Bangladesh",Bangladesh,4064,Value Network Ventures Pte. Ltd.,Energy Efficiency - Domestic,GS TPDDTEC V4.0: REDUCED EMISSIONS FROM COOKING AND HEATING – TECHNOLOGIES AND PRACTICES TO DISPLACE DECENTRALIZED THERMAL ENERGY CONSUMPTION,Large Scale,366865
"TERRAGRN – Land Regeneration through Agroforestry in Mpumalanga, South Africa",South Africa,4065,TERRAGRN PRIVATE LIMITED,A/R,Afforestation/Reforestation GHG Emissions Reduction & Sequestration Methodology,Large Scale,5500000
"TERRAGRN – Land Regeneration through Agroforestry in Mpumalanga, South Africa - VPA 01",South Africa,4066,TERRAGRN PRIVATE LIMITED,A/R,Afforestation/Reforestation GHG Emissions Reduction & Sequestration Methodology,Large Scale,500000
Panama Tropical Reforestation,Panama,4067,"Panama Reforestation Services, S.A.",A/R,,Large Scale,0
GS12113 Koshal Clean Cooking Project,India,4068,Schneider Electric France,Energy Efficiency - Domestic,,Small Scale,60000
Clean Cooking PoA in India by  SE ,India,4069,Schneider Electric France,Energy Efficiency - Domestic,,Large Scale,300000
"Fair Climate Programme for Sustainable Household Energy (PoA) - Fair Climate Programme: Bachat project - Odisha, India (VPA 2)",India,4070,FairClimateFund,Energy Efficiency - Domestic,,Micro Scale,9873
Household water purifier project in Laos ,Lao People's Democratic Republic,4071,Lift Solution Limited,Energy Efficiency - Domestic,GS Methodology for emission reductions from safe drinking water supply,Large Scale,138871
Access to safe drinking water project in Senegal ,Senegal,4072,PRIM0CARB0N PTE. LTD.,Energy Efficiency - Domestic,GS Methodology for emission reductions from safe drinking water supply,Large Scale,162938
"Small-scale solar electrical programme, South Africa",South Africa,4073,BLUE WORLD CARBON ASSET MANAGEMENT (PTY) LTD,PV,,Small Scale,0
"Small-scale solar electrical programme, South Africa – CPA-002",South Africa,4074,BLUE WORLD CARBON ASSET MANAGEMENT (PTY) LTD,PV,,Small Scale,20473
MicroEnergy Credits – Microfinance for Clean Cooking Product Lines - India,India,4075,MicroEnergy Credits,Energy Efficiency - Domestic,Methodology for Metered & Measured Energy Cooking Devices,Large Scale,52000
GS12066 - MicroEnergy Credits – Microfinance for Clean Cooking Product Lines - India - Clean Cooking Project - VPA01 ,India,4076,MicroEnergy Credits,Energy Efficiency - Domestic,Methodology for Metered & Measured Energy Cooking Devices,Large Scale,30000
3MW Biomass Co-generation by M/s. NPS Sugar Industries Pvt. Ltd.,India,4077,EKI Energy Services Limited,"Biomass, or Liquid Biofuel - Cogeneration",AMS-I.C. Thermal energy production with or without electricity,Small Scale,37108
GS7591 VPA 52 Clean Cooking in Nigeria,Nigeria,4078,CO2balance UK ltd,Energy Efficiency - Domestic,GS TPDDTEC v3.1,Small Scale,60000
GS10818 - Dissemination of Improved Cookstoves in India by Greenway - Dissemination of Improved Cookstoves in Karnataka by Greenway - VPA026,India,4079,Greenway Grameen Infra Private Limited,Energy Efficiency - Domestic,AMS-II.G. Energy Efficiency Measures in Thermal Applications of Non-Renewable Biomass,Small Scale,39126
 GS10818 - Dissemination of Improved Cookstoves in India by Greenway - Dissemination of Improved Cookstoves in Karnataka by Greenway - VPA025,India,4080,Greenway Grameen Infra Private Limited,Energy Efficiency - Domestic,AMS-II.G. Energy Efficiency Measures in Thermal Applications of Non-Renewable Biomass,Small Scale,39126
GS10818 - Dissemination of Improved Cookstoves in India by Greenway - Dissemination of Improved Cookstoves in Karnataka by Greenway - VPA024,India,4081,Greenway Grameen Infra Private Limited,Energy Efficiency - Domestic,AMS-II.G. Energy Efficiency Measures in Thermal Applications of Non-Renewable Biomass,Small Scale,39126
GS10818 - Dissemination of Improved Cookstoves in India by Greenway - Dissemination of Improved Cookstoves in Karnataka by Greenway - VPA018,India,4082,Greenway Grameen Infra Private Limited,Energy Efficiency - Domestic,AMS-II.G. Energy Efficiency Measures in Thermal Applications of Non-Renewable Biomass,Small Scale,39126
GS10818 - Dissemination of Improved Cookstoves in India by Greenway - Dissemination of Improved Cookstoves in Karnataka by Greenway - VPA019,India,4083,Greenway Grameen Infra Private Limited,Energy Efficiency - Domestic,AMS-II.G. Energy Efficiency Measures in Thermal Applications of Non-Renewable Biomass,Small Scale,39126
GS10818 - Dissemination of Improved Cookstoves in India by Greenway - Dissemination of Improved Cookstoves in Karnataka by Greenway - VPA020,India,4084,Greenway Grameen Infra Private Limited,Energy Efficiency - Domestic,AMS-II.G. Energy Efficiency Measures in Thermal Applications of Non-Renewable Biomass,Small Scale,39126
GS10818 - Dissemination of Improved Cookstoves in India by Greenway - Dissemination of Improved Cookstoves in Karnataka by Greenway - VPA021,India,4085,Greenway Grameen Infra Private Limited,Energy Efficiency - Domestic,AMS-II.G. Energy Efficiency Measures in Thermal Applications of Non-Renewable Biomass,Small Scale,39126
GS10818 - Dissemination of Improved Cookstoves in India by Greenway - Dissemination of Improved Cookstoves in Karnataka by Greenway - VPA022,India,4086,Greenway Grameen Infra Private Limited,Energy Efficiency - Domestic,AMS-II.G. Energy Efficiency Measures in Thermal Applications of Non-Renewable Biomass,Small Scale,39126
GS10818 - Dissemination of Improved Cookstoves in India by Greenway - Dissemination of Improved Cookstoves in Karnataka by Greenway - VPA017,India,4087,Greenway Grameen Infra Private Limited,Energy Efficiency - Domestic,AMS-II.G. Energy Efficiency Measures in Thermal Applications of Non-Renewable Biomass,Small Scale,39126
GS10818 - Dissemination of Improved Cookstoves in India by Greenway - Dissemination of Improved Cookstoves in Karnataka by Greenway - VPA016,India,4088,Greenway Grameen Infra Private Limited,Energy Efficiency - Domestic,AMS-II.G. Energy Efficiency Measures in Thermal Applications of Non-Renewable Biomass,Small Scale,39126
 GS10818 - Dissemination of Improved Cookstoves in India by Greenway - Dissemination of Improved Cookstoves in Karnataka by Greenway - VPA023,India,4089,Greenway Grameen Infra Private Limited,Energy Efficiency - Domestic,AMS-II.G. Energy Efficiency Measures in Thermal Applications of Non-Renewable Biomass,Small Scale,39126
Deployment of Electric Buses in Kenya,Kenya,4090,BASIGO LIMITED,Energy Efficiency - Transport Sector,AMS-III.S. Introduction of low-emission vehicles/technologies to commercial vehicle fleets,Large Scale,0
Deployment of Electric Buses in Kenya,Kenya,4091,BASIGO LIMITED,Energy Efficiency - Transport Sector,AMS-III.S. Introduction of low-emission vehicles/technologies to commercial vehicle fleets,Micro Scale,21263
VPA 71 - GHG Emission Reduction through use of Bondhu Chula (Improved Cook Stoves) in Bangladesh,Bangladesh,4092,Bangladesh Bondhu Foundation,Energy Efficiency - Domestic,GS MS Simplified Methodology for Efficient Cookstoves v1.1,Micro Scale,9853
Rai Matak (Green Lands),Timor-Leste,4093,xPand Foundation,A/R,,Large Scale,0
Rai Matak Covalima Community Forestry Program,Timor-Leste,4094,xPand Foundation,A/R,,Small Scale,2452
CTL Landfill Gas Project,Brazil,4095,ECOURBIS AMBIENTAL S.A.,Biogas - Electricity,,Large Scale,1203298
West Wollega Multipurpose Cookstove Distribution Project,Ethiopia,4096,EECMY DASSC,Energy Efficiency - Domestic,,Small Scale,19957
Improving lives through efficient household devices by ClimatePartner Impact - VPA 5 ,India,4097,ClimatePartner Impact GmbH,Energy Efficiency - Domestic,,Micro Scale,10000
Improving lives through efficient household devices by ClimatePartner Impact - VPA 1 ,India,4098,ClimatePartner Impact GmbH,Energy Efficiency - Domestic,,Micro Scale,10000
Improving lives through efficient household devices by ClimatePartner Impact ,India,4099,ClimatePartner Impact GmbH,Energy Efficiency - Domestic,GS MS Simplified Methodology for Efficient Cookstoves v1.1,Micro scale,0
Improving lives through efficient household devices by ClimatePartner Impact - VPA 2 ,India,4100,ClimatePartner Impact GmbH,Energy Efficiency - Domestic,,Micro Scale,8914
Improving lives through efficient household devices by ClimatePartner Impact - VPA 3 ,India,4101,ClimatePartner Impact GmbH,Energy Efficiency - Domestic,,Micro Scale,10000
Improving lives through efficient household devices by ClimatePartner Impact - VPA 4 ,India,4102,ClimatePartner Impact GmbH,Energy Efficiency - Domestic,,Micro Scale,10000
AR - Romania 1,Romania,4103,MYRVAL CONSULT SRL,A/R,,Micro Scale,3972
BaumInvest Flor Morado Reforestation Project Veraneo,Colombia,4104,BaumInvest AG,A/R,,Large Scale,24289
Chestnut Sustainable Restoration Project,United States,4105,"Chestnut Carbon, LLC",A/R,,Large Scale,3637994
"Forest, Trees and Sustainable Livelihoods",India,4106,Society for the Upliftment of Villagers and Development of Himalayan Areas (SUVIDHA),A/R,,Small Scale,16000
Renewable Power Project by Hindustan Gum,India,4107,EKI Energy Services Limited,Other,AMS-I.D. Grid connected renewable electricity generation,Small Scale,60382
GS12087 VPA-1 Uganda Safe  Drinking Water Project,Uganda,4108,SUSTAINABLE CLIMATE IMPACT FUND LIMITED,Energy Efficiency - Domestic,,Small Scale,10000
SCIF for Sustainable Living and Public Health Programme,Uganda,4109,SUSTAINABLE CLIMATE IMPACT FUND LIMITED,Energy Efficiency - Domestic,,Small Scale,0
"GS12118 Project the Environment, Use Clean Cookstoves VPA-1","Tanzania, United Republic of",4110,OFFGRIDSUN S.R.L.,Energy Efficiency - Domestic,,Small Scale,35463
Green Tanzania Cookstove Programme,"Tanzania, United Republic of",4111,OFFGRIDSUN S.R.L.,Energy Efficiency - Domestic,,Small Scale,60000
Myanmar Stoves Campaign - Soneva in Myanmar - VPA No. 024,Myanmar,4112,Soneva Foundation,Energy Efficiency - Domestic,,Micro Scale,9352
"Small-scale solar electrical programme, South Africa – CPA-006",South Africa,4113,BLUE WORLD CARBON ASSET MANAGEMENT (PTY) LTD,PV,AMS-I.F. Renewable electricity generation for captive use and mini-grid,Small Scale,10375
"Small-scale solar electrical programme, South Africa – CPA-005",South Africa,4114,BLUE WORLD CARBON ASSET MANAGEMENT (PTY) LTD,PV,AMS-I.F. Renewable electricity generation for captive use and mini-grid,Small Scale,20610
"Small-scale solar electrical programme, South Africa – CPA-004",South Africa,4115,BLUE WORLD CARBON ASSET MANAGEMENT (PTY) LTD,Other,AMS-I.F. Renewable electricity generation for captive use and mini-grid,Small Scale,18870
"Small-scale solar electrical programme, South Africa – CPA-003",South Africa,4116,BLUE WORLD CARBON ASSET MANAGEMENT (PTY) LTD,PV,,Small Scale,12253
Obomo Cookstove Project in Kenya by Ecoact  - VPA 008  ,Kenya,4117,EcoAct,Energy Efficiency - Domestic,GS TPDDTEC v3.1,Small Scale,65000
AMEA Power Solar Farm in Burkina Faso,Burkina Faso,4118,AMEA Power Ltd,PV,,Large Scale,31965
Cabo Leones Wind Farm,Chile,4119,KOCH COMMODITIES EUROPE LIMITED,Wind,,Large Scale,276709
Beam Mobility Shared e-Scooters,New Zealand,4120,Beam Mobility Holdings Pte. Ltd.,Energy Efficiency - Transport Sector,AMS-III.BM: Lightweight two and three wheeled personal transportation version 1.0,Small Scale,7000
GS5562 VPA5: Efficient and Clean Cooking for Mozambican Low-Income Households,Mozambique,4121,Mozambique Carbon Initiative LDA,Energy Efficiency - Domestic,AMS-II.G. Energy Efficiency Measures in Thermal Applications of Non-Renewable Biomass,Small Scale,70600
GS5562 VPA 6: Efficient and Clean Cooking for Mozambican Low-Income Households,Mozambique,4122,Mozambique Carbon Initiative LDA,Energy Efficiency - Domestic,AMS-II.G. Energy Efficiency Measures in Thermal Applications of Non-Renewable Biomass,Small Scale,38000
GS5562 VPA 4: Efficient and Clean Cooking for Mozambican Low-Income Households,Mozambique,4123,Mozambique Carbon Initiative LDA,Energy Efficiency - Domestic,AMS-II.G. Energy Efficiency Measures in Thermal Applications of Non-Renewable Biomass,Small Scale,55021
GS1247 VPA 314 Guatemala Improved Cookstoves Project,Guatemala,4125,CO2balance UK ltd,Energy Efficiency - Domestic,GS MS Simplified Methodology for Efficient Cookstoves v1.1,Micro Scale,9263
GS1247 VPA 317 Guatemala Improved Cookstoves Project,Guatemala,4127,CO2balance UK ltd,Energy Efficiency - Domestic,GS MS Simplified Methodology for Efficient Cookstoves v1.1,Micro Scale,9263
GS1247 VPA 315 Guatemala Improved Cookstoves Project,Guatemala,4128,CO2balance UK ltd,Energy Efficiency - Domestic,GS MS Simplified Methodology for Efficient Cookstoves v1.1,Micro Scale,9263
GS1247 VPA 319 Guatemala Improved Cookstoves Project,Guatemala,4129,CO2balance UK ltd,Energy Efficiency - Domestic,GS MS Simplified Methodology for Efficient Cookstoves v1.1,Micro Scale,9263
GS1247 VPA 316 Guatemala Improved Cookstoves Project,Guatemala,4130,CO2balance UK ltd,Energy Efficiency - Domestic,GS MS Simplified Methodology for Efficient Cookstoves v1.1,Micro Scale,9263
GS1247 VPA 320 Guatemala Improved Cookstoves Project,Guatemala,4131,CO2balance UK ltd,Energy Efficiency - Domestic,GS MS Simplified Methodology for Efficient Cookstoves v1.1,Micro Scale,9263
GS1247 VPA 318 Guatemala Improved Cookstoves Project,Guatemala,4132,CO2balance UK ltd,Energy Efficiency - Domestic,GS MS Simplified Methodology for Efficient Cookstoves v1.1,Micro Scale,9263
Grid-Connected Solar PV Project in Santo Domingo Este,Dominican Republic,4133,atmosfair gGmbH,PV,,Micro Scale,10000
Large scale Solar Project in Area 60 in Azerbaijan,Azerbaijan,4134,EKI Energy Services Limited,PV,,Large Scale,274074
TASC Clean Cooking PoA - VPA 6 (Zambia),Zambia,4135,THE AFRICAN STOVE COMPANY LIMITED,Energy Efficiency - Domestic,GS TPDDTEC v3.1,Large Scale,100359
Community Carbon Efficient Cooking Programme-VPA 16,Uganda,4136,Community Carbon,Energy Efficiency - Domestic,,Large Scale,632931
Community Carbon Efficient Cooking Programme-VPA 17,Uganda,4137,Community Carbon,Energy Efficiency - Domestic,,Large Scale,632931
Community Carbon Efficient Cooking Programme-VPA 18,Uganda,4138,Community Carbon,Energy Efficiency - Domestic,,Large Scale,633413
Community Carbon Efficient Cooking Programme-VPA 19,Uganda,4139,Community Carbon,Energy Efficiency - Domestic,GS TPDDTEC v3.1,Large Scale,632930
Coastal Solar Project,Dominican Republic,4140,"MAGNETAR GLOBAL PARTNERS, S.R.L.",PV,ACM0002 Grid-connected electricity generation from renewable sources,Large Scale,119500
Planta Solar Fotovoltaica Cumayasa 1 y 2,Dominican Republic,4141,EFD ECOENER FOTOVOLTAICA DOMINICANA SRL,PV,ACM0002 Grid-connected electricity generation from renewable sources,Large Scale,138385
Crescendo Safe Water Supply,Nigeria,4142,CRESCENDO AFFORESTATION FOUNDATION,Energy Efficiency - Domestic,,Micro Scale,8244
VPA 68 - GHG Emission Reduction through use of Bondhu Chula (Improved Cook Stoves) in Bangladesh,Bangladesh,4143,Bangladesh Bondhu Foundation,Energy Efficiency - Domestic,GS MS Simplified Methodology for Efficient Cookstoves v1.1,Micro Scale,9853
VPA 69 - GHG Emission Reduction through use of Bondhu Chula (Improved Cook Stoves) in Bangladesh,Bangladesh,4144,Bangladesh Bondhu Foundation,Energy Efficiency - Domestic,GS MS Simplified Methodology for Efficient Cookstoves v1.1,Micro Scale,9853
VPA 70 - GHG Emission Reduction through use of Bondhu Chula (Improved Cook Stoves) in Bangladesh,Bangladesh,4145,Bangladesh Bondhu Foundation,Energy Efficiency - Domestic,GS MS Simplified Methodology for Efficient Cookstoves v1.1,Micro Scale,9853
VPA 72 - GHG Emission Reduction through use of Bondhu Chula (Improved Cook Stoves) in Bangladesh,Bangladesh,4146,Bangladesh Bondhu Foundation,Energy Efficiency - Domestic,GS MS Simplified Methodology for Efficient Cookstoves v1.1,Micro Scale,9853
VPA 73 - GHG Emission Reduction through use of Bondhu Chula (Improved Cook Stoves) in Bangladesh,Bangladesh,4147,Bangladesh Bondhu Foundation,Energy Efficiency - Domestic,GS MS Simplified Methodology for Efficient Cookstoves v1.1,Micro Scale,9853
VPA 74 - GHG Emission Reduction through use of Bondhu Chula (Improved Cook Stoves) in Bangladesh,Bangladesh,4148,Bangladesh Bondhu Foundation,Energy Efficiency - Domestic,GS MS Simplified Methodology for Efficient Cookstoves v1.1,Micro Scale,9853
VPA 75 - GHG Emission Reduction through use of Bondhu Chula (Improved Cook Stoves) in Bangladesh,Bangladesh,4149,Bangladesh Bondhu Foundation,Energy Efficiency - Domestic,GS MS Simplified Methodology for Efficient Cookstoves v1.1,Micro Scale,9853
VPA 76 - GHG Emission Reduction through use of Bondhu Chula (Improved Cook Stoves) in Bangladesh,Bangladesh,4150,Bangladesh Bondhu Foundation,Energy Efficiency - Domestic,GS MS Simplified Methodology for Efficient Cookstoves v1.1,Micro Scale,9853
VPA 77 - GHG Emission Reduction through use of Bondhu Chula (Improved Cook Stoves) in Bangladesh,Bangladesh,4151,Bangladesh Bondhu Foundation,Energy Efficiency - Domestic,GS MS Simplified Methodology for Efficient Cookstoves v1.1,Micro Scale,9853
VPA 81 - GHG Emission Reduction through use of Bondhu Chula (Improved Cook Stoves) in Bangladesh,Bangladesh,4152,Bangladesh Bondhu Foundation,Energy Efficiency - Domestic,GS MS Simplified Methodology for Efficient Cookstoves v1.1,Micro Scale,9853
VPA 82 - GHG Emission Reduction through use of Bondhu Chula (Improved Cook Stoves) in Bangladesh,Bangladesh,4153,Bangladesh Bondhu Foundation,Energy Efficiency - Domestic,GS MS Simplified Methodology for Efficient Cookstoves v1.1,Micro Scale,9853
VPA 83 - GHG Emission Reduction through use of Bondhu Chula (Improved Cook Stoves) in Bangladesh,Bangladesh,4154,Bangladesh Bondhu Foundation,Energy Efficiency - Domestic,GS MS Simplified Methodology for Efficient Cookstoves v1.1,Micro Scale,9853
VPA 84 - GHG Emission Reduction through use of Bondhu Chula (Improved Cook Stoves) in Bangladesh,Bangladesh,4155,Bangladesh Bondhu Foundation,Energy Efficiency - Domestic,GS MS Simplified Methodology for Efficient Cookstoves v1.1,Micro Scale,9853
VPA 85 - GHG Emission Reduction through use of Bondhu Chula (Improved Cook Stoves) in Bangladesh,Bangladesh,4156,Bangladesh Bondhu Foundation,Energy Efficiency - Domestic,GS MS Simplified Methodology for Efficient Cookstoves v1.1,Micro Scale,9853
VPA 86 - GHG Emission Reduction through use of Bondhu Chula (Improved Cook Stoves) in Bangladesh,Bangladesh,4157,Bangladesh Bondhu Foundation,Energy Efficiency - Domestic,GS MS Simplified Methodology for Efficient Cookstoves v1.1,Micro Scale,9853
VPA 87 - GHG Emission Reduction through use of Bondhu Chula (Improved Cook Stoves) in Bangladesh,Bangladesh,4158,Bangladesh Bondhu Foundation,Energy Efficiency - Domestic,GS MS Simplified Methodology for Efficient Cookstoves v1.1,Micro Scale,9853
VPA 49 - GHG Emission Reduction through use of Bondhu Chula (Improved Cook Stoves) in Bangladesh,Bangladesh,4159,Bangladesh Bondhu Foundation,Energy Efficiency - Domestic,GS MS Simplified Methodology for Efficient Cookstoves v1.1,Micro Scale,9853
VPA 78 - GHG Emission Reduction through use of Bondhu Chula (Improved Cook Stoves) in Bangladesh,Bangladesh,4160,Bangladesh Bondhu Foundation,Energy Efficiency - Domestic,GS MS Simplified Methodology for Efficient Cookstoves v1.1,Micro Scale,9853
VPA 79 - GHG Emission Reduction through use of Bondhu Chula (Improved Cook Stoves) in Bangladesh,Bangladesh,4161,Bangladesh Bondhu Foundation,Energy Efficiency - Domestic,GS MS Simplified Methodology for Efficient Cookstoves v1.1,Micro Scale,9853
VPA 80 - GHG Emission Reduction through use of Bondhu Chula (Improved Cook Stoves) in Bangladesh,Bangladesh,4162,Bangladesh Bondhu Foundation,Energy Efficiency - Domestic,GS MS Simplified Methodology for Efficient Cookstoves v1.1,Micro Scale,9853
Liki Pinangawan Muaralaboh Geothermal Power Plant,Indonesia,4163,PT. SUPREME ENERGY MUARA LABOH,Geothermal,ACM0002 Grid-connected electricity generation from renewable sources,Large Scale,382076
Smokeless living in rural areas of India,India,4164,GRENEITY INFOCOM SERVICE PRIVATE LIMITED,Biogas - Heat,AMS-I.E. Switch from Non-Renewable Biomass for Thermal Applications by the User,Small Scale,37102
Smokeless Energy efficient cookstoves distribution in Rural India,India,4165,GRENEITY INFOCOM SERVICE PRIVATE LIMITED,Energy Efficiency - Domestic,GS TPDDTEC V4.0: REDUCED EMISSIONS FROM COOKING AND HEATING – TECHNOLOGIES AND PRACTICES TO DISPLACE DECENTRALIZED THERMAL ENERGY CONSUMPTION,Small Scale,40000
d’Amico Società di Navigazione SpA Shipping Retrofit Project 1,International,4166,D’Amico Società di Navigazione SpA,Energy Efficiency - Transport Sector,,Micro Scale,7647
Smokeless Energy efficient cookstoves distribution in Rural India-2,India,4167,GRENEITY INFOCOM SERVICE PRIVATE LIMITED,Energy Efficiency - Domestic,GS TPDDTEC V4.0: REDUCED EMISSIONS FROM COOKING AND HEATING – TECHNOLOGIES AND PRACTICES TO DISPLACE DECENTRALIZED THERMAL ENERGY CONSUMPTION,Small Scale,38690
Mpanga 18 MW Run-of-River Hydropower Project,Uganda,4168,Swiss Carbon Value Ltd.,"Small, Low - Impact Hydro",ACM0002 Grid-connected electricity generation from renewable sources,Large Scale,11897
Mare Chicose Landfill Gas Project,Mauritius,4169,Climate Secure India Pvt. Ltd,Other,ACM0001 Flaring or use of landfill gas,Small Scale,180000
Smokeless Energy efficient cookstoves distribution in Rural India-3,India,4170,GRENEITY INFOCOM SERVICE PRIVATE LIMITED,Energy Efficiency - Domestic,GS TPDDTEC V4.0: REDUCED EMISSIONS FROM COOKING AND HEATING – TECHNOLOGIES AND PRACTICES TO DISPLACE DECENTRALIZED THERMAL ENERGY CONSUMPTION,Small Scale,39577
GS12144 - TASC Clean Cooking PoA - VPA 7 Cicada Carbon (Zimbabwe),Zimbabwe,4171,THE AFRICAN STOVE COMPANY LIMITED,Energy Efficiency - Domestic,,Large Scale,333314
Smokeless energy efficient cookstoves distribution in rural India-4,India,4172,GRENEITY INFOCOM SERVICE PRIVATE LIMITED,Energy Efficiency - Domestic,GS TPDDTEC V4.0: REDUCED EMISSIONS FROM COOKING AND HEATING – TECHNOLOGIES AND PRACTICES TO DISPLACE DECENTRALIZED THERMAL ENERGY CONSUMPTION,Small Scale,52467
Ardavin Solar Park,Dominican Republic,4173,"MAGNETAR GLOBAL PARTNERS, S.R.L.",PV,ACM0002 Grid-connected electricity generation from renewable sources,Large Scale,104000
GS10795-GS10796_RVPA1-Implementation  and Operation of water kiosks in Togo – VPA 3,Togo,4174,atmosfair gGmbH,Energy Efficiency - Domestic,,Micro Scale,1339
"GS7591 VPA 53 Improved Cookstove Distribution in Kayonza, Bugesera and Nyamasheke Districts of Rwanda (GS12227)",Rwanda,4175,CO2balance UK ltd,Energy Efficiency - Domestic,,Small Scale,36000
"GS7591 VPA 54 Improved Cookstove Distribution in Kayonza, Bugesera and Nyamasheke Districts of Rwanda (GS12228)",Rwanda,4176,CO2balance UK ltd,Energy Efficiency - Domestic,,Small Scale,36000
GS12079 GS12339 - RVPA 2-Sajoma Solar Park,Dominican Republic,4177,Empresa Generadora de Electricidad Haina S.A. (EGE Haina S.A.),PV,,Large Scale,90660
GS1385 Man and Man Enterprise Improved Cooking Stoves Programme in Ghana - VPA004 (Central region),Ghana,4178,Man and Man Enterprise,Energy Efficiency - Domestic,AMS-II.G. Energy Efficiency Measures in Thermal Applications of Non-Renewable Biomass,Small Scale,224471
Clean Cooking with Biomass Gasification in Malawi (VPA2),Malawi,4179,Emerging Cooking Solutions Sweden AB,Energy Efficiency - Domestic,Methodology for Metered & Measured Energy Cooking Devices,Micro scale,10000
Clean Cooking with Biomass Gasification in Mozambique (VPA3),Mozambique,4180,Emerging Cooking Solutions Sweden AB,Energy Efficiency - Domestic,Methodology for Metered & Measured Energy Cooking Devices,Micro scale,10000
"Small-scale solar electrical programme, South Africa – CPA-007",South Africa,4181,BLUE WORLD CARBON ASSET MANAGEMENT (PTY) LTD,PV,AMS-I.F. Renewable electricity generation for captive use and mini-grid,Small Scale,14060
"Small-scale solar electrical programme, South Africa – CPA-008",South Africa,4182,BLUE WORLD CARBON ASSET MANAGEMENT (PTY) LTD,PV,AMS-I.F. Renewable electricity generation for captive use and mini-grid,Small Scale,17605
"Small-scale solar electrical programme, South Africa – CPA-009",South Africa,4183,BLUE WORLD CARBON ASSET MANAGEMENT (PTY) LTD,PV,AMS-I.F. Renewable electricity generation for captive use and mini-grid,Small Scale,17547
"Small-scale solar electrical programme, South Africa – CPA-010",South Africa,4184,BLUE WORLD CARBON ASSET MANAGEMENT (PTY) LTD,PV,AMS-I.F. Renewable electricity generation for captive use and mini-grid,Small Scale,12502
"Small-scale solar electrical programme, South Africa – CPA-011",South Africa,4185,BLUE WORLD CARBON ASSET MANAGEMENT (PTY) LTD,PV,AMS-I.F. Renewable electricity generation for captive use and mini-grid,Small Scale,21150
"Small-scale solar electrical programme, South Africa – CPA-012",South Africa,4186,BLUE WORLD CARBON ASSET MANAGEMENT (PTY) LTD,PV,AMS-I.F. Renewable electricity generation for captive use and mini-grid,Small Scale,21025
"Small-scale solar electrical programme, South Africa – CPA-013",South Africa,4187,BLUE WORLD CARBON ASSET MANAGEMENT (PTY) LTD,PV,AMS-I.F. Renewable electricity generation for captive use and mini-grid,Small Scale,18821
"Small-scale solar electrical programme, South Africa – CPA-014",South Africa,4188,BLUE WORLD CARBON ASSET MANAGEMENT (PTY) LTD,PV,AMS-I.F. Renewable electricity generation for captive use and mini-grid,Small Scale,19005
"Small-scale solar electrical programme, South Africa – CPA-015",South Africa,4189,BLUE WORLD CARBON ASSET MANAGEMENT (PTY) LTD,PV,,Small Scale,17005
GS12079 GS12339 RVPA 1 - Esperanza Solar Power Plant,Dominican Republic,4190,Empresa Generadora de Electricidad Haina S.A. (EGE Haina S.A.),PV,,Large Scale,122675
Marsoft/ClimeCo Programme for Retrofit Energy Efficiency Measures in Shipping,International,4191,ClimeCo Blue LLC,Energy Efficiency - Transport Sector,,Small Scale,0
"GS5658 VPA 42: Water is Life, Madagascar",Madagascar,4192,Madaprojects Srl SB,Energy Efficiency - Domestic,GS Water Access and WASH Methodology v1.,Micro Scale,10000
GS12070 VPA-1 Marsoft/ClimeCo Energy Efficiency Shipping Retrofits,International,4193,ClimeCo Blue LLC,Energy Efficiency - Transport Sector,,Small Scale,5949
GS PoA Safe Water Programme by Water Mission in Tanzania,"Tanzania, United Republic of",4194,WATER MISSIONS INTERNATIONAL,Other,GS Methodology for emission reductions from safe drinking water supply,Small Scale,41374
Azra Tech Advanced Hull Coating - Blue Race ™ (Blue Reduction mArine Co2 Emission) VPA 1 ,United States,4196,Azra Tech Inc.,Energy Efficiency - Transport Sector,,Large Scale,60000
Azra Tech Advanced Hull Coating -  Blue Race ™ (Blue Reduction mArine Co2 Emission)    ,United States,4197,Azra Tech Inc.,Energy Efficiency - Transport Sector,,Large Scale,60000
GS7591 VPA 51 Safe Water Supply in Nigeria,Nigeria,4198,CO2balance UK ltd,Energy Efficiency - Domestic,,Small Scale,39200
Dicayagua Solar Park,Dominican Republic,4199,"MAGNETAR GLOBAL PARTNERS, S.R.L.",PV,ACM0002 Grid-connected electricity generation from renewable sources,Large Scale,202000
"14.90 MW Biomass-based power plant by TNA Renewable Energy Pvt. Ltd. in Rajasthan, India",India,4200,EKI Energy Services Limited,"Biomass, or Liquid Biofuel - Electricity",AMS-I.D. Grid connected renewable electricity generation,Small Scale,83499
"14.90 MW Biomass-based power plant by VCA Power Pvt. Ltd. in Rajasthan, India",India,4201,EKI Energy Services Limited,"Biomass, or Liquid Biofuel - Electricity",AMS-I.D. Grid connected renewable electricity generation,Small Scale,83499
"14.90 MW Biomass-based power plant by Chattargarh Renewable Energy Pvt. Ltd. in Rajasthan, India ",India,4204,EKI Energy Services Limited,"Biomass, or Liquid Biofuel - Electricity",AMS-I.D. Grid connected renewable electricity generation,Small Scale,83499
GS12151 Ripple Africa high impact cookstoves VPA01 SA1,Malawi,4206,CONSERVATION CARBON MALAWI PTY LTD,Energy Efficiency - Domestic,,Small Scale,64358
GS11638 GS11639 RVPA-1 SPOUTS Water Purifier Programme in Africa- WPS in Rwanda-VPA 6,Rwanda,4207,AGS Carbon Advisory,Energy Efficiency - Domestic,,Small Scale,58000
GS11638 GS11639 RVPA-2 SPOUTS Water Purifier Programme in Africa- WPS in Rwanda- VPA 7,Rwanda,4208,AGS Carbon Advisory,Energy Efficiency - Domestic,GS Methodology for emission reductions from safe drinking water supply,Small Scale,58000
GS11638 GS11639 RVPA-3 SPOUTS Water Purifier Programme in Africa- WPS in Rwanda- VPA 8,Rwanda,4209,AGS Carbon Advisory,Energy Efficiency - Domestic,GS Methodology for emission reductions from safe drinking water supply,Small Scale,58000
"Energy Efficiency Measures at Gera Commerzone Building No. 5 of KRC Infrastructure & Projects Pvt. Ltd., Kharadi, Pune",India,4210,KRC INFRASTRUCTURE AND PROJECTS PRIVATE LIMITED,Energy Efficiency - Commercial Sector,AMS-II.E. Energy efficiency and fuel switching measures for buildings,Small Scale,6772
Golden Union Shipping Retrofit Project 1,International,4211,Barry Rogliano Salles (Genève) SA.,Energy Efficiency - Transport Sector,GS Retrofit Energy Efficiency Measures in Shipping v2,Small Scale,17790
"GS12219  VPA- 1 Water filter project in Dindori, Madhya Pradesh, India",India,4212,EKI Energy Services Limited,Energy Efficiency - Domestic,GS Methodology for emission reductions from safe drinking water supply,Micro Scale,5745
Global Household Water Treatment Technology dissemination project,India,4213,EKI Energy Services Limited,Energy Efficiency - Domestic,GS Methodology for emission reductions from safe drinking water supply,Micro scale,4531
Safe Water Programme – Kenya - VPA 73,Kenya,4214,Impact Carbon,Energy Efficiency - Domestic,,Small Scale,60000
Safe Water Programme – Kenya - VPA 69,Kenya,4215,Impact Carbon,Energy Efficiency - Domestic,,Small Scale,58718
Safe Water Programme – Kenya - VPA 72,Kenya,4216,Impact Carbon,Energy Efficiency - Domestic,,Small Scale,60000
Safe Water Programme – Kenya - VPA 70,Kenya,4217,Impact Carbon,Energy Efficiency - Domestic,,Small Scale,58718
Safe Water Programme – Kenya - VPA 57,Kenya,4218,Impact Carbon,Energy Efficiency - Domestic,,Small Scale,60000
Safe Water Programme – Kenya - VPA 49,Kenya,4219,Impact Carbon,Energy Efficiency - Domestic,,Small Scale,60000
Safe Water Programme – Kenya - VPA 60,Kenya,4220,Impact Carbon,Energy Efficiency - Domestic,,Small Scale,60000
 Safe Water Programme – Kenya - VPA 68,Kenya,4221,Impact Carbon,Energy Efficiency - Domestic,,Small Scale,58718
Safe Water Programme – Kenya - VPA 63,Kenya,4222,Impact Carbon,Energy Efficiency - Domestic,,Small Scale,58718
Safe Water Programme – Kenya - VPA 59,Kenya,4223,Impact Carbon,Energy Efficiency - Domestic,,Small Scale,60000
Safe Water Programme – Kenya - VPA 58,Kenya,4224,Impact Carbon,Energy Efficiency - Domestic,,Small Scale,60000
 Safe Water Programme – Kenya - VPA 66,Kenya,4225,Impact Carbon,Energy Efficiency - Domestic,,Small Scale,58718
Safe Water Programme – Kenya - VPA 52,Kenya,4226,Impact Carbon,Energy Efficiency - Domestic,,Small Scale,60000
Safe Water Programme – Kenya - VPA 51,Kenya,4227,Impact Carbon,Energy Efficiency - Domestic,,Small Scale,60000
Safe Water Programme – Kenya - VPA 67,Kenya,4228,Impact Carbon,Energy Efficiency - Domestic,,Small Scale,58718
Safe Water Programme – Kenya - VPA 65,Kenya,4229,Impact Carbon,Energy Efficiency - Domestic,,Small Scale,58718
Safe Water Programme – Kenya - VPA 64,Kenya,4230,Impact Carbon,Energy Efficiency - Domestic,,Small Scale,58718
Safe Water Programme – Kenya - VPA 61,Kenya,4231,Impact Carbon,Energy Efficiency - Domestic,,Small Scale,60000
Safe Water Programme – Kenya - VPA 55,Kenya,4232,Impact Carbon,Energy Efficiency - Domestic,,Small Scale,60000
Safe Water Programme – Kenya - VPA 56,Kenya,4234,Impact Carbon,Energy Efficiency - Domestic,,Small Scale,60000
 Safe Water Programme – Kenya - VPA 50,Kenya,4235,Impact Carbon,Energy Efficiency - Domestic,,Small Scale,60000
Jinruifeng Animal Manure Management System GHG Mitigation Project in Guangdong Province,China,4237,"Profit Carbon Environmental Energy Technology (Shanghai) Co., Ltd.",Biogas - Electricity,ACM0010 GHG emission reductions from manure management systems,Large Scale,87155
CAPARISPISAN II Wind Power Project,Philippines,4239,AC Energy and Infrastructure Corporation,Wind,ACM0002 Grid-connected electricity generation from renewable sources,Large Scale,161679
Biomass Briquettes in Kenyan Manufacturing Facilities,Kenya,4240,TAMU DMCC,"Biomass, or Liquid Biofuel - Heat",AMS-III.AS. Switch from fossil fuel to biomass in existing manufacturing facilities for non-energy applications,Small Scale,0
Los Negros Solar,Dominican Republic,4241,"PHINIE & CO. DEVELOPMENT, S.R.L.",Other,ACM0002 Grid-connected electricity generation from renewable sources,Large Scale,29930
"Biomass Briquettes in Tea Factories: Chebut, Tombe, Boito, Itumbe, Kapkoros & Tegat",Kenya,4242,TAMU DMCC,"Biomass, or Liquid Biofuel - Heat",AMS-III.AS. Switch from fossil fuel to biomass in existing manufacturing facilities for non-energy applications,Small Scale,47528
GS7591 VPA 55 Clean Cooking in Nigeria,Nigeria,4243,CO2balance UK ltd,Energy Efficiency - Domestic,GS TPDDTEC v3.1,Small Scale,60000
Improved Cookstoves for Sustainable Rural Development in India,India,4244,Infinite Environmental Solutions Limited,Energy Efficiency - Domestic,,Small Scale,0
GS12201 VPA -1 Improved Cookstoves for Sustainable Rural Development in India,India,4245,Infinite Environmental Solutions Limited,Energy Efficiency - Domestic,,Small Scale,43754
IRESA AGRIPACK,India,4246,South Pole Ltd,"Biomass, or Liquid Biofuel - Heat",Methodology for animal waste management and biogas application,Small Scale,17873
Urfa - Yenice LFG to Energy Project,Turkey,4247,Alagoz Holding Anonim Sirketi,Biogas - Electricity,,Large Scale,157916
GS11319 GS11253 Otuke Improved Cookstove project,Uganda,4248,Schneider Electric France,Energy Efficiency - Domestic,,Small Scale,60000
ACCESS TO CLEAN COOKING AND SUPPORT WOMEN EMPOWERMENT,India,4249,Zenith Energy Services Pvt. Ltd.,Other,Not provided,Micro Scale,7500
"GS12185 VPA-1 ACCESS TO CLEAN COOKING AND SUPPORT WOMEN EMPOWERMENT, KOYYUR",India,4250,Zenith Energy Services Pvt. Ltd.,Other,Not provided,Micro Scale,7500
Elston Farm 0001,United Kingdom,4251,SUB 51,Other,,Micro Scale,121
"BIODIGERSTER PROJECT IN EAST UTTAR PRADESH, INDIA",India,4252,Radheshyam Cottex,Biogas - Heat,AMS-I.E. Switch from Non-Renewable Biomass for Thermal Applications by the User,Small Scale,74309
"Kranti Clean Cooking in Rural Madhya Pradesh, India",India,4253,First Climate (Switzerland) AG,Energy Efficiency - Domestic,,Large Scale,334000
Improved Cookstove Program - Right to Breath Clean,India,4254,Emergent Ventures India Private Limited,Energy Efficiency - Domestic,GS TPDDTEC V4.0: REDUCED EMISSIONS FROM COOKING AND HEATING – TECHNOLOGIES AND PRACTICES TO DISPLACE DECENTRALIZED THERMAL ENERGY CONSUMPTION,Small Scale,2431
15 MW solar plants to power COP27,Egypt,4255,First Climate (Switzerland) AG,PV,,Large Scale,14761
Marsoft/ClimeCo Energy Efficiency Shipping Retrofits Project Two,International,4256,ClimeCo Blue LLC,Energy Efficiency - Transport Sector,,Small Scale,14720
Myanmar Stoves Campaign - Soneva in Myanmar - VPA No. 026,Myanmar,4257,Soneva Foundation,Energy Efficiency - Domestic,,Micro Scale,8878
Empowering Kenya through Positive Impact Cooking by d.light,Kenya,4258,Climate Secure India Pvt. Ltd,Energy Efficiency - Domestic,GS TPDDTEC V4.0: REDUCED EMISSIONS FROM COOKING AND HEATING – TECHNOLOGIES AND PRACTICES TO DISPLACE DECENTRALIZED THERMAL ENERGY CONSUMPTION,Large Scale,780093
CPA-KE-010-Kenya Samsung Mombasa Project,Kenya,4262,GREEN DEVELOPMENT AS,Energy Efficiency - Domestic,,Small Scale,21451
Renew Sakhi Improved Cookstove,India,4263,Renew Power Synergy Private Limited,Energy Efficiency - Domestic,,Large Scale,0
Project Sathya Improved Cookstoves and Livelihood,India,4266,CARBON IMPACT CAPITAL PTE. LTD.,Energy Efficiency - Domestic,,Small Scale,16529
GS12204 RVPA-1 Sistema.bio Global Carbon Program: Biodigesters in Kenya 2023-4,Kenya,4267,"SISTEMA.BIO, INC.",Biogas - Heat,,Large Scale,130183
GS 12204 - VPA 1 Sistema.bio Global Carbon Program ,Kenya,4268,Deactivated Projects,Biogas - Heat,,Large Scale,100000
GS Microscale PoA: Integrated Domestic Energy Systems (IDES) for rural communities in India– RVPA 07,India,4272,Value Network Ventures Pte. Ltd.,Energy Efficiency - Domestic,"The Gold Standard Simplified Methodology for Clean and Efficient Cookstoves, Version 3.0",Micro Scale,8951
Zone 3 Landfill Gas Project,Guatemala,4274,"Industrias De Biogas, Sociedad Anonima",Other,ACM0001 Flaring or use of landfill gas,Large Scale,167210
CPA-MA-28-Madagascar Ethanol Stove Program,Madagascar,4275,GREEN DEVELOPMENT AS,Energy Efficiency - Domestic,AMS-I.E. Switch from Non-Renewable Biomass for Thermal Applications by the User,Small Scale,300000
Kardianuts Biochar Production in Colombia,Colombia,4276,First Climate (Switzerland) AG,Other,Not provided,Micro Scale,369
"VPA1: Water and Climate Action, Bundelkhand, India",India,4277,CARBON IMPACT CAPITAL PTE. LTD.,Energy Efficiency - Domestic,GS Methodology for emission reductions from safe drinking water supply,Small Scale,58000
CIC Safe Drinking Water Program,India,4278,CARBON IMPACT CAPITAL PTE. LTD.,Energy Efficiency - Domestic,GS Methodology for emission reductions from safe drinking water supply,Small Scale,60000
GS10818 - Dissemination of Improved Cookstoves in India by Greenway - Dissemination of Improved Cookstoves in Karnataka by Greenway - VPA034,India,4279,Greenway Grameen Infra Private Limited,Energy Efficiency - Domestic,,Small Scale,0
GS10818 - Dissemination of Improved Cookstoves in India by Greenway - Dissemination of Improved Cookstoves in Karnataka by Greenway - VPA035,India,4280,Greenway Grameen Infra Private Limited,Energy Efficiency - Domestic,AMS-II.G. Energy Efficiency Measures in Thermal Applications of Non-Renewable Biomass,Small Scale,39126
GS10818 - Dissemination of Improved Cookstoves in India by Greenway - Dissemination of Improved Cookstoves in Karnataka by Greenway - VPA033,India,4281,Greenway Grameen Infra Private Limited,Energy Efficiency - Domestic,,Small Scale,39126
GS10818 - Dissemination of Improved Cookstoves in India by Greenway - Dissemination of Improved Cookstoves in Karnataka by Greenway - VPA032,India,4282,Greenway Grameen Infra Private Limited,Energy Efficiency - Domestic,,Small Scale,39126
GS10818 - Dissemination of Improved Cookstoves in India by Greenway - Dissemination of Improved Cookstoves in Karnataka by Greenway - VPA031,India,4283,Greenway Grameen Infra Private Limited,Energy Efficiency - Domestic,,Small Scale,39126
GS10818 - Dissemination of Improved Cookstoves in India by Greenway - Dissemination of Improved Cookstoves in Karnataka by Greenway - VPA030,India,4284,Greenway Grameen Infra Private Limited,Energy Efficiency - Domestic,,Small Scale,39126
GS10818 - Dissemination of Improved Cookstoves in India by Greenway - Dissemination of Improved Cookstoves in Karnataka by Greenway - VPA029,India,4285,Greenway Grameen Infra Private Limited,Energy Efficiency - Domestic,,Small Scale,139126
GS10818 - Dissemination of Improved Cookstoves in India by Greenway - Dissemination of Improved Cookstoves in Karnataka by Greenway - VPA028,India,4286,Greenway Grameen Infra Private Limited,Energy Efficiency - Domestic,,Small Scale,39126
GS10818 - Dissemination of Improved Cookstoves in India by Greenway - Dissemination of Improved Cookstoves in Karnataka by Greenway - VPA027,India,4287,Greenway Grameen Infra Private Limited,Energy Efficiency - Domestic,,Small Scale,39126
Energy Interventions for Rural Communities in India VPA – 5 ( Supported by CBM India),India,4289,Society for the Upliftment of Villagers and Development of Himalayan Areas (SUVIDHA),Energy Efficiency - Domestic,,Micro Scale,8822
GS12362 VPA 01 Safe Water Drinking Programme in Maharashtra ,India,4292,RITE WATER SOLUTIONS (INDIA) PRIVATE LIMITED,Energy Efficiency - Domestic,GS Methodology for emission reductions from safe drinking water supply,Small Scale,36678
Better Cooking for a better Health in Northern Cameroon ,Cameroon,4293,KIASI ENERGIES,Energy Efficiency - Domestic,,Large Scale,137106
GS2295 GS1729 Myanmar Stoves Campaign - Soneva in Myanmar - VPA No. 027,Myanmar,4294,Soneva Foundation,Energy Efficiency - Domestic,,Micro Scale,8845
" Reducing 3,000,000 tons of CO2 emissions over a span of 15 years by increasing the efficiency of the exploitation and use of geothermal waters in Călimănești - Căciulata, Vâlcea county, Romania",Romania,4295,Green Tech International SA,Energy Efficiency - Commercial Sector,AMS-I.C. Thermal energy production with or without electricity,Small Scale,204761
Safe Water Supply in Turkana County,Kenya,4297,First Climate Markets GmbH,Energy Efficiency - Domestic,,Small Scale,60000
Maji Bora Multi-Country Small-Scale Safe Water Supply Programme of Activities (PoA),Burundi,4298,First Climate Markets GmbH,Energy Efficiency - Domestic,,Small Scale,60000
SMG Clean Cooking Program VPA01,India,4299,SHRI MAA MARKETING PRIVATE LIMITED,Energy Efficiency - Domestic,GS TPDDTEC V4.0: REDUCED EMISSIONS FROM COOKING AND HEATING – TECHNOLOGIES AND PRACTICES TO DISPLACE DECENTRALIZED THERMAL ENERGY CONSUMPTION,Large Scale,48794
"Solar cooking in Chad, Touloum (VPA2)",Chad,4301,FairClimateFund,Solar Thermal - Heat,,Micro Scale,9818
Solar Power for Rural Villages in Madagascar,Madagascar,4302,WE LIGHT MADAGASCAR,Solar Thermal - Electricity,AMS-I.L. Electrification of rural communities using renewable energy,Micro Scale,8163
UpEnergy – Social and Climate Impact Programme-Cooking Devices VPA-25,Zambia,4303,UpEnergy Group,Energy Efficiency - Domestic,GS TPDDTEC v3.1,Small Scale,48686
UpEnergy-Social and Climate Impact Programme- Cooking Devices VPA-24,Malawi,4304,UpEnergy Group,Energy Efficiency - Domestic,GS TPDDTEC v3.1,Small Scale,59714
UpEnergy-Social and Climate Impact Programme- Cooking Devices VPA-23,Malawi,4305,UpEnergy Group,Energy Efficiency - Domestic,GS TPDDTEC v3.1,Small Scale,0
Girasol Solar Power Plant,Dominican Republic,4306,Empresa Generadora de Electricidad Haina S.A. (EGE Haina S.A.),PV,,Large Scale,149805
COMMUNITY CARBON SAFE WATER DRINKING PROGRAMME-VPA 22,Uganda,4307,UpEnergy Group,Energy Efficiency - Domestic,GS Methodology for emission reductions from safe drinking water supply,Small Scale,43371
COMMUNITY CARBON SAFE WATER DRINKING PROGRAMME-VPA 21,Uganda,4308,UpEnergy Group,Energy Efficiency - Domestic,GS Methodology for emission reductions from safe drinking water supply,Small Scale,43371
COMMUNITY CARBON SAFE WATER DRINKING PROGRAMME-VPA 20 ,Uganda,4309,Community Carbon,Energy Efficiency - Domestic,,Small Scale,43371
Safe Water Programme – Nigeria - VPA 103,Nigeria,4310,Impact Carbon,Energy Efficiency - Domestic,,Small Scale,60000
Safe Water Programme – Nigeria - VPA 102,Nigeria,4311,Impact Carbon,Energy Efficiency - Domestic,,Small Scale,60000
Safe Water Programme – Nigeria - VPA 101,Nigeria,4312,Impact Carbon,Energy Efficiency - Domestic,,Small Scale,60000
Safe Water Programme – Nigeria - VPA 100,Nigeria,4313,Impact Carbon,Energy Efficiency - Domestic,,Small Scale,60000
Safe Water Programme – Nigeria - VPA 99,Nigeria,4314,Impact Carbon,Energy Efficiency - Domestic,,Small Scale,60000
Safe Water Programme – Nigeria - VPA 98,Nigeria,4315,Impact Carbon,Energy Efficiency - Domestic,,Small Scale,60000
Safe Water Programme – Nigeria - VPA 97,Nigeria,4316,Impact Carbon,Energy Efficiency - Domestic,,Small Scale,60000
Safe Water Programme – Nigeria - VPA 96,Nigeria,4317,Impact Carbon,Energy Efficiency - Domestic,,Small Scale,60000
 Safe Water Programme – Nigeria - VPA 95,Nigeria,4318,Impact Carbon,Energy Efficiency - Domestic,,Small Scale,60000
 Safe Water Programme – Nigeria - VPA 94,Nigeria,4319,Impact Carbon,Energy Efficiency - Domestic,,Small Scale,60000
Safe Water Programme – Nigeria - VPA 93,Nigeria,4320,Impact Carbon,Energy Efficiency - Domestic,,Small Scale,60000
Safe Water Programme – Nigeria - VPA 92,Nigeria,4321,Impact Carbon,Energy Efficiency - Domestic,,Small Scale,60000
Safe Water Programme – Nigeria - VPA 91,Nigeria,4322,Impact Carbon,Energy Efficiency - Domestic,,Small Scale,60000
Safe Water Programme – Nigeria - VPA 90,Nigeria,4323,Impact Carbon,Energy Efficiency - Domestic,,Small Scale,60000
Safe Water Programme – Nigeria - VPA 89,Nigeria,4324,Impact Carbon,Energy Efficiency - Domestic,,Small Scale,60000
Safe Water Programme – Nigeria - VPA 88,Nigeria,4325,Impact Carbon,Energy Efficiency - Domestic,,Small Scale,60000
 Safe Water Programme – Nigeria - VPA 87,Nigeria,4326,Impact Carbon,Energy Efficiency - Domestic,,Small Scale,60000
 Safe Water Programme – Nigeria - VPA 86,Nigeria,4327,Impact Carbon,Energy Efficiency - Domestic,,Small Scale,60000
 Safe Water Programme – Nigeria - VPA 85,Nigeria,4328,Impact Carbon,Energy Efficiency - Domestic,,Small Scale,60000
Safe Water Programme – Nigeria - VPA 84,Nigeria,4329,Impact Carbon,Energy Efficiency - Domestic,,Small Scale,60000
Safe Water Programme – Nigeria - VPA 83,Nigeria,4330,Impact Carbon,Energy Efficiency - Domestic,,Small Scale,60000
Safe Water Programme – Nigeria - VPA 82,Nigeria,4331,Impact Carbon,Energy Efficiency - Domestic,,Small Scale,60000
Safe Water Programme – Nigeria - VPA 81,Nigeria,4332,Impact Carbon,Energy Efficiency - Domestic,,Small Scale,60000
Safe Water Programme – Nigeria - VPA 80,Nigeria,4333,Impact Carbon,Energy Efficiency - Domestic,,Small Scale,60000
Safe Water Programme – Nigeria - VPA 79,Nigeria,4334,Impact Carbon,Energy Efficiency - Domestic,,Small Scale,60000
Safe Water Programme – Nigeria - VPA 78,Nigeria,4335,Impact Carbon,Energy Efficiency - Domestic,,Small Scale,60000
Safe Water Programme – Nigeria - VPA 77,Nigeria,4336,Impact Carbon,Energy Efficiency - Domestic,,Small Scale,60000
Safe Water Programme – Nigeria - VPA 76,Nigeria,4337,Impact Carbon,Energy Efficiency - Domestic,,Small Scale,60000
 Safe Water Programme – Nigeria - VPA 75,Nigeria,4338,Impact Carbon,Energy Efficiency - Domestic,,Small Scale,60000
Safe Water Programme – Nigeria - VPA 74,Nigeria,4339,Impact Carbon,Energy Efficiency - Domestic,,Small Scale,60000
GS12102 VPA-1 Carbon Credit financing for sustainable rural water supply in Manyara Region,"Tanzania, United Republic of",4340,Carbonsink (Carbonsink Group S.r.l.),Energy Efficiency - Domestic,,Small Scale,29165
GS10789 GS10791 RVPA-22: Efficient and  Clean Cooking for households in Kenya,Kenya,4341,Global Cookstoves Ltd.,Energy Efficiency - Domestic,,Large Scale,27285
GS1340 - Efficient cookstoves in Burkina Faso – VPA-59 - tiipaalga Beoong Neere,Burkina Faso,4342,Tiipaalga,Energy Efficiency - Domestic,GS MS Simplified Methodology for Efficient Cookstoves v1.1,Micro Scale,9800
GS1340 - Efficient cookstoves in Burkina Faso – VPA-58 - tiipaalga Beoong Neere,Burkina Faso,4343,Tiipaalga,Energy Efficiency - Domestic,GS MS Simplified Methodology for Efficient Cookstoves v1.1,Micro Scale,0
GS1340 - Efficient cookstoves in Burkina Faso – VPA-57 - tiipaalga Beoong Neere,Burkina Faso,4344,Tiipaalga,Energy Efficiency - Domestic,GS MS Simplified Methodology for Efficient Cookstoves v1.1,Micro Scale,9800
GS1340 - Efficient cookstoves in Burkina Faso – VPA-56 - tiipaalga Beoong Neere,Burkina Faso,4345,Tiipaalga,Energy Efficiency - Domestic,GS MS Simplified Methodology for Efficient Cookstoves v1.1,Micro Scale,9800
Happy and Healthy Kitchens for Rural India,India,4346,SDG 13 Ventures,Energy Efficiency - Domestic,Methodology for Metered & Measured Energy Cooking Devices,Large Scale,0
Happy and Healthy Kitchens for Rural India VPA 1,India,4347,SDG 13 Ventures,Energy Efficiency - Domestic,Methodology for Metered & Measured Energy Cooking Devices,Large Scale,454131
Sal and São Vicente Solar Project,Cape Verde,4348,"APP SGPS S.A – (APP-SOCIEDADE CABOVERDIANA DE IMPULSO DE ÁGUA, ENERGIA E PARTICIPAÇÕES)",Other,AMS-I.D. Grid connected renewable electricity generation,Small Scale,13804
GS1340 - Efficient cookstoves in Burkina Faso – VPA- 60 – F3PA tiipaalga Bazega ,Burkina Faso,4349,Tiipaalga,Energy Efficiency - Domestic,GS MS Simplified Methodology for Efficient Cookstoves v1.1,Micro Scale,9500
GS1340 - Efficient cookstoves in Burkina Faso – VPA- 61 – F3PA tiipaalga Bazega ,Burkina Faso,4350,Tiipaalga,Energy Efficiency - Domestic,GS MS Simplified Methodology for Efficient Cookstoves v1.1,Micro Scale,9500
GS1340 - Efficient cookstoves in Burkina Faso – VPA- 62 – F3PA tiipaalga Bazega ,Burkina Faso,4351,Tiipaalga,Energy Efficiency - Domestic,GS MS Simplified Methodology for Efficient Cookstoves v1.1,Micro Scale,9500
GS1340 - Efficient cookstoves in Burkina Faso – VPA- 63 – F3PA tiipaalga Bazega ,Burkina Faso,4352,Tiipaalga,Energy Efficiency - Domestic,GS MS Simplified Methodology for Efficient Cookstoves v1.1,Micro Scale,9500
GS1340 - Efficient cookstoves in Burkina Faso – VPA- 64 – F3PA tiipaalga Bazega ,Burkina Faso,4353,Tiipaalga,Energy Efficiency - Domestic,GS MS Simplified Methodology for Efficient Cookstoves v1.1,Micro Scale,9500
GS1340 - Efficient cookstoves in Burkina Faso – VPA- 65 – F3PA tiipaalga Bazega ,Burkina Faso,4354,Tiipaalga,Energy Efficiency - Domestic,GS MS Simplified Methodology for Efficient Cookstoves v1.1,Micro Scale,9500
GS1340 - Efficient cookstoves in Burkina Faso – VPA- 66 – F3PA tiipaalga Bazega ,Burkina Faso,4355,Tiipaalga,Energy Efficiency - Domestic,GS MS Simplified Methodology for Efficient Cookstoves v1.1,Micro Scale,9500
GS1340 - Efficient cookstoves in Burkina Faso – VPA- 67 – F3PA tiipaalga Bazega ,Burkina Faso,4356,Tiipaalga,Energy Efficiency - Domestic,GS MS Simplified Methodology for Efficient Cookstoves v1.1,Micro Scale,9500
GS1340 - Efficient cookstoves in Burkina Faso – VPA- 68 – F3PA tiipaalga Bazega ,Burkina Faso,4357,Tiipaalga,Energy Efficiency - Domestic,GS MS Simplified Methodology for Efficient Cookstoves v1.1,Micro Scale,9500
GS1340 - Efficient cookstoves in Burkina Faso – VPA- 69 – F3PA tiipaalga Bazega ,Burkina Faso,4358,Tiipaalga,Energy Efficiency - Domestic,GS MS Simplified Methodology for Efficient Cookstoves v1.1,Micro Scale,9500
Bundled Wind Power Project by EKI Energy Services Limited (EKIESL-CDM.April-13-02),India,4359,EKI Energy Services Limited,Wind,AMS-I.D. Grid connected renewable electricity generation,Small Scale,17424
BioGrow Energy,Colombia,4360,Carlo Vigna Taglianti,Energy Efficiency - Agriculture Sector,AMS-I.F. Renewable electricity generation for captive use and mini-grid,Small Scale,10000
GS12079 - GS12339 RVPA 4- Girasol II Solar Power Plant,Dominican Republic,4361,Empresa Generadora de Electricidad Haina S.A. (EGE Haina S.A.),PV,,Large Scale,58791
GS12079- GS12339 - RVPA 5 - Tornasol Solar Park,Dominican Republic,4362,Empresa Generadora de Electricidad Haina S.A. (EGE Haina S.A.),PV,,Large Scale,65955
GS12079- GS12339 - RVPA 3 – Esperanza II Solar Power Plant ,Dominican Republic,4363,Empresa Generadora de Electricidad Haina S.A. (EGE Haina S.A.),PV,,Large Scale,64199
Oslomej Solar Power Plant ,"North Macedonia, Republic of",4365,GAİA CLİMATE FİNANSAL DANIŞMANLIK HİZMETLERİ VE TİCARET ANONİM ŞİRKETİ,PV,,Large Scale,93160
Protecting Forest  by Distribution of Improved CookStove Project by C2Z Solutions,India,4366,CO2 to Net Zero Solutions (India) Pvt Ltd,Energy Efficiency - Domestic,AMS-II.G. Energy Efficiency Measures in Thermal Applications of Non-Renewable Biomass,Small Scale,30000
Planta Solar Fotovoltaica Payita1,Dominican Republic,4367,"LCV ECOENER SOLARES DOMINICANA, S.R.L.",PV,ACM0002 Grid-connected electricity generation from renewable sources,Large Scale,89562
Grid-connected solar PV plants in Togo,Togo,4368,atmosfair gGmbH,Solar Thermal - Electricity,,Micro Scale,7152
GS11623 GS11627 RVPA-6 CO2 Sequestration at a Swiss Concrete Recycler using the Neustark Technology,Switzerland,4369,Neustark AG,Other,,Micro Scale,300
GS1385 Man and Man Enterprise Improved Cooking Stoves Programme in Ghana - VPA005 (Volta region),Ghana,4370,Man and Man Enterprise,Energy Efficiency - Domestic,AMS-II.G. Energy Efficiency Measures in Thermal Applications of Non-Renewable Biomass,Small Scale,118516
GEAAI Biomass Power Plant (Myanmar),Myanmar,4371,"Ecoeye Co., Ltd.","Biomass, or Liquid Biofuel - Electricity",ACM0006 Electricity and heat generation from biomass residues,Large Scale,250000
"Transforming the cookstove market – Benefiting 75,000 households with an improved cookstove in Nepal",Nepal,4402,LIVELIHOODS CARBON FUND SICAV-RAIF,Energy Efficiency - Domestic,GS TPDDTEC V4.0: REDUCED EMISSIONS FROM COOKING AND HEATING – TECHNOLOGIES AND PRACTICES TO DISPLACE DECENTRALIZED THERMAL ENERGY CONSUMPTION,Large Scale,115015
CTR Campos landfill gas project,Brazil,4403,VITAL ENGENHARIA AMBIENTAL S/A,Other,ACM0001 Flaring or use of landfill gas,Large Scale,48278
Ecoparque Sergipe Landfill Gas Project,Brazil,4404,ORIZON VALORIZACAO DE RESIDUOS S.A,Other,,Large Scale,289262
Ecoparque Maceió Landfill Gas Project,Brazil,4405,ORIZON VALORIZACAO DE RESIDUOS S.A,Other,,Large Scale,481687
Safe Water Programme – Kenya - VPA 53,Kenya,4406,Impact Carbon,Energy Efficiency - Domestic,,Small Scale,60000
Safe Water Programme – Kenya - VPA 62,Kenya,4407,Impact Carbon,Energy Efficiency - Domestic,,Small Scale,58718
Safe Water Programme – Kenya - VPA 71,Kenya,4408,Impact Carbon,Energy Efficiency - Domestic,,Small Scale,60000
CO2 Sequestration at a German Concrete Recycler using the Neustark Technology,Germany,4409,Neustark AG,Other,Other,Micro Scale,1000
SMG - Access to Clean Cooking in Himalayas ,Nepal,4410,SHRI MAA MARKETING PRIVATE LIMITED,Energy Efficiency - Domestic,,Large Scale,58634
SMG - Access to Clean Cooking in Himalayas VPA 01,Nepal,4411,SHRI MAA MARKETING PRIVATE LIMITED,Energy Efficiency - Domestic,GS TPDDTEC V4.0: REDUCED EMISSIONS FROM COOKING AND HEATING – TECHNOLOGIES AND PRACTICES TO DISPLACE DECENTRALIZED THERMAL ENERGY CONSUMPTION,Large Scale,58634
LTIMindtree Improved Cookstove Project,India,4412,Kirti Johri,Energy Efficiency - Domestic,GS TPDDTEC V4.0: REDUCED EMISSIONS FROM COOKING AND HEATING – TECHNOLOGIES AND PRACTICES TO DISPLACE DECENTRALIZED THERMAL ENERGY CONSUMPTION,Small Scale,19710
GS10789 GS10790 RVPA-15: Efficient and  Clean Cooking for households in Mozambique,Mozambique,4413,Global Cookstoves Ltd.,Energy Efficiency - Domestic,,Large Scale,21521
Improved Cookstoves Programme of Activities in Nepal,Nepal,4414,"IMPERATIVE GLOBAL INVESTMENTS, INC.",Energy Efficiency - Domestic,GS TPDDTEC V4.0: REDUCED EMISSIONS FROM COOKING AND HEATING – TECHNOLOGIES AND PRACTICES TO DISPLACE DECENTRALIZED THERMAL ENERGY CONSUMPTION,Large Scale,0
GS12778 VPA-8 Solar PV Installations in India  ,India,4415,ERDA ILLUMINE LOW CARBON SOLUTIONS PRIVATE LIMITED,PV,,Small Scale,18925
Diakolal Cookstove Project in Senegal by Removall - (REMSEN01),Senegal,4416,Removall,Energy Efficiency - Domestic,GS TPDDTEC V4.0: REDUCED EMISSIONS FROM COOKING AND HEATING – TECHNOLOGIES AND PRACTICES TO DISPLACE DECENTRALIZED THERMAL ENERGY CONSUMPTION,Large Scale,78720
Solar Water Heater Program in India – CPA-10,India,4417,Nuetech Solar Systems Private Limited,Solar Thermal - Heat,AMS-I.C. Thermal energy production with or without electricity,Small Scale,40000
GS12521 - VPA-2 Tamshiyacu Hybrid Microgrid Plant,Peru,4418,AMAZONAS ENERGIA SOLAR SAC,Other,,Small Scale,1284
GS12494 VPA-1 Distribution of Improved Cookstove by Alphabet Greens,India,4419,ALPHABET GREENS PRIVATE LIMITED,Energy Efficiency - Domestic,,Small Scale,165336
Distribution of Improved Cookstoves by Alphabet Greens,India,4420,ALPHABET GREENS PRIVATE LIMITED,Energy Efficiency - Domestic,AMS-II.G. Energy Efficiency Measures in Thermal Applications of Non-Renewable Biomass,Small Scale,0
Improved agricultural practices for Rice  cultivation in India,India,4421,Kosher Climate India Pvt Ltd.,Other,,Small Scale,0
VPA-001 Improved Cookstoves Programme of Activities in Nepal – Terai VPAs,Nepal,4424,"IMPERATIVE GLOBAL INVESTMENTS, INC.",Energy Efficiency - Domestic,GS TPDDTEC V4.0: REDUCED EMISSIONS FROM COOKING AND HEATING – TECHNOLOGIES AND PRACTICES TO DISPLACE DECENTRALIZED THERMAL ENERGY CONSUMPTION,Large Scale,262560
Thai Wah Biogas WWT Project,Cambodia,4427,Swiss Carbon Value Ltd.,Other,AMS-III.H. Methane recovery in wastewater treatment,Small Scale,33405
GS10789 GS10790 RVPA-73: Efficient and Clean Cooking for households in Ghana,Ghana,4428,ECOA Climate Capital,Energy Efficiency - Domestic,,Large Scale,64412
GS10789 GS10790 RVPA-44: Efficient and Clean Cooking for households in Tanzania,"Tanzania, United Republic of",4429,Global Cookstoves 2 Limited,Energy Efficiency - Domestic,,Large Scale,33776
GS10789 GS10790 RVPA-54 Efficient and Clean  cooking for Households in Somalia,Somalia,4430,ECOA Climate Capital,Energy Efficiency - Domestic,,Large Scale,67483
GS10789 GS 10790 RVPA-32: Efficient and Clean Cooking for households in DRC,"Congo, the Democratic Republic of the",4431,Global Cookstoves 2 Limited,Energy Efficiency - Domestic,,Large Scale,73661
GS10789 GS 10790 RVPA-13: Efficient and Clean Cooking for households in Mozambique,Mozambique,4432,Global Cookstoves 2 Limited,Energy Efficiency - Domestic,,Large Scale,51901
Sankofa plantation in Ghana by Alliances for Action,Ghana,4433,GS Delta Orphan Account,A/R,,Small Scale,0
ECC Multi-country Electric Clean Cooking Programme ,International,4434,ECOA Climate Capital,Energy Efficiency - Domestic,,Large Scale,0
GS12443 VPA 01: ECC_Multi-country Electric Clean Cooking Programme in Kenya,Kenya,4435,ECOA Climate Capital,Energy Efficiency - Domestic,,Large Scale,10000
PowerUP Smart Electric Stoves for Clean Air-Uganda-VPA10,Uganda,4436,PowerUp,Energy Efficiency - Domestic,Methodology for Metered & Measured Energy Cooking Devices,Small Scale,28691
Millennium Water Alliance and Virridy Clean Drinking Water Supply Program in Kenya,Kenya,4437,SweetSense Inc.,Energy Efficiency - Domestic,GS Methodology for emission reductions from safe drinking water supply,Small Scale,0
GS 12221 VPA-1 Millennium Water Alliance and Virridy Clean Drinking Water Supply Program in Kenya,Kenya,4438,SweetSense Inc.,Energy Efficiency - Domestic,GS Methodology for emission reductions from safe drinking water supply,Small Scale,60000
Off-grid Solar Plants for Amazonian communities in Peru,Peru,4439,AMAZONAS ENERGIA SOLAR SAC,Other,,Small Scale,0
GS12521 - VPA-1 Requena Hybrid Microgrid Plant,Peru,4440,AMAZONAS ENERGIA SOLAR SAC,Other,,Small Scale,5198
GS10789 GS10790 RVPA-11: Efficient and Clean Cooking for households in Mozambique,Mozambique,4441,Save Forest 2 Limited,Energy Efficiency - Domestic,,Large Scale,75765
GS10789 GS10791 RVPA-23: Efficient and  Clean Cooking for households in Kenya,Kenya,4443,ECOA Climate Capital,Energy Efficiency - Domestic,,Large Scale,29666
GS12443 VPA 31: ECC_Multi-country Electric Clean Cooking Programme in Uganda,Uganda,4444,ECOA Climate Capital,Energy Efficiency - Domestic,,Large Scale,10000
Promotion of electric cooking alternatives in Nepal,Nepal,4445,Value Network Ventures Pte. Ltd.,Energy Efficiency - Domestic,,Micro Scale,9908
GS10789 GS 11673 RVPA-65: Efficient and Clean Cooking for households in Nigeria ,Nigeria,4447,Global Cookstoves 2 Limited,Energy Efficiency - Domestic,,Large Scale,89011
GS12443 GS12859 RVPA-21: ECC_Multi-country Electric Clean Cooking Programme in Ghana,Ghana,4448,ECOA Climate Capital,Energy Efficiency - Domestic,,Large Scale,10000
Boundiali solar power plant,Côte d'Ivoire,4449,AERA Group,Other,,Large Scale,70363
"EFFICIENT KITCHENS IN GUJARAT, UTTAR PRADESH AND MADHYA PRADESH -VPA02",India,4450,Climate Impact Partners Limited,Energy Efficiency - Domestic,,Large Scale,40000
GS10789 GS 11673 RVPA-69: Efficient and Clean Cooking for households in Nigeria,Nigeria,4451,ECOA Climate Capital,Energy Efficiency - Domestic,,Large Scale,89011
LED Distribution for Energy Wise India,India,4452,Radheshyam Cottex,Energy Efficiency - Domestic,,Small Scale,48000
Solar Water Heater Program in India – CPA-9,India,4453,Nuetech Solar Systems Private Limited,Solar Thermal - Heat,AMS-I.C. Thermal energy production with or without electricity,Small Scale,0
Saaf Paani Clean Drinking Water Project in India by Removall,India,4454,Removall,Energy Efficiency - Domestic,GS Methodology for emission reductions from safe drinking water supply,Small Scale,15000
Filtering a better future: Ecofiltros by Hermandad de Honduras,Honduras,4455,South Pole Ltd,Energy Efficiency - Domestic,GS Methodology for emission reductions from safe drinking water supply,Small Scale,12242
Wells of Hope : improving Hygiene and empowering Women in Mozambique,Mozambique,4456,KIASI ENERGIES,Energy Efficiency - Domestic,GS Methodology for emission reductions from safe drinking water supply,Large Scale,150000
Bariq recoSTAR PET ART Recycling Line,Egypt,4457,Bariq for Techno & Advances Infustries,Other,AMS-III.AJ. Recovery and recycling of materials from solid wastes,Small Scale,20851
Healthy Kitchens for Refugees,Nepal,4458,Value Network Ventures Pte. Ltd.,Energy Efficiency - Domestic,"The Gold Standard Simplified Methodology for Clean and Efficient Cookstoves, Version 3.0",Micro Scale,6617
GS10789 GS 10790 RVPA-34: Efficient and Clean Cooking for households in DRC,"Congo, the Democratic Republic of the",4459,Global Cookstoves Ltd.,Energy Efficiency - Domestic,GS TPDDTEC v3.1,Large Scale,73661
GS10789 GS 10790 RVPA-33: Efficient and Clean Cooking for households in DRC,"Congo, the Democratic Republic of the",4460,Global Cookstoves Ltd.,Energy Efficiency - Domestic,GS TPDDTEC v3.1,Large Scale,73661
"GS7591 VPA 59 Improved Cookstove Distribution in Kayonza, Bugesera and Nyamasheke Districts of Rwanda (GS12616)",Rwanda,4461,CO2balance UK ltd,Energy Efficiency - Domestic,,Small Scale,34844
"GS7591 VPA 60 Improved Cookstove Distribution in Kayonza, Bugesera and Nyamasheke Districts of Rwanda (GS12617)",Rwanda,4462,CO2balance UK ltd,Energy Efficiency - Domestic,,Small Scale,34844
"GS7591 VPA 61 Improved Cookstove Distribution in Kayonza, Bugesera and Nyamasheke Districts of Rwanda (GS12618)",Rwanda,4463,CO2balance UK ltd,Energy Efficiency - Domestic,,Small Scale,34844
"GS11695 GS11696 RVPA-1 Water Purifier Project in Maharashtra, India by Seniority Pvt. Ltd. - VPA-2 ",India,4464,ASVATA CLIMATE SOLUTIONS PRIVATE LIMITED,Energy Efficiency - Domestic,,Small Scale,37853
PoA - Energy-Efficient Development for Africa,Mozambique,4465,Carbonsink (Carbonsink Group S.r.l.),Energy Efficiency - Domestic,,Small Scale,0
"GS12102 VPA-4 Improved cooking experience to reduce charcoal consumption in Tete, Mozambique",Mozambique,4466,Carbonsink (Carbonsink Group S.r.l.),Energy Efficiency - Domestic,GS TPDDTEC V4.0: REDUCED EMISSIONS FROM COOKING AND HEATING – TECHNOLOGIES AND PRACTICES TO DISPLACE DECENTRALIZED THERMAL ENERGY CONSUMPTION,Small Scale,25045
"GS12102 VPA-3 Supply of safe water in rural areas of Tete province, Mozambique",Mozambique,4467,Carbonsink (Carbonsink Group S.r.l.),Energy Efficiency - Domestic,,Small Scale,60000
ATBL Bio-CNG Project In Barsana,India,4468,Kosher Climate India Pvt Ltd.,Energy Efficiency - Transport Sector,AMS-III.AQ. Introduction of Bio-CNG in transportation applications,Small Scale,43861
Climate Action program for community led carbon sequestration,India,4469,Offsetfarm Pte Ltd.,A/R,,Large Scale,80000
Crescendo Safe Water Supply 2,Nigeria,4470,CRESCENDO AFFORESTATION FOUNDATION,Energy Efficiency - Domestic,,Micro Scale,8708
GS7591 VPA 67 Innovation: Africa Solar Water Pumping Projects - Cameroon,Cameroon,4471,CO2balance UK ltd,Energy Efficiency - Domestic,GS Methodology for emission reductions from safe drinking water supply,Small Scale,60000
GS7591 VPA 66 Innovation: Africa Solar Water Pumping Projects - Tanzania,"Tanzania, United Republic of",4472,CO2balance UK ltd,Energy Efficiency - Domestic,,Small Scale,60000
GS7591 VPA 65 Innovation: Africa Solar Water Pumping Projects - South Africa,South Africa,4473,CO2balance UK ltd,Energy Efficiency - Domestic,GS Methodology for emission reductions from safe drinking water supply,Small Scale,60000
GS7591 VPA 64 Innovation: Africa Solar Water Pumping Projects - Zambia,Zambia,4474,CO2balance UK ltd,Energy Efficiency - Domestic,GS Methodology for emission reductions from safe drinking water supply,Small Scale,59998
GS7591 VPA 63 Innovation: Africa Solar Water Pumping Projects - Malawi,Malawi,4475,CO2balance UK ltd,Energy Efficiency - Domestic,GS Methodology for emission reductions from safe drinking water supply,Small Scale,60000
GS7591 VPA 62 Innovation: Africa Solar Water Pumping Projects - Uganda,Uganda,4476,CO2balance UK ltd,Energy Efficiency - Domestic,GS Methodology for emission reductions from safe drinking water supply,Small Scale,60000
OYU - Building Sustainable Ugandan Communities ,Uganda,4477,SHRI MAA MARKETING PRIVATE LIMITED,Energy Efficiency - Domestic,GS TPDDTEC V4.0: REDUCED EMISSIONS FROM COOKING AND HEATING – TECHNOLOGIES AND PRACTICES TO DISPLACE DECENTRALIZED THERMAL ENERGY CONSUMPTION,Large Scale,0
OYU - Building Sustainable Ugandan Communities VPA12,Uganda,4478,SHRI MAA MARKETING PRIVATE LIMITED,Energy Efficiency - Domestic,GS TPDDTEC V4.0: REDUCED EMISSIONS FROM COOKING AND HEATING – TECHNOLOGIES AND PRACTICES TO DISPLACE DECENTRALIZED THERMAL ENERGY CONSUMPTION,Large Scale,315577
OYU - Building Sustainable Ugandan Communities VPA10,Uganda,4479,SHRI MAA MARKETING PRIVATE LIMITED,Energy Efficiency - Domestic,,Large Scale,315577
SMG - Access to Clean Cooking in Himalayas VPA 04,Nepal,4480,SHRI MAA MARKETING PRIVATE LIMITED,Energy Efficiency - Domestic,,Large Scale,125776
Uplifting communities through clean energy in the DRC,"Congo, the Democratic Republic of the",4481,EcoNetix GmbH,Energy Efficiency - Domestic,AMS-I.A. Electricity generation by the user,Small Scale,72879
Uplifting communities through clean energy in the DRC - VPA 2,"Congo, the Democratic Republic of the",4482,EcoNetix GmbH,Energy Efficiency - Domestic,GS TPDDTEC V4.0: REDUCED EMISSIONS FROM COOKING AND HEATING – TECHNOLOGIES AND PRACTICES TO DISPLACE DECENTRALIZED THERMAL ENERGY CONSUMPTION,Large Scale,684840
Uplifting communities through clean energy in the DRC - VPA 1,"Congo, the Democratic Republic of the",4483,EcoNetix GmbH,Energy Efficiency - Domestic,AMS-I.A. Electricity generation by the user,Small Scale,47314
"GS12102 VPA-2 Production and sale of energy-efficient stoves in Inhambane province, Mozambique",Mozambique,4484,Carbonsink (Carbonsink Group S.r.l.),Energy Efficiency - Domestic,,Small Scale,27624
Bulindi Agroforestry and Chimpanzee  Conservation Project,Uganda,4485,DutchGreen Project Management B.V.,A/R,,Large Scale,1366
Clean cooking: Fuel switching to avoid deforestation,"Tanzania, United Republic of",4486,Rashal Energies Limited,Energy Efficiency - Domestic,,Large Scale,0
GS12591 VPA-1 Clean cooking: LPG to avoid deforestation in Mlimba district,"Tanzania, United Republic of",4487,Rashal Energies Limited,Energy Efficiency - Domestic,,Large Scale,34872
GS12443 VPA 11: ECC_Multi-country Electric Clean Cooking Programme in Tanzania,"Tanzania, United Republic of",4488,ECOA Climate Capital,Energy Efficiency - Domestic,,Large Scale,10000
Distribution of improved cookstoves in Benin – Bissap project ,Benin,4489,S2 Clean Cooking,Energy Efficiency - Domestic,,Large Scale,141011
Jibu Rwanda Carbon Credit Program,Rwanda,4490,Carbonsink (Carbonsink Group S.r.l.),Energy Efficiency - Domestic,GS Methodology for emission reductions from safe drinking water supply,Large Scale,70
Community Carbon Efficient Cooking  Programme VPA-27,Mozambique,4491,Community Carbon,Energy Efficiency - Domestic,,Small Scale,37715
Jaguar Solar Farm,Nicaragua,4492,South Pole Ltd SCV,Other,,Large Scale,22785
CPA - KE - 001 Kibera,Kenya,4493,GREEN DEVELOPMENT AS,Energy Efficiency - Domestic,AMS-I.E. Switch from Non-Renewable Biomass for Thermal Applications by the User,Small Scale,38341
CPA-KE-009-Kenya,Kenya,4494,GREEN DEVELOPMENT AS,Energy Efficiency - Domestic,AMS-I.E. Switch from Non-Renewable Biomass for Thermal Applications by the User,Small Scale,103777
CPA-KE-008-Kisumu,Kenya,4495,GREEN DEVELOPMENT AS,Energy Efficiency - Domestic,AMS-I.E. Switch from Non-Renewable Biomass for Thermal Applications by the User,Small Scale,34665
GS 11813 GS11808 RVPA-09 GS Microscale VPA: Integrated Domestic Energy Systems (IDES) for rural communities in India,India,4496,Value Network Ventures Pte. Ltd.,Energy Efficiency - Domestic,"The Gold Standard Simplified Methodology for Clean and Efficient Cookstoves, Version 3.0",Micro Scale,7871
Malawi Improved Cookstove Project,Malawi,4497,CLIMETREK LTD,Energy Efficiency - Domestic,,Large Scale,92980
Climate Action program for community led carbon sequestration VPA 01,India,4498,Offsetfarm Pte Ltd.,A/R,,Large Scale,40000
Building a Sustainable World: Cookstove Distribution Program,India,4499,Infinite Environmental Solutions Limited,Energy Efficiency - Domestic,GS TPDDTEC V4.0: REDUCED EMISSIONS FROM COOKING AND HEATING – TECHNOLOGIES AND PRACTICES TO DISPLACE DECENTRALIZED THERMAL ENERGY CONSUMPTION,Small Scale,36220
Swasth Ghar Improved Cookstove Project ,India,4500,Bajaj Electricals Limited,Energy Efficiency - Domestic,GS TPDDTEC V4.0: REDUCED EMISSIONS FROM COOKING AND HEATING – TECHNOLOGIES AND PRACTICES TO DISPLACE DECENTRALIZED THERMAL ENERGY CONSUMPTION,Small Scale,11000
Improved Cookstoves and Healthy Lives in Nepal - VPA 3,Nepal,4501,ClimatePartner Foundation GmbH,Energy Efficiency - Domestic,"The Gold Standard Simplified Methodology for Clean and Efficient Cookstoves, Version 3.0",Micro scale,9500
CTR Agreste Landfill Gas,Brazil,4502,CGB ALAGOAS ENERGIA LTDA,Biogas - Electricity,ACM0001 Flaring or use of landfill gas,Large Scale,48962
Unnati : distribution of efficient cookstoves and enhancing lives of marginalised communities in rural India,India,4503,Infinite Earth Private Limited,Energy Efficiency - Domestic,GS TPDDTEC V4.0: REDUCED EMISSIONS FROM COOKING AND HEATING – TECHNOLOGIES AND PRACTICES TO DISPLACE DECENTRALIZED THERMAL ENERGY CONSUMPTION,Small Scale,50120
GS11623 GS11627 RVPA-5 CO2 Sequestration at a Swiss Concrete Recycler using the Neustark Technology,Switzerland,4504,Neustark AG,Other,,Micro Scale,500
GS11623 GS11627 RVPA-4 CO2 Sequestration at a Swiss Concrete Recycler using the Neustark Technology,Switzerland,4505,Neustark AG,Other,,Micro Scale,622
GS11623 GS11627 RVPA-3 CO2 Sequestration at a Swiss Concrete Recycler using the Neustark Technology,Switzerland,4506,Deactivated Projects,Other,Not provided,Micro Scale,250
GS11623 GS11627 RVPA-2 CO2 Sequestration at a Swiss Concrete Recycler using the Neustark Technology,Switzerland,4507,Neustark AG,Other,,Micro Scale,376
GS11623 GS11627 RVPA CO2 Sequestration at a Swiss Concrete Recycler using the Neustark Technology,Switzerland,4508,Neustark AG,Other,Not provided,Micro Scale,41
Helios Solar Park,Dominican Republic,4509,ENERION RENEWABLES S.R.L. SEMPLIFICATA,PV,ACM0002 Grid-connected electricity generation from renewable sources,Large Scale,101000
GS12602 PoA Powerstove Multiple Fuel Project,Nigeria,4510,EKI Energy Services Limited,Energy Efficiency - Domestic,,Large Scale,200000
GS12602 VPA-1 Powerstove Multiple Fuel Project,Nigeria,4511,EKI Energy Services Limited,Energy Efficiency - Domestic,,Large Scale,26000
Azerenerji OJSC Hydro Bundle-3,Azerbaijan,4512,SOCAR Trading SA,"Small, Low - Impact Hydro",,Small Scale,8311
Bariq Starlinger 215 PET Recycling Line,Egypt,4513,Bariq for Techno & Advances Infustries,Other,AMS-III.AJ. Recovery and recycling of materials from solid wastes,Small Scale,20618
MACAÚBAS LANDFILL GAS PROJECT,Brazil,4514,VITAL ENGENHARIA AMBIENTAL S/A,Other,,Large Scale,445100
Clean Water : Clean Cooking,Madagascar,4515,SANITAP LTD,Energy Efficiency - Domestic,,Small Scale,0
GS12771 PoA Sustainable Energy Generation through Biodigester System,Bangladesh,4516,ERDA ILLUMINE LOW CARBON SOLUTIONS PRIVATE LIMITED,Biogas - Heat,,Large Scale,0
GS12771 VPA-1 Sustainable Energy Generation through Biodigester systems in India,India,4517,ERDA ILLUMINE LOW CARBON SOLUTIONS PRIVATE LIMITED,Biogas - Heat,,Large Scale,89031
GS12693 VPA-1 Access to clean water in Nepal,Nepal,4520,ERDA ILLUMINE LOW CARBON SOLUTIONS PRIVATE LIMITED,Energy Efficiency - Domestic,,Small Scale,58172
"VPA2: Water and Climate Action, Nepal Schools",Nepal,4521,CARBON IMPACT CAPITAL PTE. LTD.,Energy Efficiency - Domestic,GS Methodology for emission reductions from safe drinking water supply,Small Scale,9852
GS12600 VPA-1 Clean Water: Madagascar,Madagascar,4522,SANITAP LTD,Energy Efficiency - Domestic,,Small Scale,60000
GS12600 VPA-2 Clean Cooking: Madagascar,Madagascar,4523,SANITAP LTD,Energy Efficiency - Domestic,Methodology for Metered & Measured Energy Cooking Devices,Micro Scale,10000
Safe Water Programme – Nigeria - VPA 104,Nigeria,4524,Impact Carbon,Energy Efficiency - Domestic,,Small Scale,60000
Seniority Private Limited Clean Cooking Program for India,India,4525,ASVATA CLIMATE SOLUTIONS PRIVATE LIMITED,Energy Efficiency - Domestic,,Large Scale,0
Nature:re Clean Cooking project,India,4526,ASVATA CLIMATE SOLUTIONS PRIVATE LIMITED,Energy Efficiency - Domestic,,Small Scale,46500
GS11574 GS11718 RVPA-1 CPA-MA-002-Malawi,Malawi,4527,GREEN DEVELOPMENT AS,Energy Efficiency - Domestic,AMS-III.AV. Low greenhouse gas emitting water purification systems,Small Scale,175096
GS11574 GS11718 RVPA-1 CPA-MA-024-Madagascar,Madagascar,4528,GREEN DEVELOPMENT AS,Energy Efficiency - Domestic,AMS-I.E. Switch from Non-Renewable Biomass for Thermal Applications by the User,Small Scale,133930
GS11574 GS11691 RVPA-1 CPA-KE-Kenya Samsung Project,Kenya,4529,GREEN DEVELOPMENT AS,Energy Efficiency - Domestic,AMS-I.E. Switch from Non-Renewable Biomass for Thermal Applications by the User,Small Scale,75432
"Sistema.bio Colombia Carbon Program: Waste management, clean energy and regenerative agriculture on family farms",Colombia,4534,FarmCarbon Management S.à r.l.,Biogas - Heat,,Small Scale,96000
Sistema.bio Mexican Carbon Program: Biodigesters in Mexico 2024-25,Mexico,4535,"SISTEMA.BIO, INC.",Biogas - Heat,Methodology for animal waste management and biogas application,Small Scale,40000
TASC Efficient Cooking in Southeast Asia and Oceana POA,Australia,4537,THE AFRICAN STOVE COMPANY LIMITED,Energy Efficiency - Domestic,GS TPDDTEC V4.0: REDUCED EMISSIONS FROM COOKING AND HEATING – TECHNOLOGIES AND PRACTICES TO DISPLACE DECENTRALIZED THERMAL ENERGY CONSUMPTION,Large Scale,0
"Waste Heat Recovery based power generation by Shree Cement Limited at Ras, Rajasthan, India",India,4538,EKI Energy Services Limited,Energy Efficiency - Industrial,ACM0012 Waste energy recovery,Large Scale,97005
ArboRise Participative Reforestation in  Upper Guinea,Guinea,4540,South Pole Ltd,A/R,,Small Scale,55708
GS12693 VPA-2 Access to Clean Water in Bangladesh,Bangladesh,4541,ERDA ILLUMINE LOW CARBON SOLUTIONS PRIVATE LIMITED,Energy Efficiency - Domestic,GS Methodology for emission reductions from safe drinking water supply,Small Scale,58839
TASC Efficient Cooking – VPA 2 - Philippines,Philippines,4542,THE AFRICAN STOVE COMPANY LIMITED,Energy Efficiency - Domestic,GS TPDDTEC V4.0: REDUCED EMISSIONS FROM COOKING AND HEATING – TECHNOLOGIES AND PRACTICES TO DISPLACE DECENTRALIZED THERMAL ENERGY CONSUMPTION,Large Scale,189382
GS11623 GS11627 RVPA-14 CO2 Sequestration at a Swiss Concrete Recycler using the Neustark Technology,Switzerland,4543,Neustark AG,Other,,Micro Scale,627
GS11623 GS11627 RVPA-10 CO2 Sequestration at a Swiss Concrete Recycler using the Neustark Technology,Switzerland,4544,Neustark AG,Other,,Micro Scale,194
GS11623 GS11627 RVPA-11 CO2 Sequestration at a Swiss Concrete Recycler using the Neustark Technology,Switzerland,4545,Neustark AG,Other,,Micro Scale,345
Planta Solar Fotovoltaica Payita2,Dominican Republic,4547,"LCV ECOENER SOLARES DOMINICANA, S.R.L.",PV,,Large Scale,80081
Water for Life: Empowering Communities with Safe Water in Togo VPA1 ,Togo,4548,Carbon Kind Ltd,Energy Efficiency - Domestic,GS Methodology for emission reductions from safe drinking water supply,Small Scale,0
New Beginnings,South Africa,4549,INITIIS NOVIS (PTY) LTD T/A New Beginnings,A/R,,Large Scale,1549817
New Beginnings Afforestation project ,South Africa,4550,INITIIS NOVIS (PTY) LTD T/A New Beginnings,A/R,,Large Scale,1500000
GS12443 VPA 22: ECC_Multi-country Electric Clean Cooking Programme in Ghana,Ghana,4551,ECOA Climate Capital,Energy Efficiency - Domestic,,Large Scale,128211
GS12443 VPA 51: ECC_Multi-country Electric Clean Cooking Programme in Mozambique,Mozambique,4552,ECOA Climate Capital,Energy Efficiency - Domestic,,Large Scale,124692
GS12443 VPA 41: ECC_Multi-country Electric Clean Cooking Programme in Zambia,Zambia,4554,ECOA Climate Capital,Energy Efficiency - Domestic,,Large Scale,126756
GS12443 GS12492 RVPA-32: ECC_Multi-country Electric Clean Cooking Programme in Uganda,Uganda,4555,ECOA Climate Capital,Energy Efficiency - Domestic,,Large Scale,125489
GS12443 GS12444 RVPA-02: ECC_Multi-country Electric Clean Cooking Programme in Kenya,Kenya,4556,ECOA Climate Capital,Energy Efficiency - Domestic,,Large Scale,123090
GS10789 GS 10790 RVPA-75: Efficient and Clean Cooking for households in Ghana,Ghana,4558,ECOA Climate Capital,Energy Efficiency - Domestic,GS TPDDTEC v3.1,Large Scale,107354
GS7591 VPA 56 Mozambique Improved Cookstove Project,Mozambique,4559,CO2balance UK ltd,Energy Efficiency - Domestic,GS TPDDTEC V4.0: REDUCED EMISSIONS FROM COOKING AND HEATING – TECHNOLOGIES AND PRACTICES TO DISPLACE DECENTRALIZED THERMAL ENERGY CONSUMPTION,Small Scale,115000
"Sistema.bio India Carbon Program: Waste management, clean energy and regenerative agriculture on family farms",India,4560,FarmCarbon Management S.à r.l.,Biogas - Heat,,Large Scale,400000
GS 12647 RVPA-1 Sistema.bio Indian Carbon Program: Biodigesters in India 2024 ,India,4561,"SISTEMA.BIO, INC.",Biogas - Heat,,Large Scale,400000
Yun County Domestic Waste Landfill Site Biogas Pollution Control and Comprehensive Utilization Project,China,4562,"Henan BCCY Environmental Energy Co., Ltd.",Biogas - Electricity,,Small Scale,24715
Wenxi County domestic waste landfill biogas pollution control and comprehensive utilization project,China,4563,"Henan BCCY Environmental Energy Co., Ltd.",Biogas - Electricity,AMS-I.D. Grid connected renewable electricity generation,Small Scale,23628
Community Carbon Efficient Cooking Programme VPA-38,Mozambique,4564,UpEnergy Group,Energy Efficiency - Domestic,GS TPDDTEC v3.1,Small Scale,37715
Community Carbon Efficient Cooking Programme VPA-28,Mozambique,4565,Community Carbon,Energy Efficiency - Domestic,,Small Scale,37715
Community Carbon Efficient Cooking Programme VPA-29,Mozambique,4566,Community Carbon,Energy Efficiency - Domestic,,Small Scale,37715
Community Carbon Efficient Cooking Programme VPA-30,Mozambique,4567,Community Carbon,Energy Efficiency - Domestic,,Small Scale,37715
Community Carbon Efficient Cooking Programme VPA-31,Mozambique,4568,Community Carbon,Energy Efficiency - Domestic,,Small Scale,37715
Community Carbon Efficient Cooking Programme VPA-32,Mozambique,4569,Community Carbon,Energy Efficiency - Domestic,,Small Scale,37715
Community Carbon Efficient Cooking Programme VPA-33,Mozambique,4570,Community Carbon,Energy Efficiency - Domestic,,Small Scale,37715
Community Carbon Efficient Cooking Programme VPA-34,Mozambique,4571,UpEnergy Group,Energy Efficiency - Domestic,GS TPDDTEC v3.1,Small Scale,20000
Community Carbon Efficient Cooking Programme VPA-35,Mozambique,4572,UpEnergy Group,Energy Efficiency - Domestic,GS TPDDTEC v3.1,Small Scale,37715
Community Carbon Efficient Cooking Programme VPA-36,Mozambique,4573,UpEnergy Group,Energy Efficiency - Domestic,GS TPDDTEC v3.1,Micro Scale,20000
Community Carbon Efficient Cooking Programme VPA-37,Mozambique,4574,UpEnergy Group,Energy Efficiency - Domestic,GS TPDDTEC v3.1,Small Scale,37715
Electric Cooking Programme in Kenya by Bidhaa Sasa,Kenya,4575,BIDHAA SASA UK LTD,Energy Efficiency - Domestic,Methodology for Metered & Measured Energy Cooking Devices,Large Scale,117000
European Soil Revitalization programme,Belgium,4576,South Pole Ltd,Other,,Large Scale,0
VPA-1 Soil Revitalization project in France 01,France,4577,South Pole Ltd,Other,,Large Scale,37821
VPA-2 Soil Revitalization project in Belgium 01,Belgium,4578,South Pole Ltd,Other,,Small Scale,6874
OYU - Waste to Wealth in Uganda VPA01,Uganda,4579,SHRI MAA MARKETING PRIVATE LIMITED,Other,ACM0022 Alternative waste treatment processes,Small Scale,43719
OYU Waste to Wealth in Uganda,Uganda,4580,SHRI MAA MARKETING PRIVATE LIMITED,Other,ACM0022 Alternative waste treatment processes,Small Scale,43719
UpEnergy -Social and Climate Impact Programme -Safe Water Drinking Programme- VPA 39,"Tanzania, United Republic of",4581,UpEnergy Group,Energy Efficiency - Domestic,GS Methodology for emission reductions from safe drinking water supply,Small Scale,30000
Clean Cooking Programme by Bidhaa Sasa,"Congo, the Democratic Republic of the",4582,BIDHAA SASA UK LTD,Energy Efficiency - Domestic,Methodology for Metered & Measured Energy Cooking Devices,Large Scale,420000
Sustainable Brick Production in Malawi - VPA 1,Malawi,4583,atmosfair gGmbH,Other,"AMS-III.Z. Fuel Switch = 159, process improvement and energy efficiency in brick manufacture",Micro Scale,1722
GS10789 GS10791 RVPA-25: Efficient and Clean Cooking for households in Kenya ,Kenya,4584,ECOA Climate Capital,Energy Efficiency - Domestic,,Large Scale,37083
"Forest, Trees and Sustainable Livelihoods - VPA 02",India,4585,Society for the Upliftment of Villagers and Development of Himalayan Areas (SUVIDHA),A/R,,Large Scale,23471
Nirmal Improved Cookstove Project,India,4586,ECOACT SAS,Energy Efficiency - Domestic,GS TPDDTEC V4.0: REDUCED EMISSIONS FROM COOKING AND HEATING – TECHNOLOGIES AND PRACTICES TO DISPLACE DECENTRALIZED THERMAL ENERGY CONSUMPTION,Large Scale,30000
Bunno Bedele and Ilu ababora improved cook stove distribution project,Ethiopia,4587,Oromia Coffee Farmers Cooperative Union,Energy Efficiency - Domestic,,Small Scale,48000
Jima improved cook stove distribution project,Ethiopia,4588,Oromia Coffee Farmers Cooperative Union,Energy Efficiency - Domestic,GS TPDDTEC V4.0: REDUCED EMISSIONS FROM COOKING AND HEATING – TECHNOLOGIES AND PRACTICES TO DISPLACE DECENTRALIZED THERMAL ENERGY CONSUMPTION,Small Scale,48000
Unlocking Communities High Efficiency Charcoal Cookstoves and Water Filters,Haiti,4589,Unlocking Communities,Energy Efficiency - Domestic,,Large Scale,50000
Unlocking Communities High Efficiency Charcoal Cookstoves and Water Filters,Haiti,4590,Unlocking Communities,Energy Efficiency - Domestic,,Large Scale,0
Dalate Banner Landfill Biogas Pollution Control and Comprehensive Utilization Project,China,4591,"Henan BCCY Environmental Energy Co., Ltd.",Biogas - Electricity,AMS-I.D. Grid connected renewable electricity generation,Small Scale,23086
VPA 68 Vita Green Impact Programme – Eritrea Safe Water Project,Eritrea,4592,CO2balance UK ltd,Energy Efficiency - Domestic,GS Methodology for emission reductions from safe drinking water supply,Small Scale,60000
Planta Solar Fotovoltaica Cumayasa 4,Dominican Republic,4594,"Renewable Energy World Dominicus (R.E.W.D.), S.R.L.",PV,,Large Scale,89941
Southern Africa Clean Cookstove Initiative (SACCI) PoA: VPA01 in Zimbabwe,Zimbabwe,4595,SACCI1 LTD,Energy Efficiency - Domestic,,Small Scale,212766
Zhuxi County Chengguan Landfill Site Biogas Pollution Control and Comprehensive Utilization Project,China,4598,"Henan BCCY Environmental Energy Co., Ltd.",Biogas - Electricity,AMS-I.D. Grid connected renewable electricity generation,Small Scale,36634
Timor-Leste Improved Cookstove and Community Development Project,Timor-Leste,4599,EcoSecurities Group Limited,Energy Efficiency - Domestic,Other,Small Scale,382500
"Timor-Leste Improved Cookstoves in Dili, Alleu and Liquica",Timor-Leste,4600,EcoSecurities Group Limited,Energy Efficiency - Domestic,GS TPDDTEC V4.0: REDUCED EMISSIONS FROM COOKING AND HEATING – TECHNOLOGIES AND PRACTICES TO DISPLACE DECENTRALIZED THERMAL ENERGY CONSUMPTION,Micro Scale,5345
Crescendo Safe Water Supply 3,Nigeria,4601,CRESCENDO AFFORESTATION FOUNDATION,Energy Efficiency - Domestic,GS Methodology for emission reductions from safe drinking water supply,Micro Scale,10000
Commercial LPG Stoves for Ghana,Ghana,4602,"Envirofit International, Ltd.",Energy Efficiency - Commercial Sector,GS TPDDTEC V4.0: REDUCED EMISSIONS FROM COOKING AND HEATING – TECHNOLOGIES AND PRACTICES TO DISPLACE DECENTRALIZED THERMAL ENERGY CONSUMPTION,Large Scale,70000
Southern Africa Clean Cookstove Initiative (SACCI) PoA,Zimbabwe,4604,SACCI1 LTD,Energy Efficiency - Domestic,,Small Scale,0
Safe drinking water for Kenyan households and institutions (schools),Kenya,4605,Nazava,Energy Efficiency - Domestic,GS Methodology for emission reductions from safe drinking water supply,Large Scale,45771
FAIR CARBON PROGRAMME FOR RICE FARMERS,India,4606,Fair Climate Fund India Private Limited,Other,,Small Scale,30000
Idiofa Lobi,"Congo, the Democratic Republic of the",4607,CO2logic,A/R,,Large Scale,40000
"GS12877 eWATER SERVICES Emission Reduction from Safe Drinking Water Supply and Accreditation of Water Benefit Services – Tanzania, The Gambia, and Kenya",Kenya,4608,eWATERservices Ltd.,Energy Efficiency - Domestic,GS Water Access and WASH Methodology v1.,Large Scale,58547
GS12877 VPA 1- eWATER Emission Reductions from Safe Drinking Water Supply and Accreditation of Water Benefit Certificates - Real case VPA Tanzania,"Tanzania, United Republic of",4609,eWATERservices Ltd.,Energy Efficiency - Domestic,GS Water Access and WASH Methodology v1.,Large Scale,47707
GS12877 VPA 1- eWATER Emission Reductions from Safe Drinking Water Supply and Accreditation of Water Benefit Certificates - Real case VPA The Gambia,Gambia,4610,eWATERservices Ltd.,Energy Efficiency - Domestic,GS Water Access and WASH Methodology v1.,Small Scale,17422
Changing Lives via Improved Cooking – Nigeria 3,Nigeria,4616,"Envirofit International, Ltd.",Energy Efficiency - Domestic,,Small Scale,60000
Changing Lives via Improved Cooking – Kenya 1,Kenya,4617,"Envirofit International, Ltd.",Energy Efficiency - Domestic,,Small Scale,48339
Changing Lives via Improved Cooking – Ghana 1,Ghana,4618,"Envirofit International, Ltd.",Energy Efficiency - Domestic,,Small Scale,52048
Changing Lives via Improved Cooking – Kenya 3,Kenya,4619,"Envirofit International, Ltd.",Energy Efficiency - Domestic,,Small Scale,48339
Changing Lives via Improved Cooking – Nigeria 1,Nigeria,4620,"Envirofit International, Ltd.",Energy Efficiency - Domestic,,Small Scale,60000
Changing Lives via Improved Cooking – Kenya 2,Kenya,4621,"Envirofit International, Ltd.",Energy Efficiency - Domestic,,Small Scale,48339
DISTRIBUTION OF ENERGY EFFICIENT COOKSTOVE IN INDIA-6,India,4622,GRENEITY INFOCOM SERVICE PRIVATE LIMITED,Energy Efficiency - Domestic,GS TPDDTEC V4.0: REDUCED EMISSIONS FROM COOKING AND HEATING – TECHNOLOGIES AND PRACTICES TO DISPLACE DECENTRALIZED THERMAL ENERGY CONSUMPTION,Small Scale,40000
Distribution of energy efficient cookstove in India -5,India,4623,GRENEITY INFOCOM SERVICE PRIVATE LIMITED,Energy Efficiency - Domestic,GS TPDDTEC V4.0: REDUCED EMISSIONS FROM COOKING AND HEATING – TECHNOLOGIES AND PRACTICES TO DISPLACE DECENTRALIZED THERMAL ENERGY CONSUMPTION,Small Scale,40000
Karatau Wind Power Project,Uzbekistan,4624,Monsoon Carbon Pte Ltd,Wind,ACM0002 Grid-connected electricity generation from renewable sources,Large Scale,167400
PoA Pungue Project,Mozambique,4625,Removall,Energy Efficiency - Domestic,GS Methodology for emission reductions from safe drinking water supply,Small Scale,60000
Houma City Domestic Waste Landfill Biogas Comprehensive Utilization to Power Project,China,4626,"Henan BCCY Environmental Energy Co., Ltd.",Biogas - Electricity,AMS-I.D. Grid connected renewable electricity generation,Small Scale,44374
Distributed Generation Solar in Belize Central America,Belize,4627,Renewable Energy Developers SA,PV,ACM0002 Grid-connected electricity generation from renewable sources,Small Scale,0
GS12953 VPA-1 Pungue Project,Mozambique,4628,Removall,Energy Efficiency - Domestic,,Small Scale,60000
Esperanza Wind Plant ,Dominican Republic,4629,ENERION RENEWABLES S.R.L. SEMPLIFICATA,Wind,ACM0002 Grid-connected electricity generation from renewable sources,Large Scale,87900
Improved and Efficient Cookstoves distribution in Uttarakhand,India,4630,Infinite Environmental Solutions Limited,Energy Efficiency - Domestic,GS TPDDTEC V4.0: REDUCED EMISSIONS FROM COOKING AND HEATING – TECHNOLOGIES AND PRACTICES TO DISPLACE DECENTRALIZED THERMAL ENERGY CONSUMPTION,Small Scale,75000
Providing improved cookstoves to prevent deforestation and to enhance livelihoods for Timor-Leste,Timor-Leste,4631,Timor Holdings Ltd.,Energy Efficiency - Domestic,,Large Scale,38775
GS11253 GS11790 Jiko Sawa Improved Cookstove Project,Kenya,4632,Schneider Electric France,Energy Efficiency - Domestic,,Large Scale,57678
OYU - Clean Water for Future Leaders,"Tanzania, United Republic of",4633,SHRI MAA MARKETING PRIVATE LIMITED,Energy Efficiency - Domestic,,Large Scale,98165
Vita Green Impact Programme – Ethiopia Stove Project,Ethiopia,4635,VITA GREEN IMPACT PROGRAMME DESIGNATED ACTIVITY COMPANY,Energy Efficiency - Domestic,,Large Scale,349234
Sustainable agricultural practices for rice cultivation in India,India,4636,Kosher Climate India Pvt Ltd.,Other,,Large Scale,0
GS12456 VPA 01 Sustainable agricultural practices for rice cultivation in India,India,4637,Kosher Climate India Pvt Ltd.,Other,,Small Scale,58634
Oeste de Caucaia Landfill Project Activity,Brazil,4638,GNR FORTALEZA VALORIZACAO DE BIOGAS LTDA,Other,ACM0001 Flaring or use of landfill gas,Large Scale,498097
PoA - EcoLinks Ghana Woodfire and Charcoal ICS Program,Ghana,4639,"EcoLinks Co., Ltd",Energy Efficiency - Domestic,GS TPDDTEC V4.0: REDUCED EMISSIONS FROM COOKING AND HEATING – TECHNOLOGIES AND PRACTICES TO DISPLACE DECENTRALIZED THERMAL ENERGY CONSUMPTION,Large Scale,0
BaumInvest Flor Morado Reforestation Project Punta Hermosa & Moriche Solo,Colombia,4640,BaumInvest AG,A/R,,Large Scale,57612
Taigu District MSW landfill site LFG pollution control and comprehensive utilization project ,China,4641,"Henan BCCY Environmental Energy Co., Ltd.",Biogas - Electricity,AMS-I.D. Grid connected renewable electricity generation,Small Scale,24851
GS11993 VPA4: African Clean Energy for Cooking in Cambodia,Cambodia,4642,African Clean Energy B.V.,Energy Efficiency - Domestic,Methodology for Metered & Measured Energy Cooking Devices,Micro scale,10000
Coal-to-Solar: Phase 1,Mongolia,4643,URECA PTE. LTD.,Other,,Large Scale,201403
Coal-to-Solar: Ulaanbaatar,Mongolia,4644,URECA PTE. LTD.,Energy Efficiency - Domestic,,Large Scale,0
High Impact Cookstoves in Malawi by Ripple Africa  ,Malawi,4645,CONSERVATION CARBON MALAWI PTY LTD,Energy Efficiency - Domestic,GS TPDDTEC V4.0: REDUCED EMISSIONS FROM COOKING AND HEATING – TECHNOLOGIES AND PRACTICES TO DISPLACE DECENTRALIZED THERMAL ENERGY CONSUMPTION,Small Scale,0
Kitui Improved Cookstove Project,Kenya,4646,Nature Kenya—the East Africa Natural History Society (EANHS),Energy Efficiency - Domestic,,Large Scale,102208
"Genesis Biotech – Multi-site Biogas Initiative, Romania",Romania,4647,GENESIS BIOTECH SRL,Biogas - Heat,,Large Scale,188176
GS12891 High Impact Cookstoves in Rural Mali VPA01,Mali,4648,MANSA CARBON PTY LTD,Energy Efficiency - Domestic,,Small Scale,25000
High Impact Cookstoves Empowering Communities in Rural Mali,Mali,4649,MANSA CARBON PTY LTD,Energy Efficiency - Domestic,,Small Scale,25000
GS12483 VPA-1 Water Does Matter in Zambia by Global Empowers,Zambia,4650,Infinite Environmental Solutions Limited,Energy Efficiency - Domestic,GS Methodology for emission reductions from safe drinking water supply,Small Scale,55384
OYU - Building Sustainable Kenyan Communities VPA01,Kenya,4651,SHRI MAA MARKETING PRIVATE LIMITED,Energy Efficiency - Domestic,GS TPDDTEC V4.0: REDUCED EMISSIONS FROM COOKING AND HEATING – TECHNOLOGIES AND PRACTICES TO DISPLACE DECENTRALIZED THERMAL ENERGY CONSUMPTION,Large Scale,306528
OYU - Building Sustainable Kenyan Communities,Kenya,4652,SHRI MAA MARKETING PRIVATE LIMITED,Energy Efficiency - Domestic,GS TPDDTEC V4.0: REDUCED EMISSIONS FROM COOKING AND HEATING – TECHNOLOGIES AND PRACTICES TO DISPLACE DECENTRALIZED THERMAL ENERGY CONSUMPTION,Large Scale,306528
Water Does Matter ,Zambia,4653,Infinite Environmental Solutions Limited,Energy Efficiency - Domestic,GS Methodology for emission reductions from safe drinking water supply,Small Scale,55384
Clean Water and Beyond in Africa PoA,Uganda,4654,NET ZERO DANIŞMANLIK ANONİM ŞİRKETİ,Energy Efficiency - Domestic,GS Methodology for emission reductions from safe drinking water supply,Small Scale,60000
GS12964 VPA-1 Clean Water and Beyond in Africa PoA- Uganda,Uganda,4655,NET ZERO DANIŞMANLIK ANONİM ŞİRKETİ,Energy Efficiency - Domestic,GS Methodology for emission reductions from safe drinking water supply,Small Scale,60000
GS12964 VPA-2 Clean Water and Beyond in Africa PoA- Nigeria,Nigeria,4656,NET ZERO DANIŞMANLIK ANONİM ŞİRKETİ,Energy Efficiency - Domestic,GS Methodology for emission reductions from safe drinking water supply,Small Scale,60000
clean energy solutions in rural India,India,4657,GRENEITY INFOCOM SERVICE PRIVATE LIMITED,Biogas - Heat,AMS-I.E. Switch from Non-Renewable Biomass for Thermal Applications by the User,Small Scale,30000
OYU - Building Sustainable Nigerian Communities,Nigeria,4658,SHRI MAA MARKETING PRIVATE LIMITED,Energy Efficiency - Domestic,,Large Scale,242473
GS12943 VPA-1 OYU - Building Sustainable Nigerian Communities VPA01,Nigeria,4659,SHRI MAA MARKETING PRIVATE LIMITED,Energy Efficiency - Domestic,,Large Scale,241450
GS12600 VPA-3 Improved Cooking: Madagascar,Madagascar,4660,SANITAP LTD,Energy Efficiency - Domestic,,Small Scale,60000
Promotion of Access to Improved Cookstoves in Uíge Province,Angola,4661,Eni S.p.A.,Energy Efficiency - Domestic,GS TPDDTEC v3.1,Large Scale,165415
Empowering Rural India: Clean and sustainable Cooking with Indoor Solar Cook Stove by EKI,India,4662,EKI Energy Services Limited,Energy Efficiency - Domestic,,Micro Scale,0
"Diverting Sargassum and Biodegradable Organic Matter from Landfills in Quintana Roo, Mexico",Mexico,4663,GROGENICS SARL,Other,ACM0022 Alternative waste treatment processes,Micro scale,9597
Clean Cooking for Communities in Kigoma,"Tanzania, United Republic of",4664,OFFGRIDSUN S.R.L.,Energy Efficiency - Domestic,,Small Scale,13327
Dostyk  Wind Farm,Kazakhstan,4665,"Juno Carbon Investment & Environmental Technology (Beijing) Co., Ltd.",Wind,ACM0002 Grid-connected electricity generation from renewable sources,Large Scale,169265
Jasil Jel Energy 15MW Wind Project,Kazakhstan,4666,"Juno Carbon Investment & Environmental Technology (Beijing) Co., Ltd.",Wind,AMS-I.D. Grid connected renewable electricity generation,Small Scale,39786
GS12804 VPA-1 Empowering Rural India: Clean and sustainable Cooking with Indoor Solar Cook Stove by EKI,India,4667,EKI Energy Services Limited,Energy Efficiency - Domestic,,Micro Scale,5000
Core Carbon Sustainable Rice Initiative Telangana,India,4668,Core CarbonX Solutions Private Limited,Other,,Small Scale,0
Core Carbon Sustainable Rice Initiative Telangana 001,India,4669,Core CarbonX Solutions Private Limited,Other,,Small Scale,49268
GS12542 VPA-002 Core Carbon Sustainable Rice Initiative Telangana,India,4670,Core CarbonX Solutions Private Limited,Other,,Large Scale,126637
GS12542 VPA-003 Core Carbon Sustainable Rice Initiative Telangana,India,4671,Core CarbonX Solutions Private Limited,Other,,Large Scale,95785
GS12542 VPA-004 Core Carbon Sustainable Rice Initiative Telangana,India,4672,Core CarbonX Solutions Private Limited,Other,,Large Scale,46437
GS12542 VPA-005 Core Carbon Sustainable Rice Initiative Telangana,India,4673,Core CarbonX Solutions Private Limited,Other,,Large Scale,42154
GS12542 VPA-006 Core Carbon Sustainable Rice Initiative Telangana,India,4674,Core CarbonX Solutions Private Limited,Other,,Large Scale,30170
Uganda WASH Initiative: Building Healthy Communities,Uganda,4675,EK ENTERPRISE MANAGEMENT LIMITED,Energy Efficiency - Domestic,GS Methodology for emission reductions from safe drinking water supply,Micro scale,60000
Uganda WASH Initiative: Building Healthy Communities - Water Boreholes -VPA 1,Uganda,4676,EK ENTERPRISE MANAGEMENT LIMITED,Energy Efficiency - Domestic,GS Methodology for emission reductions from safe drinking water supply,Micro scale,60000
Making Carbon Count - Improved Cooking in Uganda,Uganda,4677,PRO-SPHERA UK FINANCE LTD,Energy Efficiency - Domestic,,Large Scale,60000
GS11935 GS11934 RVPA-02 Promoting sustainable use of biomass energy resources in targeted communities,Nepal,4678,Value Network Ventures Pte. Ltd.,Energy Efficiency - Domestic,,Micro Scale,9466
GS11935 GS11934 RVPA-03 Promoting sustainable use of biomass energy resources in targeted communities,Nepal,4679,Value Network Ventures Pte. Ltd.,Energy Efficiency - Domestic,,Micro Scale,9466
GS11935 GS11934 RVPA-04 Promoting sustainable use of biomass energy resources in targeted communities,Nepal,4680,Value Network Ventures Pte. Ltd.,Energy Efficiency - Domestic,,Micro Scale,9466
GS11935 GS11934 RVPA-05 Promoting sustainable use of biomass energy resources in targeted communities,Nepal,4681,Value Network Ventures Pte. Ltd.,Energy Efficiency - Domestic,,Micro Scale,9466
GS11935 GS11934 RVPA-06 Promoting sustainable use of biomass energy resources in targeted communities,Nepal,4682,Value Network Ventures Pte. Ltd.,Energy Efficiency - Domestic,,Micro Scale,9466
GS11935 GS11934 RVPA-07 Promoting sustainable use of biomass energy resources in targeted communities,Nepal,4683,Value Network Ventures Pte. Ltd.,Energy Efficiency - Domestic,,Micro Scale,9466
GS11935 GS11934 RVPA-08 Promoting sustainable use of biomass energy resources in targeted communities,Nepal,4684,Value Network Ventures Pte. Ltd.,Energy Efficiency - Domestic,,Micro Scale,9466
GS11935 GS11934 RVPA-09 Promoting sustainable use of biomass energy resources in targeted communities,Nepal,4685,Value Network Ventures Pte. Ltd.,Energy Efficiency - Domestic,,Micro Scale,9613
GS11935 GS11934 RVPA-10 Promoting sustainable use of biomass energy resources in targeted communities,Nepal,4686,Value Network Ventures Pte. Ltd.,Energy Efficiency - Domestic,GS MS Simplified Methodology for Efficient Cookstoves v1.1,Micro Scale,9406
GS11935 GS11934 RVPA-11 Promoting sustainable use of biomass energy resources in targeted communities,Nepal,4687,Value Network Ventures Pte. Ltd.,Energy Efficiency - Domestic,GS MS Simplified Methodology for Efficient Cookstoves v1.1,Micro Scale,9466
GS11935 GS11934 RVPA-13 Promoting sustainable use of biomass energy resources in targeted communities,Nepal,4689,Value Network Ventures Pte. Ltd.,Energy Efficiency - Domestic,GS MS Simplified Methodology for Efficient Cookstoves v1.1,Micro Scale,9571
GS11935 GS11934 RVPA-14 Promoting sustainable use of biomass energy resources in targeted communities,Nepal,4690,Value Network Ventures Pte. Ltd.,Energy Efficiency - Domestic,GS MS Simplified Methodology for Efficient Cookstoves v1.1,Micro Scale,9466
GS11935 GS11934 RVPA-15 Promoting sustainable use of biomass energy resources in targeted communities,Nepal,4691,Value Network Ventures Pte. Ltd.,Energy Efficiency - Domestic,GS MS Simplified Methodology for Efficient Cookstoves v1.1,Micro Scale,9466
GS11935 GS11934 RVPA-16 Promoting sustainable use of biomass energy resources in targeted communities,Nepal,4692,Value Network Ventures Pte. Ltd.,Energy Efficiency - Domestic,GS MS Simplified Methodology for Efficient Cookstoves v1.1,Micro Scale,9461
GS11935 GS11934 RVPA-17 Promoting sustainable use of biomass energy resources in targeted communities,Nepal,4693,Value Network Ventures Pte. Ltd.,Energy Efficiency - Domestic,GS MS Simplified Methodology for Efficient Cookstoves v1.1,Micro Scale,9601
GS11935 GS11934 RVPA-18 Promoting sustainable use of biomass energy resources in targeted communities,Nepal,4694,Value Network Ventures Pte. Ltd.,Energy Efficiency - Domestic,GS MS Simplified Methodology for Efficient Cookstoves v1.1,Micro Scale,9466
GS11935 GS11934 RVPA-19 Promoting sustainable use of biomass energy resources in targeted communities,Nepal,4695,Value Network Ventures Pte. Ltd.,Energy Efficiency - Domestic,GS MS Simplified Methodology for Efficient Cookstoves v1.1,Micro Scale,9466
GS11935 GS11934 RVPA-20 Promoting sustainable use of biomass energy resources in targeted communities,Nepal,4696,Value Network Ventures Pte. Ltd.,Energy Efficiency - Domestic,GS MS Simplified Methodology for Efficient Cookstoves v1.1,Micro Scale,8752
GS11935 GS11934 RVPA-21 Promoting sustainable use of biomass energy resources in targeted communities,Nepal,4697,Value Network Ventures Pte. Ltd.,Energy Efficiency - Domestic,GS MS Simplified Methodology for Efficient Cookstoves v1.1,Micro Scale,9265
GS11935 GS11934 RVPA-22 Promoting sustainable use of biomass energy resources in targeted communities,Nepal,4698,Value Network Ventures Pte. Ltd.,Energy Efficiency - Domestic,GS MS Simplified Methodology for Efficient Cookstoves v1.1,Micro Scale,9466
GS11935 GS11934 RVPA-23 Promoting sustainable use of biomass energy resources in targeted communities,Nepal,4699,Value Network Ventures Pte. Ltd.,Energy Efficiency - Domestic,GS MS Simplified Methodology for Efficient Cookstoves v1.1,Micro Scale,9466
GS11935 GS11934 RVPA-24 Promoting sustainable use of biomass energy resources in targeted communities,Nepal,4700,Value Network Ventures Pte. Ltd.,Energy Efficiency - Domestic,GS MS Simplified Methodology for Efficient Cookstoves v1.1,Micro Scale,9424
GS11935 GS11934 RVPA-25 Promoting sustainable use of biomass energy resources in targeted communities,Nepal,4701,Value Network Ventures Pte. Ltd.,Energy Efficiency - Domestic,GS MS Simplified Methodology for Efficient Cookstoves v1.1,Micro Scale,9466
GS11935 GS11934 RVPA-27 Promoting sustainable use of biomass energy resources in targeted communities,Nepal,4703,Value Network Ventures Pte. Ltd.,Energy Efficiency - Domestic,GS MS Simplified Methodology for Efficient Cookstoves v1.1,Micro Scale,9461
GS11935 GS11934 RVPA-28 Promoting sustainable use of biomass energy resources in targeted communities,Nepal,4704,Value Network Ventures Pte. Ltd.,Energy Efficiency - Domestic,GS MS Simplified Methodology for Efficient Cookstoves v1.1,Micro Scale,9466
GS11935 GS11934 RVPA-29 Promoting sustainable use of biomass energy resources in targeted communities,Nepal,4705,Value Network Ventures Pte. Ltd.,Energy Efficiency - Domestic,GS MS Simplified Methodology for Efficient Cookstoves v1.1,Micro Scale,9466
GS11935 GS11934 RVPA-30 Promoting sustainable use of biomass energy resources in targeted communities,Nepal,4706,Value Network Ventures Pte. Ltd.,Energy Efficiency - Domestic,GS MS Simplified Methodology for Efficient Cookstoves v1.1,Micro Scale,9466
GS11935 GS11934 RVPA-32 Promoting sustainable use of biomass energy resources in targeted communities,Nepal,4708,Value Network Ventures Pte. Ltd.,Energy Efficiency - Domestic,GS MS Simplified Methodology for Efficient Cookstoves v1.1,Micro Scale,9466
GS11935 GS11934 RVPA-33 Promoting sustainable use of biomass energy resources in targeted communities,Nepal,4709,Value Network Ventures Pte. Ltd.,Energy Efficiency - Domestic,GS MS Simplified Methodology for Efficient Cookstoves v1.1,Micro Scale,9637
GS11935 GS11934 RVPA-34 Promoting sustainable use of biomass energy resources in targeted communities,Nepal,4710,Value Network Ventures Pte. Ltd.,Energy Efficiency - Domestic,GS MS Simplified Methodology for Efficient Cookstoves v1.1,Micro Scale,9277
GS11935 GS11934 RVPA-35 Promoting sustainable use of biomass energy resources in targeted communities,Nepal,4711,Value Network Ventures Pte. Ltd.,Energy Efficiency - Domestic,GS MS Simplified Methodology for Efficient Cookstoves v1.1,Micro Scale,9429
GS11935 GS11934 RVPA-36 Promoting sustainable use of biomass energy resources in targeted communities,Nepal,4712,Value Network Ventures Pte. Ltd.,Energy Efficiency - Domestic,GS MS Simplified Methodology for Efficient Cookstoves v1.1,Micro Scale,9778
GS11935 GS11934 RVPA-37 Promoting sustainable use of biomass energy resources in targeted communities,Nepal,4713,Value Network Ventures Pte. Ltd.,Energy Efficiency - Domestic,GS MS Simplified Methodology for Efficient Cookstoves v1.1,Micro Scale,9466
GS11935 GS11934 RVPA-38 Promoting sustainable use of biomass energy resources in targeted communities,Nepal,4714,Value Network Ventures Pte. Ltd.,Energy Efficiency - Domestic,GS MS Simplified Methodology for Efficient Cookstoves v1.1,Micro Scale,9466
GS11935 GS11934 RVPA-39 Promoting sustainable use of biomass energy resources in targeted communities,Nepal,4715,Value Network Ventures Pte. Ltd.,Energy Efficiency - Domestic,GS MS Simplified Methodology for Efficient Cookstoves v1.1,Micro Scale,9155
GS11935 GS11934 RVPA-40 Promoting sustainable use of biomass energy resources in targeted communities,Nepal,4716,Value Network Ventures Pte. Ltd.,Energy Efficiency - Domestic,GS MS Simplified Methodology for Efficient Cookstoves v1.1,Micro Scale,9466
GS11935 GS11934 RVPA-41 Promoting sustainable use of biomass energy resources in targeted communities,Nepal,4717,Value Network Ventures Pte. Ltd.,Energy Efficiency - Domestic,GS MS Simplified Methodology for Efficient Cookstoves v1.1,Micro Scale,9454
GS11935 GS11934 RVPA-42 Promoting sustainable use of biomass energy resources in targeted communities,Nepal,4718,Value Network Ventures Pte. Ltd.,Energy Efficiency - Domestic,GS MS Simplified Methodology for Efficient Cookstoves v1.1,Micro Scale,9466
GS11935 GS11934 RVPA-43 Promoting sustainable use of biomass energy resources in targeted communities,Nepal,4719,Value Network Ventures Pte. Ltd.,Energy Efficiency - Domestic,GS MS Simplified Methodology for Efficient Cookstoves v1.1,Micro Scale,9466
GS11935 GS11934 RVPA-44 Promoting sustainable use of biomass energy resources in targeted communities,Nepal,4720,Value Network Ventures Pte. Ltd.,Energy Efficiency - Domestic,GS MS Simplified Methodology for Efficient Cookstoves v1.1,Micro Scale,9466
GS11935 GS11934 RVPA-45 Promoting sustainable use of biomass energy resources in targeted communities,Nepal,4721,Value Network Ventures Pte. Ltd.,Energy Efficiency - Domestic,GS MS Simplified Methodology for Efficient Cookstoves v1.1,Micro Scale,9466
GS11935 GS11934 RVPA-46 Promoting sustainable use of biomass energy resources in targeted communities,Nepal,4722,Value Network Ventures Pte. Ltd.,Energy Efficiency - Domestic,GS MS Simplified Methodology for Efficient Cookstoves v1.1,Micro Scale,9466
GS11935 GS11934 RVPA-47 Promoting sustainable use of biomass energy resources in targeted communities,Nepal,4723,Value Network Ventures Pte. Ltd.,Energy Efficiency - Domestic,GS MS Simplified Methodology for Efficient Cookstoves v1.1,Micro Scale,9466
GS11935 GS11934 RVPA-48 Promoting sustainable use of biomass energy resources in targeted communities,Nepal,4724,Value Network Ventures Pte. Ltd.,Energy Efficiency - Domestic,GS MS Simplified Methodology for Efficient Cookstoves v1.1,Micro Scale,9466
GS11935 GS11934 RVPA-49 Promoting sustainable use of biomass energy resources in targeted communities,Nepal,4725,Value Network Ventures Pte. Ltd.,Energy Efficiency - Domestic,GS MS Simplified Methodology for Efficient Cookstoves v1.1,Micro Scale,9466
GS11935 GS11934 RVPA-50 Promoting sustainable use of biomass energy resources in targeted communities,Nepal,4726,Value Network Ventures Pte. Ltd.,Energy Efficiency - Domestic,GS MS Simplified Methodology for Efficient Cookstoves v1.1,Micro Scale,9674
GS11935 GS11934 RVPA-51 Promoting sustainable use of biomass energy resources in targeted communities,Nepal,4727,Value Network Ventures Pte. Ltd.,Energy Efficiency - Domestic,GS MS Simplified Methodology for Efficient Cookstoves v1.1,Micro Scale,9466
GS11935 GS11934 RVPA-52 Promoting sustainable use of biomass energy resources in targeted communities,Nepal,4728,Value Network Ventures Pte. Ltd.,Energy Efficiency - Domestic,GS MS Simplified Methodology for Efficient Cookstoves v1.1,Micro Scale,9466
GS11935 GS11934 RVPA-53 Promoting sustainable use of biomass energy resources in targeted communities,Nepal,4729,Value Network Ventures Pte. Ltd.,Energy Efficiency - Domestic,GS MS Simplified Methodology for Efficient Cookstoves v1.1,Micro Scale,9741
GS11935 GS11934 RVPA-54 Promoting sustainable use of biomass energy resources in targeted communities,Nepal,4730,Value Network Ventures Pte. Ltd.,Energy Efficiency - Domestic,GS MS Simplified Methodology for Efficient Cookstoves v1.1,Micro Scale,9466
GS11935 GS11934 RVPA-55 Promoting sustainable use of biomass energy resources in targeted communities,Nepal,4731,Value Network Ventures Pte. Ltd.,Energy Efficiency - Domestic,GS MS Simplified Methodology for Efficient Cookstoves v1.1,Micro Scale,9466
GS11935 GS11934 RVPA-56 Promoting sustainable use of biomass energy resources in targeted communities,Nepal,4732,Value Network Ventures Pte. Ltd.,Energy Efficiency - Domestic,GS MS Simplified Methodology for Efficient Cookstoves v1.1,Micro Scale,9466
GS11935 GS11934 RVPA-57 Promoting sustainable use of biomass energy resources in targeted communities,Nepal,4733,Value Network Ventures Pte. Ltd.,Energy Efficiency - Domestic,GS MS Simplified Methodology for Efficient Cookstoves v1.1,Micro Scale,9228
GS11935 GS11934 RVPA-58 Promoting sustainable use of biomass energy resources in targeted communities,Nepal,4734,Value Network Ventures Pte. Ltd.,Energy Efficiency - Domestic,GS MS Simplified Methodology for Efficient Cookstoves v1.1,Micro Scale,9625
GS11935 GS11934 RVPA-59 Promoting sustainable use of biomass energy resources in targeted communities,Nepal,4735,Value Network Ventures Pte. Ltd.,Energy Efficiency - Domestic,GS MS Simplified Methodology for Efficient Cookstoves v1.1,Micro Scale,9466
Electric Cooking Program in Nepal by  ATEC ,Nepal,4736,ATEC Australia-International Pty Ltd,Energy Efficiency - Domestic,,Large Scale,100000
Renacer Solar Plant,Dominican Republic,4737,ENERION RENEWABLES S.R.L. SEMPLIFICATA,PV,ACM0002 Grid-connected electricity generation from renewable sources,Large Scale,77700
OYU – Fuelling a Brighter Future in Tanzania,"Tanzania, United Republic of",4738,SHRI MAA MARKETING PRIVATE LIMITED,Energy Efficiency - Domestic,,Large Scale,85370
PoA EcoLinks Clean Cooking and Safe Water Programme in Rwanda,Rwanda,4739,"EcoLinks Co., Ltd",Energy Efficiency - Domestic,GS Methodology for emission reductions from safe drinking water supply,Large Scale,0
GS13116 VPA-1 Ecolinks Clean Cooking Project in Rwanda,Rwanda,4740,"EcoLinks Co., Ltd",Energy Efficiency - Domestic,GS TPDDTEC V4.0: REDUCED EMISSIONS FROM COOKING AND HEATING – TECHNOLOGIES AND PRACTICES TO DISPLACE DECENTRALIZED THERMAL ENERGY CONSUMPTION,Large Scale,293925
GS13116 VPA-2 Ecolinks Safe Water Project in Rwanda,Rwanda,4741,"EcoLinks Co., Ltd",Energy Efficiency - Domestic,GS Methodology for emission reductions from safe drinking water supply,Small Scale,60000
OYU – Fuelling a Brighter Future in Tanzania VPA01,"Tanzania, United Republic of",4742,SHRI MAA MARKETING PRIVATE LIMITED,Energy Efficiency - Domestic,,Large Scale,85370
iRise Affordable Housing and Agriculture Limited,Malawi,4743,iRise Affordable Housing and Agriculture Limited,Energy Efficiency - Domestic,GS TPDDTEC V4.0: REDUCED EMISSIONS FROM COOKING AND HEATING – TECHNOLOGIES AND PRACTICES TO DISPLACE DECENTRALIZED THERMAL ENERGY CONSUMPTION,Small Scale,68320
Composting Facilities for Organic Waste in Tanzania – VPA1,"Tanzania, United Republic of",4744,atmosfair gGmbH,Other,,Small Scale,18489
Aden 120 MW Solar (PV) Power Project in Yemen,Yemen,4745,Neo Climate Solutions Private Limited,PV,ACM0002 Grid-connected electricity generation from renewable sources,Large Scale,0
Horn of Africa energy efficient technology distribution program of activity,Kenya,4746,Addis Ababa University - Horn of Africa Regional Environmental Center and Network (AAU-HoAREC&N),Other,,Small Scale,0
Composting Facilities for Organic Waste in East Africa,"Tanzania, United Republic of",4747,atmosfair gGmbH,Other,,Small Scale,0
Safe Water Programme in East and Southeast Africa,Kenya,4748,Water Mission Verified Impact,Energy Efficiency - Domestic,GS Methodology for emission reductions from safe drinking water supply,Small Scale,0
Safe Water Programme in East Africa - Kenya,Kenya,4749,Water Mission Verified Impact,Energy Efficiency - Domestic,GS Methodology for emission reductions from safe drinking water supply,Small Scale,59030
Safe Water Programme in Southeast Africa - Malawi,Malawi,4750,Water Mission Verified Impact,Energy Efficiency - Domestic,GS Methodology for emission reductions from safe drinking water supply,Small Scale,59751
Effluent Treatment Recycling and Energy Generation (ETREG) Plant Dwangwa,Malawi,4751,Ethanol Company Limited,Other,ACM0014 Treatment of wastewater,Large Scale,173436
Sorriso Sanorte Landfill Gas,Brazil,4752,SANORTE SANEAMENTO AMBIENTAL LTDA,Biogas - Electricity,ACM0001 Flaring or use of landfill gas,Large Scale,32064
UpEnergy-Social and Climate Impact Programme- Cooking Devices VPA-40,Malawi,4753,UpEnergy Group,Energy Efficiency - Domestic,GS TPDDTEC v3.1,Small Scale,39034
UpEnergy-Social and Climate Impact Programme- Cooking Devices VPA-41,Malawi,4754,UpEnergy Group,Energy Efficiency - Domestic,GS TPDDTEC v3.1,Small Scale,40000
UpEnergy-Social and Climate Impact Programme- Cooking Devices VPA-42,Malawi,4755,UpEnergy Group,Energy Efficiency - Domestic,GS TPDDTEC v3.1,Small Scale,40000
UpEnergy-Social and Climate Impact Programme- Cooking Devices VPA-43,Malawi,4756,UpEnergy Group,Energy Efficiency - Domestic,GS TPDDTEC v3.1,Small Scale,40000
UpEnergy-Social and Climate Impact Programme- Cooking Devices VPA-44,Malawi,4757,UpEnergy Group,Energy Efficiency - Domestic,GS TPDDTEC v3.1,Small Scale,40000
UpEnergy-Social and Climate Impact Programme- Cooking Devices VPA-45,Malawi,4758,UpEnergy Group,Energy Efficiency - Domestic,GS TPDDTEC v3.1,Small Scale,40000
Supplying Safe Drinking Water to Communities in Odisha,India,4759,Value Network Ventures Pte. Ltd.,Energy Efficiency - Domestic,GS Methodology for emission reductions from safe drinking water supply,Small Scale,9193
Satara New Beginning,India,4760,HOMEBIOGAS LTD,Biogas - Heat,,Large Scale,22000
SMG Clean Cooking Program VPA02,India,4761,SHRI MAA MARKETING PRIVATE LIMITED,Energy Efficiency - Domestic,GS TPDDTEC V4.0: REDUCED EMISSIONS FROM COOKING AND HEATING – TECHNOLOGIES AND PRACTICES TO DISPLACE DECENTRALIZED THERMAL ENERGY CONSUMPTION,Large Scale,288246
LifeStraw Give Back Program,Kenya,4762,SweetSense Inc.,Energy Efficiency - Domestic,GS Methodology for emission reductions from safe drinking water supply,Small Scale,60000
GS13044 VPA-1 Kenya LifeStraw Give Back Program,Kenya,4763,SweetSense Inc.,Energy Efficiency - Domestic,,Small Scale,60000
HomeBiogas project in Rwanda ,Rwanda,4764,HOMEBIOGAS LTD,Biogas - Heat,Methodology for animal waste management and biogas application,Large Scale,0
GS13147 HomeBiogas project in Rwanda-VPA1,Rwanda,4765,HOMEBIOGAS LTD,Biogas - Heat,Methodology for animal waste management and biogas application,Large Scale,617205
OYU - Green Flames of Progress in Malawi,Malawi,4766,SHRI MAA MARKETING PRIVATE LIMITED,Energy Efficiency - Domestic,GS TPDDTEC V4.0: REDUCED EMISSIONS FROM COOKING AND HEATING – TECHNOLOGIES AND PRACTICES TO DISPLACE DECENTRALIZED THERMAL ENERGY CONSUMPTION,Large Scale,85335
OYU - Green Flames of Progress in Malawi VPA01,Malawi,4767,SHRI MAA MARKETING PRIVATE LIMITED,Energy Efficiency - Domestic,GS TPDDTEC V4.0: REDUCED EMISSIONS FROM COOKING AND HEATING – TECHNOLOGIES AND PRACTICES TO DISPLACE DECENTRALIZED THERMAL ENERGY CONSUMPTION,Large Scale,85335
"Improved Cookstove Distribution Initiative in Gadchiroli, Maharashtra",India,4768,Clean Max Enviro Energy Solutions Ltd,Energy Efficiency - Domestic,,Large Scale,50000
National Company for Maize Products (NCMP) - Combined Heat & Power Project ,Egypt,4769,Intro Utilities for Power Generation,Energy Efficiency - Industrial,ACM0026 Fossil fuel based cogeneration for identified recipient facility(ies),Large Scale,41649
Renewable Energy and Biofertilizers from Waste in Colombia,Colombia,4771,atmosfair gGmbH,"Biomass, or Liquid Biofuel - Cogeneration",,Small Scale,12000
GS7591 VPA 73 Vita Green Impact Programme Ethiopia Safe  Water Project,Ethiopia,4772,CO2balance UK ltd,Energy Efficiency - Domestic,,Small Scale,60000
"GS11695 VPA-2 Water Purifier Project in Maharashtra, India by Kent - VPA-3",India,4773,KENT RO SYSTEMS LIMITED LTD,Energy Efficiency - Domestic,,Small Scale,60000
Tati Solar Project,Botswana,4774,Etavi Renewables Limited,PV,,Large Scale,350000
Changing Lives Via Improved Cooking - Bharat,India,4775,Climate Secure India Pvt. Ltd,Energy Efficiency - Domestic,GS TPDDTEC V4.0: REDUCED EMISSIONS FROM COOKING AND HEATING – TECHNOLOGIES AND PRACTICES TO DISPLACE DECENTRALIZED THERMAL ENERGY CONSUMPTION,Large Scale,60000
GS13134 VPA-1 Changing Lives by Improved Cooking - Bharat,India,4776,Climate Secure India Pvt. Ltd,Energy Efficiency - Domestic,GS TPDDTEC V4.0: REDUCED EMISSIONS FROM COOKING AND HEATING – TECHNOLOGIES AND PRACTICES TO DISPLACE DECENTRALIZED THERMAL ENERGY CONSUMPTION,Large Scale,250000
Changing Lives by Improved Cooking in Sri Lanka,Sri Lanka,4777,Nilcarbon Cookstoves SL Limited,Energy Efficiency - Domestic,,Large Scale,1136723
"Biomass based cogeneration project by Olam Agri in Rajgoli, Maharashtra",India,4778,Kosher Climate India Pvt Ltd.,Other,AMS-I.C. Thermal energy production with or without electricity,Small Scale,53266
GS12600 VPA-4 Clean Water: Madagascar,Madagascar,4779,SANITAP LTD,Energy Efficiency - Domestic,,Small Scale,60000
Equatoria Clean Cooking Programme in Northern Uganda,Uganda,4780,Equatoria Clean Cooking Ltd,Energy Efficiency - Domestic,,Large Scale,128235
Improved cooking solutions for West Nile households in Uganda,Uganda,4781,Equatoria Clean Cooking Ltd,Energy Efficiency - Domestic,,Large Scale,128235
Uganda Cook Bright Initiative,Uganda,4782,Impact Carbon,Energy Efficiency - Domestic,,Large Scale,300000
GS23149 Uganda Cook Bright  Initiative - VPA01,Uganda,4783,Impact Carbon,Energy Efficiency - Domestic,,Large Scale,300000
GS23155 VPA-1 Changing  Lives by Improved Cooking in  Bangladesh ,Bangladesh,4784,Climate Secure India Pvt. Ltd,Energy Efficiency - Domestic,,Large Scale,60000
GS23156 VPA-1 Improved Rice Cultivation in Bangladesh,Bangladesh,4785,Climate Secure India Pvt. Ltd,Other,Methane Emission Reduction By Adjusted Water Management Practice In Rice Cultivation,Small Scale,60000
GS23157 VPA-1 Social Forestry Initiative in Bangladesh ,Bangladesh,4786,Climate Secure India Pvt. Ltd,A/R,,Large Scale,1000000
GS12345 GS12354 RVPA-1 Safe Water Supply Turkana County  ,Kenya,4789,First Climate Markets AG,Energy Efficiency - Domestic,GS Methodology for emission reductions from safe drinking water supply,Small Scale,60000
GS12345 GS12354 RVPA-4 Safe Water Supply Kilifi County  ,Kenya,4792,First Climate Markets AG,Energy Efficiency - Domestic,GS Methodology for emission reductions from safe drinking water supply,Small Scale,60000
GS12345 GS12354 RVPA-5 Safe Water Supply Kilifi County,Kenya,4793,First Climate Markets AG,Energy Efficiency - Domestic,GS Methodology for emission reductions from safe drinking water supply,Small Scale,60000
GS12345 GS12354 RVPA-6 Safe Water Supply Kilifi County,Kenya,4794,First Climate Markets AG,Energy Efficiency - Domestic,GS Methodology for emission reductions from safe drinking water supply,Small Scale,60000
"Sustainable Forestry in Gambella, Ethiopia",Ethiopia,4796,EcoNetix GmbH,A/R,Afforestation/Reforestation GHG Emissions Reduction & Sequestration Methodology,Large Scale,688917
"Enhancing Climate, Community, and Biodiversity benefits through restoration of barren uplands of vulnerable communities in Mayurbhanj district of Odisha, India",India,4800,Fair Climate Fund India Private Limited,A/R,,Small Scale,66734
"Fair Climate Programme for Sustainable Household Energy (PoA) - Fair Climate Programme: Bachat project - Odisha, India (VPA 10)",India,4801,FairClimateFund,Energy Efficiency - Domestic,GS MS Simplified Methodology for Efficient Cookstoves v1.1,Micro Scale,9349
"Fair Climate Programme for Sustainable Household Energy (PoA) - Fair Climate Programme: Bachat project - Odisha, India (VPA 11)",India,4802,FairClimateFund,Energy Efficiency - Domestic,GS MS Simplified Methodology for Efficient Cookstoves v1.,Micro Scale,9349
GS10789 GS10790 RVPA-101: Efficient and Clean Cooking for households in Malawi,Malawi,4806,ECOA Climate Capital,Energy Efficiency - Domestic,,Large Scale,98304
"Forest, Trees and Sustainable Livelihoods - VPA 01",India,4807,Society for the Upliftment of Villagers and Development of Himalayan Areas (SUVIDHA),A/R,,Micro Scale,2213
Project Oasis,India,4808,Arukah Capital Pte Ltd,Biogas - Heat,Methodology for animal waste management and biogas application,Large Scale,300000
Changing Lives by Improved Cooking in Bangladesh,Bangladesh,4809,Climate Secure India Pvt. Ltd,Energy Efficiency - Domestic,GS TPDDTEC V4.0: REDUCED EMISSIONS FROM COOKING AND HEATING – TECHNOLOGIES AND PRACTICES TO DISPLACE DECENTRALIZED THERMAL ENERGY CONSUMPTION,Large Scale,60000
Improved Rice Cultivation in Bangladesh,Bangladesh,4810,Climate Secure India Pvt. Ltd,Other,Methane Emission Reduction By Adjusted Water Management Practice In Rice Cultivation,Small Scale,1400000
Social Forestry Initiative in Bangladesh,Bangladesh,4811,Climate Secure India Pvt. Ltd,A/R,,Large Scale,1500000
GS12382 GS12383 BVPA 02 Improved agricultural practices for rice cultivation in West Bengal,India,4814,Kosher Climate India Pvt Ltd.,Other,,Small Scale,51490
GS12382 GS12383 BVPA 03 Improved agricultural practices for rice cultivation in West Bengal,India,4815,Kosher Climate India Pvt Ltd.,Other,,Small Scale,50605
GS12382 GS12383 BVPA 04 Improved agricultural practices for rice cultivation in West Bengal,India,4816,Kosher Climate India Pvt Ltd.,Other,,Small Scale,50508
GS12382 GS12383 BVPA 05 Improved agricultural practices for rice cultivation in West Bengal,India,4817,Kosher Climate India Pvt Ltd.,Other,,Small Scale,50031
GS12382 GS12383 BVPA 09 Improved agricultural practices for rice cultivation in West Bengal,India,4821,Kosher Climate India Pvt Ltd.,Other,Methane Emission Reduction By Adjusted Water Management Practice In Rice Cultivation,Small Scale,52896
OYU - Clean Water for Malawian Communities,Malawi,4823,SHRI MAA MARKETING PRIVATE LIMITED,Energy Efficiency - Domestic,,Large Scale,218534
"Improved Cook Stoves VPA-1 (30,000 Improved Cooking Stove (ICS) Nepal)",Nepal,4825,"CERPD Co., Ltd",Energy Efficiency - Domestic,,Large Scale,91255
Masdar IPH Wind S.A.E. Ras Ghareb Onshore 200 MW Wind Farm,Egypt,4826,First Climate (Switzerland) AG,Other,ACM0002 Grid-connected electricity generation from renewable sources,Large Scale,350000
GS12693 VPA- 8 Access to Clean Water in India ,India,4827,ERDA ILLUMINE LOW CARBON SOLUTIONS PRIVATE LIMITED,Energy Efficiency - Domestic,,Small Scale,57943
 GS 23173 VPA-9 ,India,4829,ERDA ILLUMINE LOW CARBON SOLUTIONS PRIVATE LIMITED,Other,,Small Scale,9631
GS12693 VPA-4 Access to Clean Water in Benin,Benin,4830,ERDA ILLUMINE LOW CARBON SOLUTIONS PRIVATE LIMITED,Energy Efficiency - Domestic,,Small Scale,58060
GS 12778 PoA Solar Installations ,Côte d'Ivoire,4831,ERDA ILLUMINE LOW CARBON SOLUTIONS PRIVATE LIMITED,Solar Thermal - Electricity,,Small Scale,1500000
Sustainable Energy Generation through Biodigester systems in Nepal ,Nepal,4832,ERDA ILLUMINE LOW CARBON SOLUTIONS PRIVATE LIMITED,Biogas - Heat,,Small Scale,59825
GS12771 VPA-3 Sustainable Energy Generation through Biodigester systems in Benin,Benin,4833,ERDA ILLUMINE LOW CARBON SOLUTIONS PRIVATE LIMITED,Biogas - Heat,,Small Scale,59733
GS12572 VPA 04 Sustainable Paddy Cultivation Initiative in India,India,4835,ERDA ILLUMINE LOW CARBON SOLUTIONS PRIVATE LIMITED,Other,,Small Scale,58690
Asili Mazingira Bora Safe Water,"Congo, the Democratic Republic of the",4837,SweetSense Inc.,Energy Efficiency - Domestic,GS Methodology for emission reductions from safe drinking water supply,Small Scale,60000
GS13143 VPA-1 Democratic Republic of the Congo Asili Mazingira Bora Safe Water,"Congo, the Democratic Republic of the",4838,SweetSense Inc.,Energy Efficiency - Domestic,GS Methodology for emission reductions from safe drinking water supply,Small Scale,60000
Ayémé solar PV plant,Gabon,4840,AERA Group,Other,,Large Scale,72210
GS12792 VPA-1 Hygiene and Environmental Care for Tanks and Overhead Reservoirs (HECTOR),India,4841,Expert365 Pty Ltd.,Energy Efficiency - Domestic,,Small Scale,44305
Hygiene and Environmental Care for Tanks and Overhead Reservoirs (HECTOR),India,4842,Expert365 Pty Ltd.,Energy Efficiency - Domestic,,Small Scale,0
TPREL 460 MW Solar BESS Project in Karnataka,India,4843,Tata Power Renewable Energy Limited,Other,,Large Scale,987736
Clean Cooking in Tanzania: Pay-As-You-Go Smart Metering Solution,"Tanzania, United Republic of",4844,CIRCLE GAS LIMITED,Energy Efficiency - Domestic,,Large Scale,119711
Project Oasis VPA-I,India,4846,Arukah Capital Pte Ltd,Biogas - Heat,,Micro Scale,0
Laos Green Benefit Cookstove Project,Lao People's Democratic Republic,4847,"Guangzhou Iceberg Environmental Consulting Services Co., Ltd.",Energy Efficiency - Domestic,,Large Scale,100000
Tanzania Jiko Pamoja Improved Cookstove Project,"Tanzania, United Republic of",4848,"Guangzhou Iceberg Environmental Consulting Services Co., Ltd.",Energy Efficiency - Domestic,GS TPDDTEC V4.0: REDUCED EMISSIONS FROM COOKING AND HEATING – TECHNOLOGIES AND PRACTICES TO DISPLACE DECENTRALIZED THERMAL ENERGY CONSUMPTION,Large Scale,386126
Uganda Green Cloud Improved Cookstove Project,Uganda,4849,"Guangzhou Iceberg Environmental Consulting Services Co., Ltd.",Energy Efficiency - Domestic,GS TPDDTEC V4.0: REDUCED EMISSIONS FROM COOKING AND HEATING – TECHNOLOGIES AND PRACTICES TO DISPLACE DECENTRALIZED THERMAL ENERGY CONSUMPTION,Large Scale,390855
BaumInvest Flor Saphira Reforestation Project El Capricho & La Catorce,Colombia,4850,BaumInvest AG,A/R,Afforestation/Reforestation GHG Emissions Reduction & Sequestration Methodology,Large Scale,0
Morobe Markham Reforestation Project,Papua New Guinea,4851,"Morobe Markham, LLC",A/R,Afforestation/Reforestation GHG Emissions Reduction & Sequestration Methodology,Large Scale,120558
Global Mangrove Trust Blue Carbon Restoration Project in Indonesia,Indonesia,4852,Global Mangrove Trust,A/R,,Micro Scale,0
Global Mangrove Trust Blue Carbon Restoration Project in Indonesia - Sumatra 1,Indonesia,4853,Global Mangrove Trust,A/R,,Micro Scale,6789
Community-based Landscape Restoration in Zambia (COLAREZA),Zambia,4854,World Vision Australia,A/R,,Large Scale,50000
AquaCarbon Safe Water,Ghana,4855,Element15 B.V,Energy Efficiency - Domestic,GS Methodology for emission reductions from safe drinking water supply,Small Scale,60000
AquaCarbon Ghana VPA1,Ghana,4856,Element15 B.V,Energy Efficiency - Domestic,,Small Scale,60000
"Landfill biogas extraction and combustion plant in El Inga I and II landfill (Quito, Ecuador)",Ecuador,4857,GasGreen S.A,Other,ACM0001 Flaring or use of landfill gas,Large Scale,262874
Climate Protection Project in Himalayan Landscape of Uttarakhand,India,4858,Society for the Upliftment of Villagers and Development of Himalayan Areas (SUVIDHA),Biogas - Heat,,Micro Scale,5004
"Mbaula za Makono, Banja la thanzi (Improved cookstoves, a healthy family) project – Dowa District",Malawi,4859,Futures Inc.,Energy Efficiency - Domestic,,Large Scale,75424
GS12239 GS12240 RVPA-1 Amazi Meza Rwanda Water Supply Project For Schools,Rwanda,4860,SweetSense Inc.,Energy Efficiency - Domestic,GS Methodology for emission reductions from safe drinking water supply,Small Scale,60000
Improved Cook Stoves,Côte d'Ivoire,4862,ERDA ILLUMINE LOW CARBON SOLUTIONS PRIVATE LIMITED,Energy Efficiency - Domestic,,Small Scale,149998
EH Methane Emissions Reductions in Beef Cattle,Canada,4863,EcoHerd Solutions,Other,,Small Scale,10000
Green ICS Bangladesh,Bangladesh,4864,GREEN SPARK SOLUTIONS AUSTRALIA PTY LTD,Energy Efficiency - Domestic,GS TPDDTEC V4.0: REDUCED EMISSIONS FROM COOKING AND HEATING – TECHNOLOGIES AND PRACTICES TO DISPLACE DECENTRALIZED THERMAL ENERGY CONSUMPTION,Small Scale,60000
GS12778 VPA-1 Solar PV Installations in Benin,Benin,4865,ERDA ILLUMINE LOW CARBON SOLUTIONS PRIVATE LIMITED,PV,,Small Scale,57510
"FPD Robotic E-Waste Recycling, eLoop, US",United States,4867,FPD Recycling,Energy Efficiency - Industrial,AMS-III.BA Recovery and recycling of materials from E-waste,Micro Scale,2446
Koalisation community based clean cooking program,Zambia,4868,Koalisation S.R.L. SB,Energy Efficiency - Domestic,"The Gold Standard Simplified Methodology for Clean and Efficient Cookstoves, Version 3.0",Micro Scale,9884
GS12572 PoA Sustainable Agriculture Initiative,Bangladesh,4869,ERDA ILLUMINE LOW CARBON SOLUTIONS PRIVATE LIMITED,Other,,Large Scale,154000
GS12572 VPA-1 Regenerative Agriculture Initiative in India,India,4870,ERDA ILLUMINE LOW CARBON SOLUTIONS PRIVATE LIMITED,Other,,Small Scale,59563
GS11329 VPA-2 Beam Mobility- Micromobility VPA in Republic of Korea,"Korea, Republic of",4871,Beam Mobility Holdings Pte. Ltd.,Energy Efficiency - Transport Sector,AMS-III.BM: Lightweight two and three wheeled personal transportation version 1.0,Small Scale,60000
AGROFORESTRY – CLIMATE PROOFING FARM LIVELIHOODS BY INFOSYS,India,4872,Infosys,A/R,Afforestation/Reforestation GHG Emissions Reduction & Sequestration Methodology,Large Scale,82775
PoA Sustainable Landscapes and Forests Initiatives,Benin,4873,ERDA ILLUMINE LOW CARBON SOLUTIONS PRIVATE LIMITED,A/R,Afforestation/Reforestation GHG Emissions Reduction & Sequestration Methodology,Large Scale,1300000
"GS23192 VPA-1 Building Climate Resilience through Afforestation, Reforestation & Agroforestry, India",India,4874,ERDA ILLUMINE LOW CARBON SOLUTIONS PRIVATE LIMITED,A/R,,Large Scale,145945
Sustainable Clean Energy Program (SCENE),Uganda,4876,horizont3000,Energy Efficiency - Domestic,GS TPDDTEC V4.0: REDUCED EMISSIONS FROM COOKING AND HEATING – TECHNOLOGIES AND PRACTICES TO DISPLACE DECENTRALIZED THERMAL ENERGY CONSUMPTION,Micro Scale,8000
Sustainable Clean Energy Program (SCENE) VPA1,Uganda,4877,horizont3000,Energy Efficiency - Domestic,GS TPDDTEC V4.0: REDUCED EMISSIONS FROM COOKING AND HEATING – TECHNOLOGIES AND PRACTICES TO DISPLACE DECENTRALIZED THERMAL ENERGY CONSUMPTION,Micro Scale,8000
Zeno Moto Electric Mobility in Kenya,Kenya,4878,Zeno Moto Corporation,Energy Efficiency - Transport Sector,AMS-III.C. Emission reductions by electric and hybrid vehicles,Small Scale,50000
ETG Live Better Improved Cookstove,Kenya,4879,ETG Climate Solutions SA,Energy Efficiency - Domestic,GS TPDDTEC V4.0: REDUCED EMISSIONS FROM COOKING AND HEATING – TECHNOLOGIES AND PRACTICES TO DISPLACE DECENTRALIZED THERMAL ENERGY CONSUMPTION,Large Scale,5600000
ETG Live Better Improved Cookstove,Zambia,4880,ETG Climate Solutions SA,Energy Efficiency - Domestic,GS TPDDTEC V4.0: REDUCED EMISSIONS FROM COOKING AND HEATING – TECHNOLOGIES AND PRACTICES TO DISPLACE DECENTRALIZED THERMAL ENERGY CONSUMPTION,Large Scale,84583
Betim Landfill Gas Project,Brazil,4881,SOLVI PARTICIPACOES S/A,Other,ACM0001 Flaring or use of landfill gas,Large Scale,0
Zeno Moto Electric Mobility POA,Kenya,4882,Zeno Moto Corporation,Energy Efficiency - Transport Sector,AMS-III.C. Emission reductions by electric and hybrid vehicles,Small Scale,50000
GS13047 VPA-1 Improved Cook Stoves in Benin,Benin,4883,ERDA ILLUMINE LOW CARBON SOLUTIONS PRIVATE LIMITED,Energy Efficiency - Domestic,,Small Scale,25749
GS 13047 VPA -7 Improved Cookstove in Nepal,Nepal,4884,ERDA ILLUMINE LOW CARBON SOLUTIONS PRIVATE LIMITED,Energy Efficiency - Domestic,,Small Scale,39370
"GS23192 VPA-2 Building Climate Resilience through Afforestation, Reforestation & Agroforestry, Benin",Benin,4885,ERDA ILLUMINE LOW CARBON SOLUTIONS PRIVATE LIMITED,A/R,Afforestation/Reforestation GHG Emissions Reduction & Sequestration Methodology,Large Scale,98469
ADES EcoStoves ,Madagascar,4886,myclimate Foundation,Energy Efficiency - Domestic,,Large Scale,800000
ADES EcoStoves VPA ,Madagascar,4887,myclimate Foundation,Energy Efficiency - Domestic,GS TPDDTEC V4.0: REDUCED EMISSIONS FROM COOKING AND HEATING – TECHNOLOGIES AND PRACTICES TO DISPLACE DECENTRALIZED THERMAL ENERGY CONSUMPTION,Large Scale,200000
Hanbao Compost Project in Taiwan,Taiwan,4888,Nanjitan Asset Management Ltd.,Other,AMS-III.D. Methane recovery in animal manure management systems,Micro Scale,4227
ADES EcoStoves VPA 2,Madagascar,4889,myclimate Foundation,Energy Efficiency - Domestic,,Large Scale,300000
ADES EcoStoves VPA 3,Madagascar,4890,myclimate Foundation,Energy Efficiency - Domestic,,Large Scale,40000
Great Zimbabwe Hydro - 5MW,Zimbabwe,4891,Headwest Enterprises Private Limited,Other,ACM0002 Grid-connected electricity generation from renewable sources,Micro Scale,36364
Bamboo Plantation to secure livelihood of the indigenous communities in India,India,4893,Infinite Environmental Solutions Limited,A/R,,Large Scale,58871
Bamboo Plantation to secure livelihood of the indigenous communities in India,India,4894,Infinite Environmental Solutions Limited,A/R,,Large Scale,52918
COLAREZA - FMNR & Reforestation - VPA01,Zambia,4895,World Vision Australia,A/R,,Large Scale,0
"Small Farmers' Carbon Farming in Noto's Satoyama, Japan",Japan,4902,Eco-affinity Inc,Other,Soil Organic Carbon Framework Methodology,Micro Scale,200
Installation of high efficiency wood burning cookstoves in Kenya,Kenya,4903,Bridge Carbon Africa Stoves Development Private Limited,Energy Efficiency - Domestic,Other,Large Scale,17394
Installation of high efficiency wood burning cookstoves in Uganda,Uganda,4904,Bridge Carbon Africa Stoves Development Private Limited,Energy Efficiency - Domestic,Other,Large Scale,4759
GS11638 GS11640 RVPA-5 SPOUTS Water Purifier Programme in Africa- WPS in Uganda by AERA- VPA 15,Uganda,4905,AGS Carbon Advisory,Energy Efficiency - Domestic,GS Methodology for emission reductions from safe drinking water supply,Small Scale,59651
GS 12572 VPA-2 Sustainable Paddy Cultivation Initiative in Bangladesh,Bangladesh,4907,ERDA ILLUMINE LOW CARBON SOLUTIONS PRIVATE LIMITED,Other,,Small Scale,58269
GS12572 VPA 05 Regenerative Agriculture Initiative in Bangladesh,Bangladesh,4908,ERDA ILLUMINE LOW CARBON SOLUTIONS PRIVATE LIMITED,Other,,Small Scale,56485
Installation of high efficiency wood burning cookstoves in Thailand,Thailand,4911,Bridge Carbon SGT Asia Stoves Private Limited,Energy Efficiency - Domestic,Other,Large Scale,309260
Installation of high efficiency wood burning cookstoves in Vietnam,Viet Nam,4912,Bridge Carbon SGT Asia Stoves Private Limited,Energy Efficiency - Domestic,Other,Large Scale,353440
Hebei Improved Cropland Management Project Phase II,China,4913,"Shanghai Agroservices Co., Ltd",Other,Soil Organic Carbon Framework Methodology,Large Scale,251269
GS13131 Sow & Reap Agro Pvt Ltd Clean Cooking Programme in India-VPA 1,India,4914,Sow and Reap Agro Private Limited,Biogas - Heat,Methodology for animal waste management and biogas application,Small Scale,35000
Sow & Reap Agro Pvt Ltd Clean Cooking Programme in India,India,4915,Sow and Reap Agro Private Limited,Biogas - Heat,Methodology for animal waste management and biogas application,Large Scale,0
Alfenas Landfill Gas Project,Brazil,4916,SOLVI PARTICIPACOES S/A,Other,ACM0001 Flaring or use of landfill gas,Large Scale,35539
UpEnergy – Social and Climate Impact Programme-Cooking Devices VPA-47,Zambia,4917,UpEnergy Group,Energy Efficiency - Domestic,GS TPDDTEC v3.1,Small Scale,48686
GS 10963 GS 11007 RVPA 6 UpEnergy – Social and Climate Impact Programme – Cooking Devices VPA 46,Zambia,4918,UpEnergy Group,Energy Efficiency - Domestic,,Small Scale,48686
Improved Cookstove and Safe Drinking Water Project in Africa and Asia-VPA2 Uganda,Uganda,4919,"Water & Life, Inc.",Energy Efficiency - Domestic,GS TPDDTEC V4.0: REDUCED EMISSIONS FROM COOKING AND HEATING – TECHNOLOGIES AND PRACTICES TO DISPLACE DECENTRALIZED THERMAL ENERGY CONSUMPTION,Small Scale,60000
Improved Cookstove and Safe Drinking Water Project in Africa and Asia-VPA1 Uganda,Uganda,4920,"Water & Life, Inc.",Energy Efficiency - Domestic,GS Methodology for emission reductions from safe drinking water supply,Small Scale,60000
Improved Cookstove and Safe Drinking Water Project in Africa and Asia,Cambodia,4921,"Water & Life, Inc.",Energy Efficiency - Domestic,GS Methodology for emission reductions from safe drinking water supply,Small Scale,60000
Feriana solar power,Tunisia,4923,AERA Group,Other,ACM0002 Grid-connected electricity generation from renewable sources,Large Scale,18182
GS5658 - VPA 45 Community Safe Water Project in Ethiopia,Ethiopia,4924,Carbonsink Group s.r.l.,Energy Efficiency - Domestic,GS Methodology for emission reductions from safe drinking water supply,Micro Scale,10000
GS5658 - VPA 44 Community Safe Water Project in Ethiopia,Ethiopia,4925,Carbonsink Group s.r.l.,Energy Efficiency - Domestic,GS Methodology for emission reductions from safe drinking water supply,Micro Scale,10000
GS5658 - VPA 43 Community Safe Water Project  in Ethiopia,Ethiopia,4926,Carbonsink Group s.r.l.,Energy Efficiency - Domestic,GS Methodology for emission reductions from safe drinking water supply,Micro Scale,10000
Enhancing Rural Living through Bio-Digester Project for Punjab's Household - India,India,4927,Radheshyam Cottex,Biogas - Heat,,Small Scale,54000
 VPA-01 - BUILDING CLIMATE RESILIENCE THROUGH AGRICULTURE IN ASSAM.,India,4928,Fair Climate Fund India Private Limited,Other,,Small Scale,30688
CPA-MA-25-Madagascar Ethanol Stove Program,Madagascar,4929,GREEN DEVELOPMENT AS,Energy Efficiency - Domestic,AMS-I.E. Switch from Non-Renewable Biomass for Thermal Applications by the User,Small Scale,19588
Proyecto Mirador Enhanced Distribution of Improved Cookstove in Latin America – Fourth VPA for Distribution of Dos por Tres Cookstove in Honduras,Honduras,4930,Proyecto Mirador,Energy Efficiency - Domestic,,Large Scale,185159
CEED Ugandan Clean Water Project for the Reduction of GHG,Uganda,4931,CHRISTIAN EAST AFRICA AND EQUATORIAL DEVELOPMENT (CEED) FOUNDATION LTD,Energy Efficiency - Domestic,,Small Scale,46109
"GS11949 GS11996 RVPA-1 Small-scale solar electrical programme, South Africa",South Africa,4932,BLUE WORLD CARBON ASSET MANAGEMENT (PTY) LTD,PV,,Small Scale,21838
PATA AFFORESTATION PROJECT,Latvia,4933,PATA,A/R,,Small Scale,50
PATA AFFORESTATION PROJECT_VPA_1,Latvia,4934,PATA,A/R,,Small Scale,50
GS13163 PoA Solar water pump project in Uganda by SunCulture,Uganda,4935,SUNCULTURE UGANDA LIMITED,Energy Efficiency - Domestic,AMS-I.B. Mechanical energy for the user with or without electrical energy,Small Scale,0
GS13163 VPA-1 Solar water pump project in Uganda by SunCulture,Uganda,4936,SUNCULTURE UGANDA LIMITED,Energy Efficiency - Domestic,AMS-I.B. Mechanical energy for the user with or without electrical energy,Small Scale,50654
Mitti Labs: Supporting Climate Smart Rice Farming Across India,India,4937,Mitti Labs Limited,Other,,Large Scale,0
GS12793 Mitti Labs: Supporting Climate Smart Rice Farming In Telangana ,India,4938,Mitti Labs Limited,Other,,Large Scale,55296
Global Syntropic Agroforestry Program,Brazil,4939,GrowGrounds ApS,A/R,,Large Scale,0
"Syntropic Agroforestry Coffee Project in São Francisco de Paula, Camacho and Candeias municipalities, Minas Gerais, Brazil",Brazil,4940,GrowGrounds ApS,A/R,,Micro Scale,18
Core Carbon Sustainable Rice Initiative India,India,4941,Core CarbonX Solutions Private Limited,Other,,Large Scale,88125
Electricity Generation from Bagasse in Aguaí,"Bolivia, Plurinational State of",4942,South Pole Ltd SCV,"Biomass, or Liquid Biofuel - Heat",,Large Scale,56307
MicroEnergy Credits - Distribution of Electric Cooking Product Lines – Kenya,Kenya,4943,MicroEnergy Credits,Energy Efficiency - Domestic,,Large Scale,83553
Ibu Bakau: Community-powered Mangrove Afforestation in Indonesia ,Indonesia,4944,Value Network Ventures Pte. Ltd.,A/R,Not provided,Large Scale,43809
GS23213 VPA-1 Ibu Bakau: Community-powered Mangrove Afforestation in Indonesia 1,Indonesia,4945,Value Network Ventures Pte. Ltd.,A/R,Not provided,Large Scale,43809
GS23213 VPA-2 Ibu Bakau: Community-powered Mangrove Afforestation in Indonesia 2,Indonesia,4946,Value Network Ventures Pte. Ltd.,A/R,Not provided,Large Scale,41212
GS12557 VPA-003 Core Carbon Sustainable Rice Initiative India,India,4947,Core CarbonX Solutions Private Limited,Other,,Large Scale,53978
GS12557 VPA-004 Core Carbon Sustainable Rice Initiative India,India,4948,Core CarbonX Solutions Private Limited,Other,,Large Scale,26593
GS12557 VPA-005 Core Carbon Sustainable Rice Initiative India,India,4949,Core CarbonX Solutions Private Limited,Other,,Large Scale,37925
"Parry Agro Industries C Cubed Tea and Rubber Agroforestry for Carbon Sequestration, Biodiversity Conservation and Improved Social Wellbeing",India,4950,Parry Agro Industries Limited,A/R,,Large Scale,21000
GS12557 VPA-002 Core Carbon Sustainable Rice Initiative India,India,4951,Core CarbonX Solutions Private Limited,Other,,Large Scale,48318
Pro Climate Paddy Cultivation For Reducing Methane Emission and Saving Water,India,4952,Partners in Prosperity,Other,Methane Emission Reduction By Adjusted Water Management Practice In Rice Cultivation,Small Scale,800000
VPA 1: Pro Climate Paddy Cultivation For Reducing Methane Emission and Saving Water,India,4953,Partners in Prosperity,Other,Methane Emission Reduction By Adjusted Water Management Practice In Rice Cultivation,Small Scale,60000
GS12557 VPA-001 Core Carbon Sustainable Rice Initiative India,India,4954,Core CarbonX Solutions Private Limited,Other,,Large Scale,30099
VPA2: Pro Climate Paddy Cultivation For Reducing Methane Emission and Saving Water,India,4955,Partners in Prosperity,Other,Methane Emission Reduction By Adjusted Water Management Practice In Rice Cultivation,Small Scale,60000
VPA 3: Pro Climate Paddy Cultivation For Reducing Methane Emission and Saving Water,India,4956,Partners in Prosperity,Other,Methane Emission Reduction By Adjusted Water Management Practice In Rice Cultivation,Small Scale,60000
VPA 4: Pro Climate Paddy Cultivation For Reducing Methane Emission and Saving Water,India,4957,Partners in Prosperity,Other,Methane Emission Reduction By Adjusted Water Management Practice In Rice Cultivation,Small Scale,60000
VPA 5: Pro Climate Paddy Cultivation For Reducing Methane Emission and Saving Water,India,4958,Partners in Prosperity,Other,Methane Emission Reduction By Adjusted Water Management Practice In Rice Cultivation,Small Scale,60000
VPA 6: Pro Climate Paddy Cultivation For Reducing Methane Emission and Saving Water,India,4959,Partners in Prosperity,Other,Methane Emission Reduction By Adjusted Water Management Practice In Rice Cultivation,Small Scale,60000
Renqiu Geothermal Central Heating System,China,4961,HighTrack International (Hong Kong) Technology Limited,Geothermal,,Large Scale,125250
Small-holder Paddy Program,India,4963,ECOCAPITA CONSULTING PRIVATE LIMITED,Other,,Small Scale,59900
Paracel Carbon Forestry Project,Paraguay,4964,Paracel S.A,A/R,,Large Scale,56091
Paracel Carbon Forestry Project,Paraguay,4965,Paracel S.A,A/R,,Large Scale,71000
Metafin-Off Grid Solar Milling Plants for Household Programme,India,4966,EKI Energy Services Limited,Energy Efficiency - Domestic,AMS-I.B. Mechanical energy for the user with or without electrical energy,Small Scale,25815
"VPA-1 Metafin-Off Grid Solar Milling Plants for Household Programme in Uttar Pradesh, India",India,4967,EKI Energy Services Limited,Energy Efficiency - Domestic,,Small Scale,25815
"PRODUCTION OF SUSTAINABLE BIOGAS USING THE ANIMAL MANURE SUPPLIED BY SMALL HOLDER FARMERS IN BANASKANTHA, GUJARAT",India,4968,Kosher Climate India Pvt Ltd.,Energy Efficiency - Transport Sector,,Small Scale,13758
Methane Emission Reduction Programme for Rice Cultivation by Farm2fork,India,4969,FARMS2FORK TECHNOLOGIES PRIVATE LIMITED,Other,,Small Scale,60000
Reforestation and the protection of the existing rainforest in the Luabu sector in the Democratic Republic of Congo. ,"Congo, the Democratic Republic of the",4970,United Eco Solutions International AB,A/R,,Large Scale,98653
GivePower East Africa Solar Water Farms,Kenya,4971,South Pole Ltd,Energy Efficiency - Domestic,GS Water Access and WASH Methodology v1.,Small Scale,240000
VPA-1 GivePower Kenya Solar Water Farms,Kenya,4972,South Pole Ltd,Energy Efficiency - Domestic,GS Water Access and WASH Methodology v1.,Small Scale,60000
GS12764 VPA-1 Methane Emission Reduction Project for Rice Cultivation in Punjab ,India,4973,FARMS2FORK TECHNOLOGIES PRIVATE LIMITED,Other,,Small Scale,60000
"GS12023 GS12022-RVPA-01-Safe drinking water for households, institutions and communities",Nepal,4974,Value Network Ventures Pte. Ltd.,Energy Efficiency - Domestic,,Small Scale,59416
"GS12023 GS12022-RVPA-02-Safe drinking water for households, institutions and communities",Nepal,4975,Value Network Ventures Pte. Ltd.,Energy Efficiency - Domestic,,Small Scale,58973
Development of Forest Carbon Project in Lao PDR PoA,Lao People's Democratic Republic,4976,Chaleun Sekong Carbon Company Limited,A/R,,Large Scale,64690
GS13170 VPA - 01 Reforestation Project in Champasak ,Lao People's Democratic Republic,4977,Chaleun Sekong Carbon Company Limited,A/R,,Large Scale,64690
Philippines ARR ,Philippines,4978,EcoSecurities Group Limited,A/R,,Large Scale,225557
Improving Livelihoods of Farmer Communities through Afforestation in Uttar Pradesh,India,4979,Varaha Climate AG Private Limited,A/R,Afforestation/Reforestation GHG Emissions Reduction & Sequestration Methodology,Large Scale,663
Improving Livelihoods of Farmer Communities through Afforestation in East Uttar Pradesh,India,4980,Varaha Climate AG Private Limited,A/R,Afforestation/Reforestation GHG Emissions Reduction & Sequestration Methodology,Large Scale,663
GS11638 GS11640 RVPA-6 SPOUTS Water Purifier Programme in Africa- WPS in Uganda by AERA- VPA 16,Uganda,4981,AGS Carbon Advisory,Energy Efficiency - Domestic,GS Methodology for emission reductions from safe drinking water supply,Small Scale,59651
JatroGreen Madagascar SDG Jatropha Project,Madagascar,4982,First Climate (Switzerland) AG,A/R,,Small Scale,14445
GS12572 VPA-11 Regenerative Agriculture Initiative in Ghana,Ghana,4983,ERDA ILLUMINE LOW CARBON SOLUTIONS PRIVATE LIMITED,Other,,Small Scale,25675
GS11638 GS11640 RVPA-7 SPOUTS Water Purifier Programme in Africa- WPS in Uganda by AERA- VPA 17,Uganda,4984,AGS Carbon Advisory,Energy Efficiency - Domestic,GS Methodology for emission reductions from safe drinking water supply,Small Scale,59615
GS11638 GS11640 RVPA-8 SPOUTS Water Purifier Programme in Africa- WPS in Uganda by AERA- VPA 18,Uganda,4985,AGS Carbon Advisory,Energy Efficiency - Domestic,,Small Scale,59615
GS11638 GS11640 RVPA-9 SPOUTS Water Purifier Programme in Africa- WPS in Uganda by AERA- VPA 19,Uganda,4986,AGS Carbon Advisory,Energy Efficiency - Domestic,,Small Scale,59615
Conservación de la selva de Guainía,Colombia,4987,Comunidades Sostenibles S.A.S.,A/R,,Small Scale,85610
Ecological landscape resilience in Sumatra´s highlands,Indonesia,4989,LIVELIHOODS CARBON FUND SICAV-RAIF,A/R,Afforestation/Reforestation GHG Emissions Reduction & Sequestration Methodology,Large Scale,61501
Livelihoods Rwenzori Yethu Project,Uganda,4990,LIVELIHOODS CARBON FUND SICAV-RAIF,A/R,,Large Scale,67000
the 240MW Khizi-Absheron Wind Power Plant Project ,Azerbaijan,4992,Monsoon Carbon Pte Ltd,Wind,,Large Scale,395025
Philippines ARR – Bukidnon,Philippines,4995,EcoSecurities Group Limited,A/R,,Large Scale,221276
Greening By Insulating for low income housing in NY,United States,4996,CNC Coatings Corp.,Energy Efficiency - Public Sector,,Small Scale,0
"Summit Carbon Solutions – Capture, Transport, and Storage of CO2 from the Fermentation of Biomass",United States,4997,SCS Carbon Removal LLC,Other,,Large Scale,5145278
Greening by Insulating for low income housing in NY – VPA 01,United States,4998,CNC Coatings Corp.,Other,AMS-II.E. Energy efficiency and fuel switching measures for buildings,Small Scale,100000
Agroforestry project in India,India,4999,South Pole Ltd,A/R,Afforestation/Reforestation GHG Emissions Reduction & Sequestration Methodology,Small Scale,22933
ReNew Sakhi 04-Electric Cooking project,India,5000,Renew Power Synergy Private Limited,Energy Efficiency - Domestic,Methodology for Metered & Measured Energy Cooking Devices,Large Scale,215000
"GS11949 GS11996 RVPA-3 Small-scale solar electrical programme, South Africa ",South Africa,5001,BLUE WORLD CARBON ASSET MANAGEMENT (PTY) LTD,PV,,Small Scale,19582
"GS11949 GS11996 RVPA-2 Small-scale solar electrical programme, South Africa ",South Africa,5002,BLUE WORLD CARBON ASSET MANAGEMENT (PTY) LTD,PV,,Small Scale,17750
Rwanda Safe Drinking Water Program,Rwanda,5005,SHRI MAA MARKETING PRIVATE LIMITED,Energy Efficiency - Domestic,GS Methodology for emission reductions from safe drinking water supply,Large Scale,105667
Rwanda Safe Drinking Water Program VPA01,Rwanda,5006,SHRI MAA MARKETING PRIVATE LIMITED,Energy Efficiency - Domestic,GS Methodology for emission reductions from safe drinking water supply,Large Scale,105667
"Reduction of Methane Emissions through Manure Composting at KOFERT ORGANIC, Baicoi - Romania",Romania,5008,Kofert Organic SRL,Other,AMS-III.F. Avoidance of methane emissions through controlled biological treatment of biomass,Small Scale,9591
Mekong 1: Methane Reduction from Rice Cultivation in Cambodia,Cambodia,5010,NetZeroAg Ltd,Other,Methane Emission Reduction By Adjusted Water Management Practice In Rice Cultivation,Small Scale,43000
GS11638 GS11640 RVPA-10 SPOUTS Water Purifier Programme in Africa-WPS in Uganda by AERA-VPA 20,Uganda,5011,AGS Carbon Advisory,Energy Efficiency - Domestic,,Small Scale,59615
Enhanced Irrigation Technique for Rice Production to Mitigate Climate Change 002,India,5012,Sow and Reap Agro Private Limited,Other,Methane Emission Reduction By Adjusted Water Management Practice In Rice Cultivation,Small Scale,54153
ReNew Sakhi 04-Electric Cooking Project-01,India,5014,Renew Power Synergy Private Limited,Energy Efficiency - Domestic,Methodology for Metered & Measured Energy Cooking Devices,Small Scale,2150
Navoi 1-2 Solar Power Plant,Uzbekistan,5017,GAİA CLİMATE FİNANSAL DANIŞMANLIK HİZMETLERİ VE TİCARET ANONİM ŞİRKETİ,Other,,Large Scale,554070
GS12572 VPA-9 Sustainable Paddy Cultivation in Ghana,Ghana,5018,ERDA ILLUMINE LOW CARBON SOLUTIONS PRIVATE LIMITED,Other,Methane Emission Reduction By Adjusted Water Management Practice In Rice Cultivation,Small Scale,58029
Word Forest Kenya,Kenya,5019,The Word Forest Organisation,A/R,,Micro Scale,0
Earthbond Nigeria Distributed Solar for Productive Use,Nigeria,5020,Somerset Origination Ltd,Other,,Small Scale,4300
"Enhanced fuel combustion and engine efficency project, use of vegetal organic fuel treatment",Switzerland,5021,Adi Terra SA,Energy Efficiency - Transport Sector,,Large Scale,75000
"Enhanced fuel combustion and engine efficiency, vegetal organic fuel treatment – VPA1",Switzerland,5022,Adi Terra SA,Energy Efficiency - Transport Sector,,Large Scale,119197
Word Forest Kenya VPA001,Kenya,5025,The Word Forest Organisation,A/R,,Micro Scale,50
Restore Africa: Restoring Landscapes and Livelihoods in Eastern Uganda ,Uganda,5027,Global Evergreening Alliance,A/R,Afforestation/Reforestation GHG Emissions Reduction & Sequestration Methodology,Large Scale,143000
Niger Delta Community-Driven Mangrove Restoration Project,Nigeria,5028,Sequestr Carbon Inc.,A/R,,Large Scale,0
Duguna Fango and Damot Weyde Assisted Farmer Managed Natural Regeneration for Sustainable Land Management and Livelihood Improvement Project,Ethiopia,5029,World Vision Korea,A/R,Afforestation/Reforestation GHG Emissions Reduction & Sequestration Methodology,Large Scale,97667
Pando and Monte Lirio Hydroelectric Plants,Panama,5030,ALLCOT AG,Other,ACM0002 Grid-connected electricity generation from renewable sources,Large Scale,232627
Brújula Verde,Colombia,5031,Inverbosques S.A,A/R,,Large Scale,310058
Sustainable Energy Programme for Cooking and Heating in Viet Nam,Viet Nam,5037,"VNEEC., JSC",Energy Efficiency - Domestic,,Large Scale,0
GS12102 GS12458 RVPA-1 Carbon Credit financing for sustainable rural water supply in Manyara Region,"Tanzania, United Republic of",5044,Carbonsink (Carbonsink Group S.r.l.),Energy Efficiency - Domestic,,Small Scale,58000
GS12102 GS12458 RVPA-3 Carbon Credit financing for sustainable rural water supply in Manyara Region,"Tanzania, United Republic of",5045,Carbonsink (Carbonsink Group S.r.l.),Energy Efficiency - Domestic,GS Methodology for emission reductions from safe drinking water supply,Small Scale,60000
EcoSafi Clean Cooking Program,Kenya,5048,Better Cooking Company Inc.,Energy Efficiency - Domestic,,Large Scale,0
EcoSafi Clean Cooking Program VPA 01: Uganda,Uganda,5049,Better Cooking Company Inc.,Energy Efficiency - Domestic,,Large Scale,83366
EcoSafi Clean Cooking Program VPA 02: Kenya,Kenya,5050,Better Cooking Company Inc.,Energy Efficiency - Domestic,,Large Scale,108635
Agroforestry Carbon Program for Resilient Himalayan Communities,Nepal,5053,Fair Climate Fund India Private Limited,A/R,,Small Scale,68802
Alternate Wetting and Drying Technology for  Climate Compatible Rice Cultivation in Viet Nam,Viet Nam,5054,Green Carbon Inc,Other,,Large Scale,354936
Nyungwe Agroforestry for Communities and Conservation ,Rwanda,5055,LIVELIHOODS CARBON FUND SICAV-RAIF,A/R,,Large Scale,68894
Sustainable agricultural practices in tea plantations,India,5056,Kanan Devan Hills Plantations Company Private Limited,Other,,Large Scale,1959525
Improved Agricultural Practices for Rice cultivation in Lao PDR,Lao People's Democratic Republic,5057,Kosher Climate India Pvt Ltd.,Other,,Small Scale,52258
GS12929 VPA 01 Improved agricultural practices for rice cultivation in Laos.,Lao People's Democratic Republic,5058,Kosher Climate India Pvt Ltd.,Other,,Small Scale,52258
Ma Honko,Madagascar,5059,BÔNDY AFRICA S.A,A/R,,Large Scale,28891
GS12997 VPA-1 Ma Honko ,Madagascar,5060,BÔNDY AFRICA S.A,A/R,,Large Scale,28891
Tasar tree-based Afforestation for livelihood Sustainability And carbon Removal (TASAR),India,5061,SHELL ENERGY INDIA PRIVATE LIMITED,A/R,,Large Scale,369346
BlackSoil,Croatia,5062,Zsombor,Other,,Large Scale,9000
GS12382 GS12383 RVPA-1 Improved agricultural practices for rice cultivation in India.,India,5063,Kosher Climate India Pvt Ltd.,Other,,Small Scale,58268
REGENERATION KENYA (RK) VPA01,Kenya,5065,Earthbanc AB,A/R,,Large Scale,1013167
GS11993 GS11994 VPA2: African Clean Energy for Cooking in Uganda,Uganda,5066,African Clean Energy B.V.,Energy Efficiency - Domestic,Methodology for Metered & Measured Energy Cooking Devices,Micro Scale,10000
GS11993 GS11994 VPA3: African Clean Energy for Cooking in Uganda,Uganda,5067,African Clean Energy B.V.,Energy Efficiency - Domestic,Methodology for Metered & Measured Energy Cooking Devices,Micro Scale,10000
Enhanced Irrigation Technique for Rice Production to Mitigate Climate Change,India,5068,Sow and Reap Agro Private Limited,Other,,Small Scale,54153
Recovery of metals and minerals from incinerator bottom ash in Switzerland,Switzerland,5071,South Pole Ltd,Energy Efficiency - Industrial,,Small Scale,0
SuWASH Ghana: Enhancing Sustainable Access to Safe Drinking Water,Ghana,5072,myclimate Foundation,Energy Efficiency - Domestic,,Small Scale,0
VPA 1: Plant For Planet,India,5074,Partners in Prosperity,A/R,,Large Scale,2250000
Improved agricultural practices for Rice cultivation in Cambodia,Cambodia,5075,Kosher Climate India Pvt Ltd.,Other,,Small Scale,51535
GS12967 VPA 01 Improved agricultural practices for rice cultivation in Cambodia.,Cambodia,5076,Kosher Climate India Pvt Ltd.,Other,,Small Scale,51535
Ayyalur Livelihoods Project,India,5077,LIVELIHOODS CARBON FUND SICAV-RAIF,A/R,,Large Scale,70570
UHI “YUEDIAN 83”  Shipping Retrofit Project,China,5078,"Beijing MD Energy Technology Co., Ltd.",Energy Efficiency - Transport Sector,,Micro Scale,830
EcoHome Clean Cooking Project in Nigeria,Nigeria,5082,Ecoist Limited,Energy Efficiency - Domestic,,Small Scale,40000
GS23264 VPA-1 Recovery of metals and minerals from incinerator  bottom ash in Switzerland,Switzerland,5083,South Pole Ltd,Energy Efficiency - Industrial,,Small Scale,10028
Clean Cookstoves and Biofuel Solutions in Tanzania,"Tanzania, United Republic of",5084,Mutina Power,Energy Efficiency - Domestic,,Small Scale,36000
GS 23272 VPA-1 Clean Cookstoves and Biofuel Solutions in Tanzania- Pwani Region,"Tanzania, United Republic of",5085,Mutina Power,Energy Efficiency - Domestic,,Small Scale,36000
Nature-based Solutions for Regenerated Forests and Community Resilience in Ethiopia,Ethiopia,5086,World Vision Australia,A/R,,Large Scale,100000
Nature-based Solutions for Regenerated Forests and Community Resilience in Ethiopia - Chifra 01,Ethiopia,5087,World Vision Australia,A/R,,Large Scale,20000
Azimayi Improved Cookstoves in the Republic of Malawi,Malawi,5089,Tembo Climate Limited,Energy Efficiency - Domestic,,Large Scale,400000
Chestnut Sustainable Restoration Megaton Project,United States,5090,"CC Project SPV, LLC",A/R,,Large Scale,82050
GS12494 GS12495 RVPA 1 Improved Cookstove Distribution in Rajasthan and Gujarat by Alphabet Greens,India,5091,ALPHABET GREENS PRIVATE LIMITED,Energy Efficiency - Domestic,,Large Scale,103335
RANOVOLA Water Program,Madagascar,5092,SweetSense Inc.,Energy Efficiency - Domestic,,Small Scale,60000
GS23280 VPA-1 RANOVOLA Water Program in Madagascar,Madagascar,5093,SweetSense Inc.,Energy Efficiency - Domestic,,Small Scale,60000
GS 12544 VPA 01 Sidama Multipurpose Cook Stove Distribution Project ,Ethiopia,5096,Addis Ababa University - Horn of Africa Regional Environmental Center and Network (AAU-HoAREC&N),Energy Efficiency - Domestic,,Small Scale,16111
Canbaz Shipping Group Retrofit Project 1,International,5098,IO'S GEMI KIRALAMA VE DIS TIC. LTD. STI.,Energy Efficiency - Transport Sector,GS Retrofit Energy Efficiency Measures in Shipping v2,Micro Scale,1986
Community Cookstove Program in Madagascar by WeAct,Madagascar,5101,WeAct Pty Ltd,Energy Efficiency - Domestic,,Small Scale,0
VPA-1 COMMUNITY COOKSTOVE PROGRAM IN MADAGASCAR BY WEACT,Madagascar,5102,WeAct Pty Ltd,Energy Efficiency - Domestic,,Micro Scale,10000
"GS11949 GS11996 RVPA-4 Small-scale solar electrical programme, South Africa",South Africa,5116,BLUE WORLD CARBON ASSET MANAGEMENT (PTY) LTD,PV,,Small Scale,21510
"GS11949 GS11996 RVPA-5 Small-scale solar electrical programme, South Africa",South Africa,5117,BLUE WORLD CARBON ASSET MANAGEMENT (PTY) LTD,PV,,Small Scale,20630
"GS11949 GS11996 RVPA-6 Small-scale solar electrical programme, South Africa",South Africa,5118,BLUE WORLD CARBON ASSET MANAGEMENT (PTY) LTD,PV,,Small Scale,21193
"GS11949 GS11996 RVPA-7 Small-scale solar electrical programme, South Africa",South Africa,5119,BLUE WORLD CARBON ASSET MANAGEMENT (PTY) LTD,PV,,Small Scale,17131
"GS11949 GS11996 RVPA-8 Small-scale solar electrical programme, South Africa",South Africa,5120,BLUE WORLD CARBON ASSET MANAGEMENT (PTY) LTD,PV,,Small Scale,8833
"GS11949 GS11996 RVPA-9 Small-scale solar electrical programme, South Africa",South Africa,5123,BLUE WORLD CARBON ASSET MANAGEMENT (PTY) LTD,PV,,Small Scale,19485
"GS11949 GS11996 RVPA-10 Small-scale solar electrical programme, South Africa",South Africa,5124,BLUE WORLD CARBON ASSET MANAGEMENT (PTY) LTD,PV,,Small Scale,21758
Improved Cookstoves Distribution Programme in Mozambique,Mozambique,5150,EKI Energy Services Limited,Energy Efficiency - Domestic,,Small Scale,0
GS12362  GS12363 VPA 02 Safe Water Drinking Programme in Maharashtra,India,5170,RITE WATER SOLUTIONS (INDIA) PRIVATE LIMITED,Energy Efficiency - Domestic,,Small Scale,49097
GS12362 GS12363 VPA 03 Safe Water Drinking Programme in Maharashtra,India,5171,RITE WATER SOLUTIONS (INDIA) PRIVATE LIMITED,Energy Efficiency - Domestic,GS Methodology for emission reductions from safe drinking water supply,Small Scale,51860
GS12362 GS12363 VPA 04 Safe Water Drinking Programme in Maharashtra,India,5172,RITE WATER SOLUTIONS (INDIA) PRIVATE LIMITED,Energy Efficiency - Domestic,GS Methodology for emission reductions from safe drinking water supply,Small Scale,43833
GS12362 GS12363 VPA 05 Safe Water Drinking Programme in Maharashtra,India,5173,RITE WATER SOLUTIONS (INDIA) PRIVATE LIMITED,Energy Efficiency - Domestic,GS Methodology for emission reductions from safe drinking water supply,Small Scale,56968
GS12362 GS12363 VPA 06 Safe Water Drinking Programme in Maharashtra ,India,5176,RITE WATER SOLUTIONS (INDIA) PRIVATE LIMITED,Energy Efficiency - Domestic,,Small Scale,53383
GS12362 GS12363 VPA 07 Safe Water Drinking Programme in Maharashtra ,India,5178,RITE WATER SOLUTIONS (INDIA) PRIVATE LIMITED,Energy Efficiency - Domestic,,Small Scale,52397
GS12362 GS12363 VPA 08 Safe Water Drinking Programme in Maharashtra,India,5179,RITE WATER SOLUTIONS (INDIA) PRIVATE LIMITED,Energy Efficiency - Domestic,,Small Scale,56960
GS12362 GS12363 VPA 09 Safe Water Drinking Programme in Maharashtra,India,5180,RITE WATER SOLUTIONS (INDIA) PRIVATE LIMITED,Energy Efficiency - Domestic,,Small Scale,56848
GS12362 GS12363 VPA 10 Safe Water Drinking Programme in Maharashtra,India,5181,RITE WATER SOLUTIONS (INDIA) PRIVATE LIMITED,Energy Efficiency - Domestic,,Small Scale,54016
GS12362 GS12363 VPA 11 Safe Water Drinking Programme in Maharashtra,India,5182,RITE WATER SOLUTIONS (INDIA) PRIVATE LIMITED,Energy Efficiency - Domestic,,Small Scale,57593
GS12362 GS12363 VPA 12 Safe Water Drinking Programme in Maharashtra,India,5183,RITE WATER SOLUTIONS (INDIA) PRIVATE LIMITED,Energy Efficiency - Domestic,,Small Scale,56325
Sarkylmas Kuat Wind Power Project,Kazakhstan,5198,Monsoon Carbon Pte Ltd,Wind,,Large Scale,113550
Healthy Kitchens and Happy Lives in Africa,"Congo, the Democratic Republic of the",5200,SDG 13 Ventures,Energy Efficiency - Domestic,,Large Scale,2000000
Enabling Clean Energy Transitions Through BESS Integration,India,5203,Juniper Green Energy Pvt. Ltd.,Other,,Large Scale,1970650
Promoting Regenerative Agriculture for Nature (PRAN) ,India,5207,Grow Indigo Private Limited,Other,,Small Scale,0
VPA 01 Low carbon rice farming in India,India,5208,Grow Indigo Private Limited,Other,,Small Scale,59810
Restore Africa: Restoring Landscapes and Livelihoods in Western Uganda,Uganda,5209,Global Evergreening Alliance,A/R,,Large Scale,412000
Restore Africa: Restoring Landscapes and Livelihoods in Malawi,Malawi,5210,Global Evergreening Alliance,A/R,,Large Scale,478000
Restore Africa: Restoring Landscapes and Livelihoods in Coastal Kenya,Kenya,5211,Global Evergreening Alliance,A/R,,Large Scale,148000
Restore Africa: Restoring Landscapes and Livelihoods in Western Kenya and Rift Valley,Kenya,5212,Global Evergreening Alliance,A/R,,Large Scale,120000
"GS12219 GS12220 RVPA-1 Global Household Water Treatment Technology dissemination project, Madhya Pradesh",India,5213,EKI Energy Services Limited,Energy Efficiency - Domestic,,Micro Scale,10000
Swacch Hawa Chulho (Cookstove) Project in Nepal by Removall,Nepal,5214,Removall,Energy Efficiency - Domestic,,Large Scale,250000
Idea Balance Safe Water Access Project,"Tanzania, United Republic of",5217,Climate Balanced İklim Enerji Ticaret ve Eğitim Limited Şirketi,Energy Efficiency - Domestic,,Small Scale,21766
SPOUTS Distributed Technology Devices Program in Rwanda,Rwanda,5218,AGS Carbon Advisory,Energy Efficiency - Domestic,,Small Scale,59000
GS12187 Biomass Briquettes at Kensalt ,Kenya,5219,TAMU DMCC,"Biomass, or Liquid Biofuel - Heat",,Small Scale,30000
Agroforestry for Sustainable Land Use and Livelihood Enhancement in India by Infosys,India,5220,Infosys,A/R,,Large Scale,141707
“GREEN ICS BANGLADESH PART 2”,Bangladesh,5221,GREEN SPARK SOLUTIONS AUSTRALIA PTY LTD,Energy Efficiency - Domestic,,Small Scale,50000
Battery Storage Hybrid Renewable Energy Project by Hero Future Energies in Andhra Pradesh,India,5223,Climera Carbon Private Limited,Other,,Large Scale,360144
TASC SOLUM - Sequestration and Optimised Landscapes Using Microbials,South Africa,5224,THE AFRICAN STOVE COMPANY LIMITED,Other,,Large Scale,1260000
TASC SOLUM - Sequestration and Optimised Landscapes Using Microbials - VPA1,South Africa,5225,THE AFRICAN STOVE COMPANY LIMITED,Other,,Large Scale,315000
GS12953 GS12954 RVPA-1 Pungue Project,Mozambique,5226,Removall,Energy Efficiency - Domestic,,Small Scale,60000
"GS11949 GS11996 RVPA-12 Small-scale solar electrical programme, South Africa",South Africa,5227,BLUE WORLD CARBON ASSET MANAGEMENT (PTY) LTD,PV,,Small Scale,0
"GS11949 GS11996 RVPA-16 Small-scale solar electrical programme, South Africa",South Africa,5231,BLUE WORLD CARBON ASSET MANAGEMENT (PTY) LTD,PV,,Small Scale,0
Healthy Kitchens and Happy Lives in Tanzania-VPA01,"Tanzania, United Republic of",5242,SDG 13 Ventures,Energy Efficiency - Domestic,,Small Scale,157190
Rai Matak Baucau Community Forestry Program,Timor-Leste,5243,xPand Foundation,A/R,,Small Scale,2634
GS12953 GS12954 RVPA-2 Pungue Project,Mozambique,5247,Removall,Energy Efficiency - Domestic,,Small Scale,60000
ATEC Biodigesters in Bangladesh,Bangladesh,5250,LIVELIHOODS CARBON FUND SICAV-RAIF,Biogas - Heat,,Large Scale,67933
Nicaragua Sun Power,Nicaragua,5251,Sun Power Sociedad Anónima,PV,,Large Scale,59662
"Landfill gas recovery, energy generation and  biogas distribution from CTR Santa Rosa",Brazil,5252,CICLUS AMBIENTAL DO BRASIL S A,Biogas - Electricity,,Large Scale,1649034
Indonesia Sustainable Ride Programme by EcoSecurities,Indonesia,5253,EcoSecurities Group Limited,Energy Efficiency - Domestic,,Small Scale,60000
GS23331 – VPA 1 – Sustainable Electric Motorbike Project by ESB and EcoSecurities,Indonesia,5254,EcoSecurities Group Limited,Energy Efficiency - Domestic,,Small Scale,60000
GOKTEPE WPP Capacity Increase Project,Turkey,5255,SEKANS ENERJI LIMITED ŞİRKETİ,Wind,,Large Scale,165366
GS7591 VPA 69 Safe Water Supply in Nigeria,Nigeria,5258,CO2balance UK ltd,Energy Efficiency - Domestic,,Small Scale,60000
GS12792 GS13130 VPA-2 Hygiene and Environmental Care for Tanks and Overhead Reservoirs (HECTOR),India,5259,Expert365 Pty Ltd.,Energy Efficiency - Domestic,,Small Scale,34724
Resilient Futures: Building Resilience to Poverty and Climate Change,Togo,5260,Carbon Kind Ltd,Energy Efficiency - Domestic,,Small Scale,40000
Empowering Communities Through Improved Cookstoves ,Togo,5261,Carbon Kind Ltd,Energy Efficiency - Domestic,,Small Scale,0
Niger Delta Community-Driven Mangrove Restoration [Real Case VPA],Nigeria,5262,Sequestr Carbon Inc.,A/R,,Large Scale,112823
Niger Delta Community-Driven Mangrove Restoration [Regular VPA 1],Nigeria,5263,Sequestr Carbon Inc.,A/R,,Large Scale,112823
GS10963 GS11007 VPA 6 – UpEnergy Social and Climate Impact Programme – Cooking Devices VPA 48,Zambia,5264,UpEnergy Group,Energy Efficiency - Domestic,,Small Scale,32194
GS10963 GS11007 VPA 6 – UpEnergy Social and Climate Impact Programme – Cooking Devices VPA 49,Zambia,5275,UpEnergy Group,Energy Efficiency - Domestic,,Small Scale,32194
Oyu - Ubuntu Borehole Revival,South Africa,5277,SHRI MAA MARKETING PRIVATE LIMITED,Energy Efficiency - Domestic,,Large Scale,109342
GS23355 VPA01 Oyu - Ubuntu Borehole Revival ,South Africa,5278,SHRI MAA MARKETING PRIVATE LIMITED,Energy Efficiency - Domestic,,Large Scale,109342
Enhancing Climate Resilience and Rural Livelihoods through Plantation Project by Infosys,India,5279,Infosys,A/R,,Large Scale,110000
Project Saladillo: Sustainable Mosaic Afforestation Operation in Eastern Paraguay,Paraguay,5280,FLS Group AG,A/R,,Large Scale,22835
Green Horizon: Promoting Sustainable Agroforestry Practices for Enhanced Carbon Sequestration and Improved Smallholder’s Livelihood in India,India,5281,Sow and Reap Agro Private Limited,A/R,,Large Scale,148797
Rai Matak Liquica Community Forestry Program,Timor-Leste,5282,xPand Foundation,A/R,,Small Scale,2783
Madad Electric Cookstove (MEC) ,Pakistan,5283,Third Pole Solutions,Energy Efficiency - Domestic,,Small Scale,212692
Sterling Improved Cookstoves Carbon Project ,Ghana,5284,Carbonsink (Carbonsink Group S.r.l.),Energy Efficiency - Domestic,,Large Scale,78446
Ghana Cocoa Agroforestry Livelihoods Project,Ghana,5286,LIVELIHOODS CARBON FUND SICAV-RAIF,A/R,,Large Scale,87287
MEC - VPA 1 - KP & GB Regions ,Pakistan,5287,Third Pole Solutions,Energy Efficiency - Domestic,,Small Scale,0
The Cameroon Clean Households´ Energy Program,Cameroon,5288,Pro Climate International,Energy Efficiency - Domestic,,Small Scale,18122
GS23365 Clean Cooking with Heat Retention Cookers in Cameroon No. 1,Cameroon,5289,Pro Climate International,Energy Efficiency - Domestic,,Small Scale,10122
Carbono Vivo Marañón,Colombia,5290,C-NEUTRAL SAS,A/R,,Large Scale,7424
Carbono Vivo Marañón KardiaNuts & Kashú,Colombia,5291,C-NEUTRAL SAS,A/R,,Large Scale,7424
GS12600 VPA-5 Improved Cooking: Madagascar ,Madagascar,5292,SANITAP LTD,Energy Efficiency - Domestic,,Small Scale,60000
GS12600 VPA-6 Improved Cooking: Madagascar,Madagascar,5293,SANITAP LTD,Energy Efficiency - Domestic,,Small Scale,60000
Accelerating Access to Clean Cooking in Kenya by Nyalore Impact Limited,Kenya,5295,Nyalore Impact Limited,Energy Efficiency - Domestic,,Large Scale,0
Agroforestry for Livelihoods and Climate Resilience in India: A Joint Initiative by Infosys and SGI Foundation,India,5296,Infosys,A/R,,Large Scale,132056
Agroforestry for Livelihoods and Climate Resilience in Odisha: A Joint Initiative by Infosys and SGI Foundation,India,5297,Infosys,A/R,,Large Scale,44061
Producción sostenible de biofertilizantes y biogás a partir de desechos de materia orgánica. Canarias,Spain,5298,"ATH Bioenergy Canarias, S.L.",Biogas - Heat,,Small Scale,41696
Producción sostenible de biofertilizantes y biogás a partir de desechos de materia orgánica. Gran Canaria,Spain,5299,"ATH Bioenergy Canarias, S.L.",Biogas - Heat,,Small Scale,10423
GS23365 Clean Cooking with Biomass Gasification in Cameroon No. 1,Cameroon,5301,Pro Climate International,Energy Efficiency - Domestic,,Small Scale,8000
University of Guam Sustainable Reforestation and Carbon Offset Initiative,Guam,5302,University of Guam Center for Island Sustainability & Sea Grant (UOG CIS & SG),A/R,,Small Scale,400
Project Vrihi : Decarbonising Paddy Farming with AWD in districts of East India,India,5304,InQube Technologies Private Limited,Other,,Small Scale,50000
METHANE EMISSION REDUCTION BY AWD IN RICE FARMING IN CAMBODIA,Cambodia,5306,Thanks Carbon Inc.,Other,,Small Scale,1500000
METHANE EMISSION REDUCTION BY AWD IN RICE FARMING IN CAMBODIA-VPA01,Cambodia,5307,Thanks Carbon Inc.,Other,,Small Scale,60000
METHANE EMISSION REDUCTION BY AWD IN RICE FARMING IN CAMBODIA-VPA02,Cambodia,5308,Thanks Carbon Inc.,Other,,Small Scale,60000
Delivering Safe Drinking Water in Odisha by Spring Health,India,5310,myclimate Foundation,Energy Efficiency - Domestic,,Small Scale,20000
GS 10963 VPA 50 – UpEnergy – Social and Climate Impact Programme – Cooking Devices ,"Tanzania, United Republic of",5311,UpEnergy Group,Energy Efficiency - Domestic,,Small Scale,42873
GS 10963 VPA 51 – UpEnergy – Social and Climate Impact Programme – Cooking Devices ,"Tanzania, United Republic of",5312,UpEnergy Group,Energy Efficiency - Domestic,,Small Scale,42873
GS 10963 VPA 52 – UpEnergy – Social and Climate Impact Programme – Cooking Devices,"Tanzania, United Republic of",5313,UpEnergy Group,Energy Efficiency - Domestic,,Small Scale,42873
Clean Cookstove Project for households in Nepal ,Nepal,5316,Climate Future,Energy Efficiency - Domestic,,Small Scale,280000
VPA 1: GS23381 - Project Vrihi : Decarbonising Paddy Farming with AWD in districts of East India,India,5318,InQube Technologies Private Limited,Other,,Small Scale,50000
GS23392 VPA-1 Clean Cookstove Project for households in Nepal,Nepal,5319,Climate Future,Energy Efficiency - Domestic,,Small Scale,0
GS PoA for Sustainable Rice Cultivation Projects in India,India,5321,LANDMARK AGRI EXPORTS PRIVATE LIMITED,Other,,Small Scale,48141
GS2393 VPA_1 Impact Water Safe Drinking Water initiative in Uganda,Uganda,5327,Impact Carbon,Energy Efficiency - Domestic,,Small Scale,60000
GS2393 GS23403 RVPA_1 Impact Water Safe Drinking Water initiative in Uganda VPA1,Uganda,5328,Impact Carbon,Energy Efficiency - Domestic,,Small Scale,60000
GS12600 VPA-7 Improved Cooking: Madagascar,Madagascar,5333,SANITAP LTD,Energy Efficiency - Domestic,,Small Scale,60000
BIWACALI,Ethiopia,5334,FORLIANCE,A/R,,Large Scale,50000
Durable Solutions Congo: Clean energy and environmental resilience in the DRC,"Congo, the Democratic Republic of the",5345,Solutions Durables-Congo,Energy Efficiency - Domestic,,Large Scale,72191
GS23301 VPA-1 Rwanda Clean Cookstoves project,Rwanda,5346,AGS Carbon Advisory,Energy Efficiency - Domestic,,Small Scale,59400
GS23301 VPA-2 Rwanda Safe Water Filter project by SPOUTS,Rwanda,5347,AGS Carbon Advisory,Energy Efficiency - Domestic,,Small Scale,59000
FS BECCS Project,Brazil,5348,FS Industria de Biocombustíveis Ltda,Other,,Large Scale,487807
Parque Fotovoltaico Villarpando,Dominican Republic,5355,NATURAL WORLD ENERGY CORPORATION NWEC SRL,Other,,Large Scale,136763
MuLaKiLa,Rwanda,5357,Reforest’Action,A/R,,Large Scale,178500
Inclusive Social Forestry with Small-holder Farmers in Timor Leste,Timor-Leste,5358,Value Network Ventures Pte. Ltd.,A/R,,Large Scale,57833
GHG Emissions Reduction & Sequestration - Afforestation/Reforestation - Future Radici,Italy,5359,Leone Alato S.p.A.,A/R,,Small Scale,15938
GS12087 VPA-2 SCIF Schools Drinking Water Project in Rwanda,Rwanda,5360,SUSTAINABLE CLIMATE IMPACT FUND LIMITED,Energy Efficiency - Domestic,,Small Scale,1931
GHG Emissions Reduction & Sequestration - Afforestation/Reforestation - Future Radici (Lanuvio-Roma-Lazio),Italy,5361,Leone Alato S.p.A.,A/R,,Micro Scale,5000
Climate Friendly Paddy Cultivation in Bangladesh,Bangladesh,5362,Value Network Ventures Pte. Ltd.,Other,,Small Scale,46212
GS23436 VPA-1 Climate Friendly Paddy Cultivation in Bangladesh,Bangladesh,5363,Value Network Ventures Pte. Ltd.,Other,,Small Scale,46212
GS23436 VPA-2 Climate Friendly Paddy Cultivation in Bangladesh,Bangladesh,5364,Value Network Ventures Pte. Ltd.,Other,,Small Scale,47753
GS23436 VPA-3 Climate Friendly Paddy Cultivation in Bangladesh,Bangladesh,5365,Value Network Ventures Pte. Ltd.,Other,,Small Scale,52192
GS23436 VPA-4 Climate Friendly Paddy Cultivation in Bangladesh,Bangladesh,5366,Value Network Ventures Pte. Ltd.,Other,,Small Scale,48991
GS23436 VPA-5 Climate Friendly Paddy Cultivation in Bangladesh,Bangladesh,5367,Value Network Ventures Pte. Ltd.,Other,,Small Scale,48991
GS23436 VPA-6 Climate Friendly Paddy Cultivation in Bangladesh,Bangladesh,5368,Value Network Ventures Pte. Ltd.,Other,,Small Scale,48991
GS23436 VPA-7 Climate Friendly Paddy Cultivation in Bangladesh,Bangladesh,5369,Value Network Ventures Pte. Ltd.,Other,,Small Scale,48991
GS23436 VPA-8 Climate Friendly Paddy Cultivation in Bangladesh,Bangladesh,5370,Value Network Ventures Pte. Ltd.,Other,,Small Scale,48991
GS23436 VPA-9 Climate Friendly Paddy Cultivation in Bangladesh,Bangladesh,5371,Value Network Ventures Pte. Ltd.,Other,,Small Scale,48991
GS23436 VPA-10 Climate Friendly Paddy Cultivation in Bangladesh,Bangladesh,5372,Value Network Ventures Pte. Ltd.,Other,,Small Scale,48991
Developing sustainable rice value chains for   smallholder farmers in Dong Thap from 2022 –  2035  ,Viet Nam,5373,LIVELIHOODS CARBON FUND SICAV-RAIF,Other,,Small Scale,0
GS12572 VPA-3 Sustainable Paddy Cultivation Initiative in India,India,5374,ERDA ILLUMINE LOW CARBON SOLUTIONS PRIVATE LIMITED,Other,,Small Scale,52821
"GS12087 GS12088 RVPA-1 Uganda Safe Drinking Water Project, Phase 2",Uganda,5375,SUSTAINABLE CLIMATE IMPACT FUND LIMITED,Energy Efficiency - Domestic,,Small Scale,36351
Building Climate Resilience through Agroforestry Practices in Tanzania,"Tanzania, United Republic of",5376,Value Network Ventures Pte. Ltd.,A/R,,Large Scale,79748
Sala Makala Cookstove Project,"Congo, the Democratic Republic of the",5379,Solutions Durables-Congo,Energy Efficiency - Domestic,,Large Scale,72191
Community Initiated Regeneration for  Carbon and Livelihood Enhancement (CIRCLE) Project,Zambia,5380,World Vision Korea,A/R,,Large Scale,54862
Khonobod 1-2 Solar Power Plant,Uzbekistan,5381,GAİA CLİMATE FİNANSAL DANIŞMANLIK HİZMETLERİ VE TİCARET ANONİM ŞİRKETİ,PV,,Large Scale,554070
Plant and Prosper - Agroforestry Project by Infosys,India,5382,Infosys,A/R,,Large Scale,1040843
Rai Matak Lautem & Lospalos Community Forestry Program,Timor-Leste,5384,xPand Foundation,A/R,,Small Scale,2688
Rai Matak Quelicai & Laga Community Forestry Program,Timor-Leste,5385,xPand Foundation,A/R,,Small Scale,1027
"Rai Matak Viqueque, Uatucarbau & Uatulari Community Forestry Program",Timor-Leste,5386,xPand Foundation,A/R,,Small Scale,3148
A/R project in France with Paulownia trees,France,5388,Omega Green,A/R,,Large Scale,50000
"CCT Clean Cooking Project, Tanzania","Tanzania, United Republic of",5389,Clean Cooking Technologies Srl,Energy Efficiency - Domestic,,Large Scale,134378
Uganda – Empower Communities Through Clean Energy,Uganda,5390,EcoNetix GmbH,Energy Efficiency - Domestic,,Small Scale,35000
GS23468 VPA1 Hygiene and Environmental Care for Tanks and Overhead Reservoirs (HECTOR) in Ghana,Ghana,5397,Expert365 Pty Ltd.,Energy Efficiency - Domestic,,Small Scale,0
Hygiene and Environmental Care for Tanks and Overhead Reservoirs (HECTOR) in Cambodia,Cambodia,5398,Expert365 Pty Ltd.,Energy Efficiency - Domestic,,Small Scale,45122
Cova Safe Water Program in Central America,Honduras,5399,Cova Agua,Energy Efficiency - Domestic,,Small Scale,25250
Cova Safe Water Project - Honduras,Honduras,5400,Cova Agua,Energy Efficiency - Domestic,,Small Scale,25250
Sustainable Cooking Solutions for Rural Communities: Madhya Pradesh Initiative,India,5402,Vision Greenen Tech Private Limited,Energy Efficiency - Domestic,,Large Scale,47596
FleetRefit Programme,International,5403,SACCI1 LTD,Energy Efficiency - Transport Sector,,Small Scale,20000
Ecofoyer Guinée - Programme for the Dissemination of Improved and Advanced Cookstoves in Guinea,Guinea,5405,Carbon Neutral Energy Systems (C-NES),Energy Efficiency - Domestic,,Large Scale,65000
"Ecofoyer Guinée: Real-case VPA1 - Conakry, N’Zérékoré, Forécariah, and Beyla",Guinea,5406,Carbon Neutral Energy Systems (C-NES),Energy Efficiency - Domestic,,Large Scale,65000
GS13138 VPA1 Hygiene and Environmental Care for Tanks and Overhead Reservoirs (HECTOR) in Cambodia,Cambodia,5407,Expert365 Pty Ltd.,Energy Efficiency - Domestic,,Small Scale,0
Electric Cooking Program in Bangladesh by ATEC VPA04,Bangladesh,5408,ATEC Australia-International Pty Ltd,Energy Efficiency - Domestic,,Large Scale,750000
Uduma's Safe Water Program,Mali,5410,Uduma,Energy Efficiency - Domestic,,Small Scale,26000
Uduma's Safe Water Project in Mali,Mali,5411,Uduma,Energy Efficiency - Domestic,,Small Scale,26000
GS7591 VPA 70 Safe Water Supply in Nigeria,Nigeria,5413,CO2balance UK ltd,Energy Efficiency - Domestic,,Small Scale,60000
GS7591 VPA 71 Safe Water Supply in Nigeria,Nigeria,5414,CO2balance UK ltd,Energy Efficiency - Domestic,,Small Scale,60000
GS7591 VPA 72 Safe Water Supply in Nigeria,Nigeria,5415,CO2balance UK ltd,Energy Efficiency - Domestic,,Small Scale,60000
GS23461-A/R project in Auvergne- Rhône Alpes and Grand-Est regions with Paulownia trees,France,5419,Omega Green,A/R,,Large Scale,0
GS12793 GS12794 Mitti Labs: Supporting Climate Smart Rice Farming In Andhra Pradesh,India,5420,Mitti Labs Limited,Other,,Small Scale,38549
Community Program for the Preservation and Restoration of Mangroves,Mexico,5422,IBERDROLA CARBON 2 NATURE MEXICO S.A DE C.V.,A/R,,Large Scale,0
GS23487-Mangrove Restoration Project of 500 Hectares,Mexico,5423,IBERDROLA CARBON 2 NATURE MEXICO S.A DE C.V.,A/R,,Micro Scale,9393
"Small Farmers' Carbon Farming Project in Chishang, Taiwan",Taiwan,5426,Eco-affinity Inc,Other,,Micro Scale,838
US SecondCropTM Microbial Carbon Removal (USSC24),United States,5427,Loam Bio LLC,Other,,Small Scale,25349
Community Carbon Efficient Cooking Programme --Nepal,Nepal,5428,SINGAPORE TREASURE CARBON TECH PTE. LTD.,Energy Efficiency - Domestic,,Large Scale,0
Community Carbon Efficient Cooking Programme VPA01: Nepal,Nepal,5429,SINGAPORE TREASURE CARBON TECH PTE. LTD.,Energy Efficiency - Domestic,,Large Scale,138541
Next Green Energy Wind Power Project,Kazakhstan,5435,Monsoon Carbon Pte Ltd,Wind,,Large Scale,113550
CDR ORINOQUIA,Colombia,5442,Biofix Consultoría S.A.S. BIC,A/R,,Large Scale,83768
GS23502 VPA-1 Factory Price Station,Brazil,5443,TAMPEC SOLUCOES EM TECNOLOGIA E LOGISTICA LTDA/Green Mining,Other,,Small Scale,2636
Abydos For Renewable Energy,Egypt,5448,AMEA Power Ltd,Other,,Large Scale,1500000
Greenated Small Farmers AgroForestry Project in India,India,5449,Greenated Clima Tech Private Limited,A/R,,Small Scale,20000
Smart Train Lease CO2 Reduction Project,Germany,5455,Smart Train Lease GmbH,Energy Efficiency - Transport Sector,,Small Scale,10334
BIOPLANTATION Ghana Regenerative Agroforestry Project,Ghana,5456,BioPlantation Ghana Ltd,A/R,,Large Scale,65000
Scaling up the production and sale of efficient cookstoves in the urban areas of Maputo Province,Mozambique,5457,Carbonsink (Carbonsink Group S.r.l.),Energy Efficiency - Domestic,,Large Scale,400000
Eternal Flame cooking bags,Lesotho,5458,Eternal Flame Worldwide Ltd,Energy Efficiency - Domestic,,Small Scale,13850
Mechanical Reuse of Steel Plates from Wind Turbines,Germany,5459,South Pole Ltd,Other,,Small Scale,7100
Reducing Methane Emissions through Improved Rice Cultivation in India,India,5460,Commonland B.V.,Other,,Small Scale,37055
Transforming Rice Cultivation in Kabirdham,India,5461,Commonland B.V.,Other,,Small Scale,37055
QSHM Cork Oak Afforestation Pre 2026,Spain,5465,Quercus Suber Heritage Management SAS,A/R,,Micro Scale,0
Katunguru Restoration Project,Uganda,5466,PRIMAKLIMA e.V.,A/R,,Small Scale,8348
Water for the Planet Initiative,Rwanda,5472,Water Access Rwanda,Energy Efficiency - Domestic,,Small Scale,52635
GS23532-Water for the Planet Initiative - VPA - 001,Rwanda,5473,Water Access Rwanda,Energy Efficiency - Domestic,,Small Scale,52635
Biogas for Households (FIT-B4H),India,5474,Fair Climate Fund India Private Limited,Biogas - Heat,,Small Scale,55000
Proyecto Forestal Los Tualdos,Argentina,5475,PLANTIFY S.A.,A/R,,Small Scale,3524
QSHM Cork Oak Afforestation 2026,Spain,5476,Quercus Suber Heritage Management SAS,A/R,,Small Scale,0
GS13044 GS13045 RVPA-1 Kenya LifeStraw Give Back Program,Kenya,5489,SweetSense Inc.,Energy Efficiency - Domestic,,Small Scale,60000
d.light Clean Energy Access Programme - Africa,Nigeria,5490,d.lightdesign Ltd,Energy Efficiency - Domestic,,Small Scale,0
GS23548-VPA-1 d.light Clean Energy Access Programme-Nigeria,Nigeria,5491,d.lightdesign Ltd,Energy Efficiency - Domestic,,Small Scale,60000
GS23548-GS23549-RVPA-1 d.light Clean Energy Access Programme-Nigeria,Nigeria,5492,d.lightdesign Ltd,Energy Efficiency - Domestic,,Small Scale,60000
GS23548-VPA-2 d.light Clean Energy Access Programme-Tanzania,"Tanzania, United Republic of",5493,d.lightdesign Ltd,Energy Efficiency - Domestic,,Small Scale,60000
GS23548-VPA-3 d.light Clean Energy Access Programme-Madagascar,Madagascar,5494,d.lightdesign Ltd,Energy Efficiency - Domestic,,Small Scale,60000
GS12239-GS12240- RVPA-2 Amazi Meza Rwanda Water Supply Project For Schools,Rwanda,5498,SweetSense Inc.,Energy Efficiency - Domestic,,Small Scale,60000
GS12856-VPA-1 Unlocking Communities High Efficiency Charcoal Cookstove for Households,Haiti,5499,Unlocking Communities,Energy Efficiency - Domestic,,Large Scale,60000
IRIBA Water Access Program in Rwanda ,Rwanda,5503,IRIBA Water Group Ltd.,Energy Efficiency - Domestic,,Small Scale,60000
Kuphatana - Acções Inclusivas para Florestas Sustentáveis ​​em Moçambique,Mozambique,5504,Carbonsink (Carbonsink Group S.r.l.),A/R,,Small Scale,8925
The Future of Cooking in Emerging Countries,Zambia,5506,Koalisation S.R.L. SB,Energy Efficiency - Domestic,,Large Scale,0
Nestlé & FNC Tree Planting Colombia,Colombia,5511,South Pole Ltd,A/R,,Large Scale,64861
GS23562- VPA 1 The Future of Cooking in Zambia,Zambia,5516,Koalisation S.R.L. SB,Biogas - Heat,,Large Scale,0
GS12856-VPA-2 Unlocking Communities Water Filters for Institutions,Haiti,5517,Unlocking Communities,Energy Efficiency - Domestic,,Small Scale,60000
GS12856-VPA-3 Unlocking Communities Water Filters for Households,Haiti,5518,Unlocking Communities,Energy Efficiency - Domestic,,Large Scale,60000
CGR Guatapara Landfill Project,Brazil,5526,ESTRE AMBIENTAL S.A.,Other,,Large Scale,335002
Proactiva CGA Iperó Landfill Gas to Energy Project,Brazil,5534,Proactiva Meio Ambiente Ltda,Other,,Large Scale,214253
GS10789-GS10790-RVPA-91: Efficient and Clean Cooking for households in Zambia,Zambia,5535,GLOBAL COOKSTOVES 3 LIMITED,Energy Efficiency - Domestic,,Large Scale,12890
Büyükkışla WPP Project with BESS ,Turkey,5537,Entek Elektrik Üretimi A.Ş.,Wind,,Large Scale,218501
PoA Westwind Wonder Stoves Carbon Initiative,Senegal,5540,Westwind Energy (SL) Limited,Energy Efficiency - Domestic,,Large Scale,0
GS23596-VPA-1 Wonder Stove Improved Wood Cookstoves Programme-Senegal,Senegal,5541,Westwind Energy (SL) Limited,Energy Efficiency - Domestic,,Large Scale,120000
GS23596-VPA-2 Wonder Stove Improved Charcoal Cookstoves Programme-Senegal,Senegal,5542,Westwind Energy (SL) Limited,Energy Efficiency - Domestic,,Large Scale,150000
Low Carbon Cities and Carbon Market Development Project,Thailand,5561,Krungthai Bank Public Company Limited (KTB),Energy Efficiency - Domestic,,Large Scale,8030
GS23612 - VPA-1 - Renewable energy generation through solar photovoltaic in Thailand,Thailand,5562,Krungthai Bank Public Company Limited (KTB),PV,,Small Scale,8030
GS23612 - VPA-1 - Energy efficiency retrofits for buildings in Thailand,Thailand,5563,Krungthai Bank Public Company Limited (KTB),Energy Efficiency - Domestic,,Large Scale,24000
GS23612- VPA-1 - Energy efficient street lighting in Thailand,Thailand,5564,Krungthai Bank Public Company Limited (KTB),Energy Efficiency - Public Sector,,Small Scale,0
GS23612- VPA-1 - Transition to electric vehicles in Thailand,Thailand,5565,Krungthai Bank Public Company Limited (KTB),Energy Efficiency - Transport Sector,,Small Scale,60000
KPC Arakan 1 Project,Philippines,5569,Kilambay Plantation Corp,A/R,,Large Scale,130000
Los Granadillos Wind Park,Dominican Republic,5577,ENERION RENEWABLES S.R.L. SEMPLIFICATA,Wind,,Large Scale,104000
Matafongo Solar Park,Dominican Republic,5578,ENERION RENEWABLES S.R.L. SEMPLIFICATA,PV,,Large Scale,80000
GS23168-GS23169-OYU - Clean Water for Malawian Communities,Malawi,5581,SHRI MAA MARKETING PRIVATE LIMITED,Energy Efficiency - Domestic,,Large Scale,0
EOS Climate – High-Integrity Climate & Social Impact Programme,Malawi,5597,EOS CLIMATE AND ENERGY LTD,Energy Efficiency - Domestic,,Small Scale,60000
GS23645-VPA-1 Wells of Life: Sustainable Safe Water for Malawi,Malawi,5599,EOS CLIMATE AND ENERGY LTD,Energy Efficiency - Domestic,,Small Scale,30000
Water for People – Clean Water Access Programme in Africa,Malawi,5611,Water For People,Energy Efficiency - Domestic,,Small Scale,60000
GS23659- Madzi Clean Water Project,Malawi,5612,Water For People,Energy Efficiency - Domestic,,Small Scale,60000
GS23659- Ubuzima Clean Water Project,Rwanda,5613,Water For People,Energy Efficiency - Domestic,,Small Scale,60000
Bundled Battery Energy Storage and Renewable Energy Generation by AES,Chile,5387,Aes Andes S.A.,Wind,,Large Scale,234557
"20 MW Solar Project in Sanwreej, Jodhpur, Rajasthan",India,1373,Infinite Environmental Solutions Limited,Other,ACM0002 Grid-connected electricity generation from renewable sources,Large Scale,32743
30 MW Solar PV Project by Nirosha Solar Power Private Limited,India,1375,EKI Energy Services Limited,Solar Thermal - Electricity,ACM0002 Grid-connected electricity generation from renewable sources,Large Scale,46815
Renewable Power Project by Emami Power Ltd,India,1376,EKI Energy Services Limited,Solar Thermal - Electricity,ACM0002 Grid-connected electricity generation from renewable sources,Large Scale,31689
"40 MW Orange Charanka Solar Power Project in Gujarat, India",India,1377,Orange Renewable Power Pvt Ltd,Other,ACM0002 Grid-connected electricity generation from renewable sources,Large Scale,84421
"Bokpoort CSP (Concentrating Solar Power) Project, South Africa",South Africa,1380,ACWA Power Solafrica Bokpoort CSP Power,Solar Thermal - Electricity,ACM0002 Grid-connected electricity generation from renewable sources,Large Scale,205501
"GHG abatement through Solar Power Generation at Jaisalmer, Rajasthan, India",India,1381,EKI Energy Services Limited,Solar Thermal - Electricity,AMS-I.D. Grid connected renewable electricity generation,Large Scale,7889
"19.2 MWp Solar Power Project by HZL at Debari and Dariba, Rajasthan",India,1384,Hindustan Zinc Limited,Solar Thermal - Electricity,ACM0002 Grid-connected electricity generation from renewable sources,Large Scale,23462
"GS1247 VPA 109 Improved Kitchen Regimes: Kayonza District Borehole Project, Rwanda",Rwanda,1388,CO2balance UK ltd,Energy Efficiency - Domestic,GS TPDDTEC v 1.,Micro Scale,10000
Solar Lighting in Rural Areas PoA,Ethiopia,1389,myclimate Foundation,Solar Thermal - Electricity,AMS-I.A. Electricity generation by the user,Micro Scale,0
Solar Lighting in Rural Ethiopia - VPA 1,Ethiopia,1390,myclimate Foundation,Solar Thermal - Electricity,AMS-I.A. Electricity generation by the user,Microscale,10000
Mersin Wind Farm Project,Turkey,1397,Galata Wind Enerji A.S.,Wind,,Large Scale,151362
GS1340 Efficient cookstoves in Burkina Faso - VPA-01 - tiipaalga F3PA cookstoves in Bam and Loroum,Burkina Faso,1398,Tiipaalga,Energy Efficiency - Domestic,,Micro Scale,8818
GS1340 Efficient cookstoves in Burkina Faso - VPA-02 - tiipaalga F3PA cookstoves in Bam and Loroum,Burkina Faso,1399,Tiipaalga,Energy Efficiency - Domestic,,Micro Scale,8822
GS1340 Efficient cookstoves in Burkina Faso – VPA-11 - tiipaalga F3PA cookstoves in Kourwéogo,Burkina Faso,1400,Tiipaalga,Energy Efficiency - Domestic,,Micro Scale,10000
GS1340 Efficient cookstoves in Burkina Faso – VPA-12 - tiipaalga F3PA cookstoves in Kourwéogo,Burkina Faso,1402,Tiipaalga,Energy Efficiency - Domestic,,Micro Scale,10000
"*Burgaz Wind Farm Project, Turkey",Turkey,1403,Yeniden Enerji Elektrik Uretim Anonim Sirketi,Other,AMS-I.D. Grid connected renewable electricity generation,Small Scale,28766
"Kozbeyli 30 MW Wind Farm Project, Turkey",Turkey,1404,Dogal Enerji Elektrik Uretim A.S.,Wind,ACM0002 Grid-connected electricity generation from renewable sources,Large Scale,76518
VPA 6 Kilifi Borehole Rehabilitation Project,Kenya,1405,CO2balance UK ltd,Energy Efficiency - Domestic,GS TPDDTEC v 1.,Small Scale,15777
GS1247 VPA 86 Southern Ethiopia Community Boreholes,Ethiopia,1406,CO2balance UK ltd,Energy Efficiency - Domestic,,Micro Scale,10000
"Alize Camseki 20.8 MW Wind Farm Project, Turkey (300209)  ",Turkey,1407,Alize Enerji Elektrik Uretim Anonim Sirketi,Wind,ACM0002 Grid-connected electricity generation from renewable sources,Large Scale,39634
GS1366 VPA 7 Kilifi Borehole Rehabilitation Project,Kenya,1408,CO2balance UK ltd,Energy Efficiency - Domestic,GS TPDDTEC v 1.,Microscale,10000
GS1366 VPA 8 Kilifi Borehole Rehabilitation Project,Kenya,1409,CO2balance UK ltd,Energy Efficiency - Domestic,GS TPDDTEC v 1.,Microscale,10000
GS1366 VPA 9 Kilifi Borehole Rehabilitation Project,Kenya,1410,CO2balance UK ltd,Energy Efficiency - Domestic,GS TPDDTEC v 1.,Microscale,10000
GS1247 VPA 160 Improved Kitchen Regimes Manica Province Safe Water (Mozambique) ,Mozambique,1411,CO2balance UK ltd,Energy Efficiency - Domestic,GS TPDDTEC v 1.,Micro Scale,10000
GS1247 VPA 161 Improved Kitchen Regimes Manica Province Safe Water (Mozambique) ,Mozambique,1412,CO2balance UK ltd,Energy Efficiency - Domestic,GS TPDDTEC v 1.,Micro Scale,10000
GS1247 VPA 162 Improved Kitchen Regimes Manica Province Safe Water (Mozambique) ,Mozambique,1413,CO2balance UK ltd,Energy Efficiency - Domestic,,Micro Scale,9216
GS1247 VPA 163 Improved Kitchen Regimes Manica Province Safe Water (Mozambique) ,Mozambique,1414,CO2balance UK ltd,Energy Efficiency - Domestic,GS TPDDTEC v 1.,Micro Scale,10000
"GS1247 VPA 164 EcoZoom Improved Stove Programme, Uganda",Uganda,1415,"BioLite, Inc.",Energy Efficiency - Domestic,,Micro Scale,9998
"50 MW Mahoba Solar PV Power Project by M/s Prayatna Developers Pvt. Ltd. at Mahoba, UP",India,1416,Infinite Environmental Solutions Limited,Solar Thermal - Electricity,ACM0002 Grid-connected electricity generation from renewable sources,Large Scale,90900
GS1247 VPA 159 Improved Kitchen Regimes Manica Province Safe Water (Mozambique) ,Mozambique,1417,CO2balance UK ltd,Energy Efficiency - Domestic,GS TPDDTEC v 1.,Micro Scale,10000
Corum Solar Power Plant Project,Turkey,1418,Galata Wind Enerji A.S.,Solar Thermal - Electricity,AMS-I.D. Grid connected renewable electricity generation,Small Scale,7
GS1247 VPA 88 Southern Ethiopia Community Boreholes,Ethiopia,1419,CO2balance UK ltd,Energy Efficiency - Domestic,,Micro Scale,10000
GS1247 VPA 127 Southern Ethiopia Community Boreholes,Ethiopia,1420,CO2balance UK ltd,Energy Efficiency - Domestic,,Micro Scale,10000
Household Biogas plants installed in rural areas of Maharashtra,India,1421,Value Network Ventures Pte. Ltd.,Biogas - Heat,,Small Scale,48551
"*Keltepe Wind Farm Project , Turkey",Turkey,1422,Alize Enerji Elektrik Uretim Anonim Sirketi,Wind,ACM0002 Grid-connected electricity generation from renewable sources,Large Scale,47531
Sayalar Wind Farm Capacity Addition Project,Turkey,1423,Dogal Enerji Elektrik Uretim A.S.,Wind,ACM0002 Grid-connected electricity generation from renewable sources,Large Scale,34490
BASMAKCI BIOGAS POWER PLANT PROJECT,Turkey,1424,Bioden Enerji UÃàretim San. Ve Tic. A.S.,Biogas - Electricity,AMS-I.C. Thermal energy production with or without electricity,Large Scale,182079
Chanju I Hydro Electric Project,India,1425,Climera Carbon Private Limited,"Small, Low - Impact Hydro",,Large Scale,144154
72 MWac Kamuthi Renewable Energy Project,India,1426,Infinite Environmental Solutions Limited,Solar Thermal - Electricity,ACM0002 Grid-connected electricity generation from renewable sources,Large Scale,106873
72 MWac Ramnad Solar Power Project,India,1427,Infinite Environmental Solutions Limited,Solar Thermal - Electricity,ACM0002 Grid-connected electricity generation from renewable sources,Large Scale,114663
GS1247 VPA 166 Southern Ethiopia Community Safe Water ,Ethiopia,1428,CO2balance UK ltd,Energy Efficiency - Domestic,,Micro Scale,10000
216 MWac Adani Green Energy (Tamilnadu) Solar Power Project,India,1429,Infinite Environmental Solutions Limited,Solar Thermal - Electricity,ACM0002 Grid-connected electricity generation from renewable sources,Large Scale,330952
252 MW Wind Energy Project by Green Infra Wind Energy Limited,India,1430,Sembcorp Green Infra Private Limited,Wind,,Large Scale,813641
Efficient Cookstoves in Burkina Faso (PoA),Burkina Faso,1431,Tiipaalga,Energy Efficiency - Domestic,,Micro Scale,0
GS1340 Efficient cookstoves in Burkina Faso - VPA-08 - tiipaalga F3PA cookstoves in Bam and Loroum,Burkina Faso,1432,Tiipaalga,Energy Efficiency - Domestic,,Micro Scale,8820
"GS1247 VPA 138 BioLite Improved Stove Programme, Uganda",Uganda,1434,Erik Wurster,Energy Efficiency - Domestic,GS TPDDTEC v 1.,Micro scale,5861
Solar Project by Parampujya Solar Energy Pvt. Ltd.,India,1435,Infinite Environmental Solutions Limited,Solar Thermal - Electricity,ACM0002 Grid-connected electricity generation from renewable sources,Large Scale,111176
50 MW (DCR) Nalgonda Solar PV Power Project by Parampujya Solar Energy at Telangana,India,1436,Infinite Environmental Solutions Limited,Solar Thermal - Electricity,ACM0002 Grid-connected electricity generation from renewable sources,Large Scale,86404
"50 MW Kurnool Solar PV Power Project by M/s Prayatna Developers Pvt. Ltd. at Gani, Kurnool, AP.",India,1437,Infinite Environmental Solutions Limited,Solar Thermal - Electricity,ACM0002 Grid-connected electricity generation from renewable sources,Large Scale,89549
"GS1247 VPA 158 Improved Kitchen Regimes: Kayonza District Borehole Project, Rwanda",Rwanda,1438,CO2balance UK ltd,Energy Efficiency - Domestic,GS TPDDTEC v 2.,Micro Scale,10000
GS1247 VPA 168 Southern Ethiopia Community Safe Water,Ethiopia,1439,CO2balance UK ltd,Energy Efficiency - Domestic,,Micro Scale,10000
GS1247 VPA 169 Southern Ethiopia Community Safe Water ,Ethiopia,1440,CO2balance UK ltd,Energy Efficiency - Domestic,,Micro Scale,10000
GS1247 VPA 170 Southern Ethiopia Community Safe Water ,Ethiopia,1441,CO2balance UK ltd,Energy Efficiency - Domestic,,Micro Scale,10000
"GS1247 VPA 157 Improved Kitchen Regimes: Kayonza District Borehole Project, Rwanda",Rwanda,1443,CO2balance UK ltd,Energy Efficiency - Domestic,GS TPDDTEC v 2.,Micro Scale,10000
"GS1247 VPA 152 Improved Kitchen Regimes: Gatsibo District Borehole Project, Rwanda",Rwanda,1444,Deactivated Projects,Energy Efficiency - Domestic,GS TPDDTEC v 1.,Micro scale,10000
"GS1247 VPA 153 Improved Kitchen Regimes: Gatsibo District Borehole Project, Rwanda",Rwanda,1445,Deactivated Projects,Energy Efficiency - Domestic,GS TPDDTEC v 1.,Micro scale,10000
"GS1247 VPA 154 Improved Kitchen Regimes: Gatsibo District Borehole Project, Rwanda",Rwanda,1446,Deactivated Projects,Energy Efficiency - Domestic,GS TPDDTEC v 2.,Micro scale,10000
GS1247 VPA 150 Southern Ethiopia Community Safe Water,Ethiopia,1447,CO2balance UK ltd,Energy Efficiency - Domestic,,Micro Scale,10000
GS1247 VPA 156 Southern Ethiopia Community Protected Springs,Ethiopia,1448,CO2balance UK ltd,Energy Efficiency - Domestic,,Micro Scale,10000
GS1247 VPA 149 Southern Ethiopia Community Safe Water,Ethiopia,1449,CO2balance UK ltd,Energy Efficiency - Domestic,,Micro Scale,10000
GS1247 VPA 172 Southern Ethiopia Efficient Cook Stoves ,Ethiopia,1450,CO2balance UK ltd,Energy Efficiency - Domestic,,Micro Scale,9698
"GS1247 VPA 151 Improved Kitchen Regimes: Gatsibo District Borehole Project, Rwanda",Rwanda,1451,Deactivated Projects,Energy Efficiency - Domestic,GS TPDDTEC v 1.,Micro scale,10000
Himalayan Oak Restoration Project ,India,1452,Value Network Ventures Pte. Ltd.,A/R,,Micro Scale,75517
"Conserving the Mulanje Mountains, Malawi - Saving forests and empowering mountain communities with improved cookstoves",Malawi,1453,Swiss Carbon Value Ltd.,Energy Efficiency - Domestic,Not provided,Small Scale,36344
21 MW Wind Energy Project by Shree Cement Limited,India,1454,EKI Energy Services Limited,Wind,ACM0002 Grid-connected electricity generation from renewable sources,Large Scale,45317
"400 MW Solar Power Project at Bhadla, Rajasthan",India,1455,Adani Green Energy Limited,Solar Thermal - Electricity,,Large Scale,694471
GS1247 VPA 122 Zoba Anseba Community Safe Water,Eritrea,1456,CO2balance UK ltd,Energy Efficiency - Domestic,,Micro Scale,10000
GS1247 VPA 126 Zoba Anseba Community Safe Water,Eritrea,1457,CO2balance UK ltd,Energy Efficiency - Domestic,,Micro Scale,10000
GS1247 VPA 165 Southern Ethiopia Community Safe Water,Ethiopia,1458,CO2balance UK ltd,Energy Efficiency - Domestic,,Micro Scale,10000
GS1247 VPA 171 Southern Ethiopia Community Safe Water,Ethiopia,1460,CO2balance UK ltd,Energy Efficiency - Domestic,,Micro Scale,10000
"GS1247 VPA 91 Improved Kitchen Regimes Multi-Country PoA - Dowa & Kasungu Boreholes, Malawi",Malawi,1465,CO2balance UK ltd,Energy Efficiency - Domestic,,Micro Scale,10000
"GS1247 VPA 92 Improved Kitchen Regimes Multi-Country PoA - Dowa & Kasungu Boreholes, Malawi",Malawi,1466,CO2balance UK ltd,Energy Efficiency - Domestic,,Micro Scale,10000
Accelerating Clean Cooking Solutions in Cambodia – VPA04 (GS 6746),Cambodia,1467,Nexus-Carbon for Development,Biogas - Heat,GS TPDDTEC v3.1,Small Scale,19776
Promoting Improved Cooking practices in Nigeria,Nigeria,1468,Toyola Energy Services Limited,Energy Efficiency - Domestic,GS TPDDTEC v3.1,Large Scale,604520
"Nepal Biogas Support Program - CPA 2: 19,927 digesters",Nepal,1469,Alternative Energy Promotion Centre,Biogas - Heat,AMS-I.E. Switch from Non-Renewable Biomass for Thermal Applications by the User,Small Scale,66236
"GS1247 VPA 94 Improved Kitchen Regimes Multi-Country PoA - Dowa & Kasungu Boreholes, Malawi",Malawi,1470,CO2balance UK ltd,Energy Efficiency - Domestic,,Micro Scale,10000
GS1729 Myanmar Stoves Campaign - Soneva in Myanmar - VPA No. 010,Myanmar,1471,Soneva Foundation,Energy Efficiency - Domestic,,Micro Scale,10000
"GS1247 VPA 95 Improved Kitchen Regimes Multi-Country PoA - Dowa & Kasungu Boreholes, Malawi",Malawi,1472,CO2balance UK ltd,Energy Efficiency - Domestic,,Micro Scale,10000
"GS1247 VPA 96 Improved Kitchen Regimes Multi-Country PoA - Dowa & Kasungu Boreholes, Malawi",Malawi,1473,CO2balance UK ltd,Energy Efficiency - Domestic,,Micro Scale,10000
"GS1247 VPA 98 Improved Kitchen Regimes Multi-Country PoA - Dowa Boreholes, Malawi",Malawi,1474,CO2balance UK ltd,Energy Efficiency - Domestic,GS TPDDTEC v 1.,Micro scale,10000
"GS1247 VPA 99 Improved Kitchen Regimes Multi-Country PoA - Kasungu Boreholes, Malawi",Malawi,1475,CO2balance UK ltd,Energy Efficiency - Domestic,GS TPDDTEC v 1.,Micro scale,10000
"GS1247 VPA 100 Improved Kitchen Regimes Multi-Country PoA - Kasungu Boreholes, Malawi",Malawi,1476,CO2balance UK ltd,Energy Efficiency - Domestic,GS TPDDTEC v 1.,Micro scale,10000
"GS1247 VPA 102 Improved Kitchen Regimes Multi-Country PoA - Kasungu Boreholes, Malawi",Malawi,1477,CO2balance UK ltd,Energy Efficiency - Domestic,GS TPDDTEC v 1.,Micro scale,10000
"GS1247 VPA 103 Improved Kitchen Regimes Multi-Country PoA - Kasungu Boreholes, Malawi",Malawi,1478,CO2balance UK ltd,Energy Efficiency - Domestic,GS TPDDTEC v 1.,Micro scale,10000
"GS1247 VPA 104 Improved Kitchen Regimes Multi-Country PoA - Kasungu Boreholes, Malawi",Malawi,1479,CO2balance UK ltd,Energy Efficiency - Domestic,GS TPDDTEC v 1.,Micro scale,10000
"GS1247 VPA 112 Improved Kitchen Regimes Multi-Country PoA - Dowa Boreholes, Malawi",Malawi,1480,CO2balance UK ltd,Energy Efficiency - Domestic,GS TPDDTEC v 1.,Micro scale,10000
"GS1247 VPA 113 Improved Kitchen Regimes Multi-Country PoA - Dowa Boreholes, Malawi",Malawi,1481,CO2balance UK ltd,Energy Efficiency - Domestic,GS TPDDTEC v 1.,Micro scale,10000
"GS1247 VPA 114 Improved Kitchen Regimes Multi-Country PoA - Dowa Boreholes, Malawi",Malawi,1482,CO2balance UK ltd,Energy Efficiency - Domestic,GS TPDDTEC v 1.,Micro scale,10000
"GS1247 VPA 116 Improved Kitchen Regimes Multi-Country PoA - Dowa Boreholes, Malawi",Malawi,1483,CO2balance UK ltd,Energy Efficiency - Domestic,GS TPDDTEC v 1.,Micro scale,10000
Accelerating Clean Cooking Solutions Cambodia VPA01,Cambodia,1484,Nexus-Carbon for Development,Energy Efficiency - Domestic,AMS-II.G. Energy Efficiency Measures in Thermal Applications of Non-Renewable Biomass,Small Scale,23640
GS1729 Myanmar Stoves Campaign - SLOW LIFE in Myanmar - VPA No. 001,Myanmar,1485,Deactivated Projects,Energy Efficiency - Domestic,GS MS Simplified Methodology for Efficient Cookstoves v1.,Microscale,9865
GS1729 Myanmar Stoves Campaign - Soneva in Myanmar - VPA No. 011,Myanmar,1486,Soneva Foundation,Energy Efficiency - Domestic,GS MS Simplified Methodology for Efficient Cookstoves v1.,Micro scale,10000
GS1729 Myanmar Stoves Campaign - Soneva in Myanmar - VPA No. 009,Myanmar,1487,Soneva Foundation,Energy Efficiency - Domestic,,Micro Scale,10000
"Nepal Biogas Support Program - CPA 1: 20,000 digesters",Nepal,1488,Alternative Energy Promotion Centre,Biogas - Heat,,Small Scale,61510
"Nepal Biogas Support Program - CPA 3: 19,959 digesters",Nepal,1489,Alternative Energy Promotion Centre,Biogas - Heat,AMS-I.E. Switch from Non-Renewable Biomass for Thermal Applications by the User,Small Scale,66329
"Nepal Biogas Support Program - CPA 4: 19,970 digesters",Nepal,1490,Alternative Energy Promotion Centre,Biogas - Heat,AMS-I.E. Switch from Non-Renewable Biomass for Thermal Applications by the User,Small Scale,66397
"Nepal Biogas Support Program - CPA 5: 19,842 digesters",Nepal,1491,Alternative Energy Promotion Centre,Biogas - Heat,AMS-I.E. Switch from Non-Renewable Biomass for Thermal Applications by the User,Small Scale,65883
"Nepal Biogas Support Program - CPA 6: 18,504 digesters",Nepal,1492,Alternative Energy Promotion Centre,Biogas - Heat,AMS-I.E. Switch from Non-Renewable Biomass for Thermal Applications by the User,Small Scale,61565
"Nepal Biogas Support Program - CPA 7: 18,392 digesters",Nepal,1493,Alternative Energy Promotion Centre,Biogas - Heat,AMS-I.E. Switch from Non-Renewable Biomass for Thermal Applications by the User,Small Scale,61191
GS1729 - Myanmar Stoves Campaign - Soneva in Myanmar - VPA No. 004,Myanmar,1494,QK TS Pvt. Ltd.,Energy Efficiency - Domestic,GS MS Simplified Methodology for Efficient Cookstoves v1.,Microscale,10000
GS1729 - Myanmar Stoves Campaign - Soneva in Myanmar - VPA No. 005,Myanmar,1495,Soneva Foundation,Energy Efficiency - Domestic,GS MS Simplified Methodology for Efficient Cookstoves v1.,Microscale,10000
GS1729 Myanmar Stoves Campaign - Soneva in Myanmar - VPA No. 007,Myanmar,1496,Soneva Foundation,Energy Efficiency - Domestic,GS MS Simplified Methodology for Efficient Cookstoves v1.,Micro scale,10000
GS1729 Myanmar Stoves Campaign - Soneva in Myanmar - VPA No. 008,Myanmar,1497,Soneva Foundation,Energy Efficiency - Domestic,GS MS Simplified Methodology for Efficient Cookstoves v1.,Micro scale,10000
Myanmar Stoves Campaign,Myanmar,1498,Soneva Foundation,Energy Efficiency - Domestic,,Micro Scale,0
GS1729 Myanmar Stoves Campaign - Stoves for Myanmar - VPA No. 003,Myanmar,1499,Soneva Foundation,Energy Efficiency - Domestic,GS MS Simplified Methodology for Efficient Cookstoves v1.,Microscale,10000
"GS1247 VPA 11 Improved Kitchen Regimes: Gatsibo District Borehole Project, Rwanda",Rwanda,1500,CO2balance UK ltd,Energy Efficiency - Domestic,GS TPDDTEC v 1.,Microscale,10000
"GS1247 VPA 19 Improved Kitchen Regimes: Gatsibo District Borehole Project, Rwanda",Rwanda,1501,CO2balance UK ltd,Energy Efficiency - Domestic,GS TPDDTEC v 1.,Microscale,10000
"GS1247 VPA 21 Improved Kitchen Regimes: Gatsibo District Borehole Project, Rwanda",Rwanda,1502,Deactivated Projects,Energy Efficiency - Domestic,GS TPDDTEC v 1.,Micro scale,10000
GS1247 VPA 41 Gatsibo District Boreholes (GS4202),Rwanda,1503,Deactivated Projects,Energy Efficiency - Domestic,GS TPDDTEC v 1.,Micro scale,10000
"GS1247 VPA 155 Improved Kitchen Regimes: Gatsibo District Borehole Project, Rwanda",Rwanda,1504,Deactivated Projects,Energy Efficiency - Domestic,GS TPDDTEC v 2.,Micro Scale,10000
GS5658 VPA 4: Resilience with Safe Drinking Water in Drought Prone Areas of Bale Zone in Oromia (Ethiopia),Ethiopia,1505,Carbonsink (Carbonsink Group S.r.l.),Energy Efficiency - Domestic,GS TPDDTEC v3.1,Micro scale,10000
GS1247 VPA 47 Eritrean District Boreholes,Eritrea,1506,CO2balance UK ltd,Energy Efficiency - Domestic,GS TPDDTEC v 1.,Micro scale,10000
GS1247 VPA 54 Eritrean District Boreholes,Eritrea,1507,CO2balance UK ltd,Energy Efficiency - Domestic,GS TPDDTEC v 1.,Micro scale,10000
GS1247 VPA 84 Zoba Maekel Community Boreholes,Eritrea,1508,CO2balance UK ltd,Energy Efficiency - Domestic,GS TPDDTEC v 1.,Micro scale,10000
Chumporn applied biogas technology for advanced waste water management,Thailand,1509,Deutsche Gesellschaft fuer Internationale Zusammenarbeit GmbH,Biogas - Heat,AMS-III.I. Avoidance of methane production in wastewater treatment through replacement of anaerobic systems by aerobic systems,Large scale,28133
"VPA 173 EcoZoom Improved Stove Programme, Uganda",Uganda,1510,"BioLite, Inc.",Energy Efficiency - Domestic,,Micro Scale,9998
GS5658 VPA 5: Resilience with Safe drinking water in Somali Regional State (Ethiopia),Ethiopia,1511,Carbonsink (Carbonsink Group S.r.l.),Energy Efficiency - Domestic,GS TPDDTEC v3.1,Micro scale,7747
GS5658 VPA 6: Resilience with safe drinking water in Afar Regional State (Ethiopia),Ethiopia,1512,Carbonsink (Carbonsink Group S.r.l.),Energy Efficiency - Domestic,GS TPDDTEC v3.1,Microscale,10000
"GS5658 VPA 7: Water is Life, Madagascar",Madagascar,1513,Madaprojects Srl SB,Energy Efficiency - Domestic,GS TPDDTEC v3.1,Micro Scale,10000
GS5658 VPA 8: The Community Safe Water (Madagascar),Madagascar,1514,Carbonsink (Carbonsink Group S.r.l.),Energy Efficiency - Domestic,GS TPDDTEC v3.1,Micro Scale,10000
"GS5658 VPA 9: Water is Life - Phase II, Madagascar",Madagascar,1515,Madaprojects Srl SB,Energy Efficiency - Domestic,GS TPDDTEC v3.1,Micro Scale,10000
"VPA 174 EcoZoom Improved Stove Programme, Uganda",Uganda,1516,"BioLite, Inc.",Energy Efficiency - Domestic,,Micro Scale,9998
"VPA 175 EcoZoom Improved Stove Programme, Uganda",Uganda,1517,"BioLite, Inc.",Energy Efficiency - Domestic,,Micro Scale,9998
GS1247 VPA 65 Zoba Debub Community Boreholes,Eritrea,1518,CO2balance UK ltd,Energy Efficiency - Domestic,GS TPDDTEC v 1.,Micro scale,10000
GS1247 VPA 69 Zoba Debub Community Boreholes,Eritrea,1519,CO2balance UK ltd,Energy Efficiency - Domestic,GS TPDDTEC v 1.,Micro scale,10000
GS1247 VPA 176 Zoba Debub Community Boreholes,Eritrea,1520,CO2balance UK ltd,Energy Efficiency - Domestic,GS TPDDTEC v 1.,Micro scale,10000
GS1247 VPA 177 Zoba Debub Community Boreholes,Eritrea,1521,CO2balance UK ltd,Energy Efficiency - Domestic,GS TPDDTEC v 1.,Micro scale,10000
GS1247 VPA 178 Zoba Debub Community Boreholes,Eritrea,1522,CO2balance UK ltd,Energy Efficiency - Domestic,GS TPDDTEC v 1.,Micro scale,10000
GS1247 VPA 179 Zoba Debub Community Boreholes,Eritrea,1523,CO2balance UK ltd,Energy Efficiency - Domestic,GS TPDDTEC v 1.,Micro scale,10000
GS1247 VPA 180 Zoba Debub Community Boreholes,Eritrea,1524,CO2balance UK ltd,Energy Efficiency - Domestic,GS TPDDTEC v 1.,Micro Scale,10000
GS1247 VPA 181 Zoba Debub Community Boreholes,Eritrea,1525,CO2balance UK ltd,Energy Efficiency - Domestic,GS TPDDTEC v 1.,Micro scale,10000
GS1247 VPA 182 Zoba Debub Community Boreholes,Eritrea,1526,CO2balance UK ltd,Energy Efficiency - Domestic,GS TPDDTEC v 1.,Micro scale,10000
GS1729 Myanmar Stoves Campaign - Soneva in Myanmar - VPA No. 012,Myanmar,1527,Soneva Foundation,Energy Efficiency - Domestic,GS MS Simplified Methodology for Efficient Cookstoves v1.,Micro scale,10000
Taspinar Wind Solar Hybrid Project,Turkey,1528,Galata Wind Enerji A.S.,Wind,,Large Scale,85592
Water for Climate Rwanda Project,Rwanda,1531,CO2logic,Energy Efficiency - Domestic,GS TPDDTEC v3.1,Large Scale,59480
GS5658 VPA 1: Borehole project “Ease Water Madagascar”,Madagascar,1533,Carbonsink (Carbonsink Group S.r.l.),Energy Efficiency - Domestic,GS TPDDTEC v3.1,Micro scale,9529
"GS1247 VPA 40 Improved Kitchen Regimes: Dissemination of improved stove in Zoba Anseba, Eritrea 2",Eritrea,1534,CO2balance UK ltd,Energy Efficiency - Domestic,GS TPDDTEC v3.1,Micro Scale,8706
Kardemir Bozyaka Wind Power Plant,Turkey,1536,Desilyon Consultancy Trade J.S.C.,Wind,ACM0002 Grid-connected electricity generation from renewable sources,Small Scale,34964
Ova Wind Power Plant,Turkey,1537,Desilyon Consultancy Trade J.S.C.,Wind,ACM0002 Grid-connected electricity generation from renewable sources,Small Scale,23299
PoA GS 973 - Ecological Christian Organisation (ECO) CPA 1 GS XXXX,Uganda,1538,Uganda Carbon Bureau,Energy Efficiency - Domestic,AMS-I.E. Switch from Non-Renewable Biomass for Thermal Applications by the User,Small Scale,43675
"GS2489 Efficient cookstoves in Benin and Togo – VPA3 – EcoBenin – Women, Soils and Energy",Benin,1539,CO2logic,Energy Efficiency - Domestic,GS MS Simplified Methodology for Efficient Cookstoves v1.,Micro Scale,8461
"GS2489 Efficient cookstoves in Benin and Togo – VPA4 – EcoBenin – Women, Soils and Energy",Benin,1540,CO2logic,Energy Efficiency - Domestic,GS MS Simplified Methodology for Efficient Cookstoves v1.,Micro Scale,8629
GS1247 VPA 184 Lango Safe Water Project,Uganda,1541,CO2balance UK ltd,Energy Efficiency - Domestic,GS TPDDTEC v 1.,Micro Scale,9978
GS1247 VPA 186 Lango Safe Water Project,Uganda,1542,CO2balance UK ltd,Energy Efficiency - Domestic,GS TPDDTEC v 1.,Micro Scale,9978
GS1247 VPA 187 Lango Safe Water Project,Uganda,1543,CO2balance UK ltd,Energy Efficiency - Domestic,GS TPDDTEC v 1.,Micro Scale,9839
